pairing_num,rand1,T1,T2,T3,T4,T5,T6,T7,T8,T9,T10,k1,k2,k3,k4,k5,k6,k7,k8,k9,k10,k11,k12,k13,k14,k15,k16,k17,k18,k19,k20
1,202813,295.01,296.54,250.68,249.89,252.62,250.55,201.85,204.23,147.39,146.45,6.084,3.492,5.211,7.209,2.709,4.626,2.529,4.383,1.017,1.899,7.731,0.927,2.412,1.575,0.855,3.024,3.042,0.945,3.771,2.457
2,8228343,295.01,296.54,247.53,251.41,246.67,254.52,202.17,200.76,147.54,148.71,6.561,1.377,8.163,8.379,1.89,3.555,3.15,7.677,1.854,2.754,4.311,0.009,1.368,2.052,1.935,2.862,0.504,2.502,7.605,2.826
3,8577249,295.01,296.54,250.91,250.41,246.36,249.64,202.22,203.47,146.24,145.74,2.529,3.366,5.508,7.56,0.225,3.492,2.223,6.786,2.979,1.872,2.961,3.483,0.576,2.169,0.063,0.702,3.438,1.539,2.88,1.287
4,2219390,295.01,296.54,246.58,250.6,249.76,249.97,201.73,204.03,153.77,146.59,3.87,1.773,7.128,8.172,1.458,0.621,0.756,6.057,1.602,6.516,7.083,3.996,1.008,0.513,2.88,0.306,0.891,2.556,2.448,5.418
5,5606185,295.01,296.54,249.39,252.54,248.12,252.6,202.28,200.74,146.69,149.54,5.751,1.44,6.534,7.578,1.089,5.706,0.963,4.059,2.547,7.191,4.428,1.494,1.8,0.27,0.828,2.529,1.395,2.862,2.52,2.295
6,8180516,295.01,296.54,245.72,247.34,252.62,254.47,196.35,201.54,150.33,149.03,2.646,2.907,7.794,7.839,0.963,3.519,1.242,5.535,2.457,2.754,7.272,1.422,3.312,2.943,2.547,3.222,2.943,0.063,6.408,0.9
7,7812010,295.01,296.54,250.26,251.57,251.92,249.48,201.49,201.78,149.12,149.3,3.24,2.484,8.469,7.893,2.7,3.879,3.51,6.165,2.556,6.075,4.995,3.42,0.207,0.297,2.916,2.034,0.936,1.404,3.015,2.043
8,1892409,295.01,296.54,249.85,246.06,252.07,254.35,198.43,203.65,152.09,148.49,3.915,1.359,6.363,8.883,2.376,1.449,2.223,7.362,0.981,6.876,5.193,2.646,1.863,2.331,1.458,0.369,3.492,3.249,5.022,3.501
9,4775466,295.01,296.54,246.01,253.37,251.94,250.96,203.51,203.47,151.0,145.27,8.82,2.556,8.82,7.974,3.501,3.906,3.132,1.296,3.537,8.082,2.961,3.177,0.738,1.566,1.962,1.836,0.639,3.033,6.282,6.354
10,86116,295.01,296.54,245.43,252.2,252.96,250.05,201.86,204.03,153.47,148.72,7.218,2.223,7.209,8.325,0.36,2.07,2.619,6.831,3.465,7.317,2.133,2.034,2.655,2.394,2.943,0.171,1.998,2.043,4.167,1.971
11,6056216,295.01,296.54,249.82,248.97,249.05,253.35,203.58,202.64,152.78,148.99,5.796,2.313,8.604,7.317,1.269,1.8,1.935,5.913,1.737,8.073,3.339,0.18,3.069,3.357,2.583,3.078,2.808,3.546,5.346,6.39
12,6140122,295.01,296.54,246.63,247.51,253.36,253.98,202.35,200.37,148.22,150.34,4.869,0.027,8.622,6.741,3.06,2.061,3.312,4.914,2.457,5.553,8.019,3.348,2.79,1.773,3.141,0.909,1.413,0.873,5.742,1.341
13,296456,295.01,296.54,250.99,252.04,247.63,254.81,202.57,200.2,148.61,149.96,4.428,1.98,7.92,8.55,0.477,3.285,1.656,2.421,2.871,2.376,6.975,1.512,1.602,2.349,1.638,1.476,1.845,1.629,5.193,3.879
14,7983904,295.01,296.54,246.1,251.76,251.62,249.29,198.22,202.27,149.59,148.34,5.373,3.213,5.544,8.928,2.07,5.742,0.603,6.354,3.159,4.923,3.807,1.593,0.63,1.782,0.594,2.754,1.125,2.241,3.438,5.715
15,2484794,295.01,296.54,250.57,252.11,252.17,253.66,199.4,200.38,147.48,148.03,3.906,3.114,7.434,5.598,3.546,6.12,2.547,5.193,2.97,6.939,1.098,0.639,2.871,0.756,1.602,2.322,1.359,1.674,4.653,4.563
16,1087545,295.01,296.54,251.19,246.92,251.14,253.12,199.44,202.95,148.86,145.52,3.69,1.143,6.831,5.562,0.99,5.391,3.15,4.401,2.025,4.041,5.382,1.26,2.997,0.837,3.456,3.465,0.468,1.584,5.67,4.356
17,9987177,295.01,296.54,247.88,250.99,251.01,252.31,196.5,202.67,151.59,147.95,5.994,1.683,5.787,8.145,2.061,5.688,3.492,2.961,2.997,2.502,4.635,0.738,1.215,1.413,2.61,2.079,0.594,3.033,6.651,4.752
18,8244541,295.01,296.54,246.36,253.14,252.08,250.28,198.57,204.55,149.05,145.71,5.607,3.267,7.623,7.461,3.384,4.104,0.477,4.752,0.81,8.928,7.947,1.953,1.179,1.89,1.089,2.466,0.162,1.341,6.984,0.099
19,707036,295.01,296.54,249.12,253.43,251.63,254.21,199.44,203.55,147.33,146.54,8.775,3.483,7.947,7.605,0.243,1.044,0.801,3.825,1.044,5.31,7.056,1.188,2.763,0.288,0.306,0.378,0.612,2.196,8.739,2.286
20,5121518,295.01,296.54,248.99,247.41,247.81,254.84,196.39,201.75,149.36,145.76,5.733,2.646,8.136,7.947,3.438,6.444,0.495,6.705,0.099,6.012,4.437,3.69,0.531,3.348,3.51,2.313,1.989,1.827,4.887,4.419
21,1137389,295.01,296.54,249.54,246.72,247.33,250.1,198.77,203.07,147.47,147.42,7.677,2.025,7.848,5.562,2.961,3.888,0.009,0.963,0.306,5.436,5.409,3.366,1.125,0.558,1.917,3.312,0.396,2.682,4.878,3.789
22,9634094,295.01,296.54,249.1,248.42,247.83,250.21,203.47,201.23,147.57,149.31,7.812,0.279,5.076,8.955,1.521,1.8,3.204,2.79,0.693,4.365,3.285,3.285,0.207,0.765,0.891,2.745,2.304,1.431,6.363,0.018
23,570627,295.01,296.54,247.39,247.14,249.68,253.81,200.12,202.53,153.32,148.34,6.939,1.062,5.472,6.921,0.135,5.049,1.224,1.485,0.486,4.509,3.285,3.789,1.404,2.223,2.142,1.341,2.691,2.997,7.497,5.553
24,9493246,295.01,296.54,247.35,252.79,247.91,249.49,202.45,203.42,148.62,147.75,2.862,3.231,8.091,6.786,2.223,0.81,0.513,3.834,2.394,6.381,5.697,0.225,2.016,1.305,1.08,1.242,2.34,3.276,8.424,5.805
25,8344793,295.01,296.54,247.68,247.95,252.57,254.26,200.0,200.28,149.75,145.8,6.813,1.098,6.246,7.479,2.52,0.873,3.213,5.364,1.998,8.352,5.85,2.943,1.557,1.215,2.817,1.818,0.117,1.368,4.815,5.409
26,8542527,295.01,296.54,246.8,252.4,248.7,249.52,197.09,202.61,150.76,150.16,5.247,0.522,8.388,7.785,1.287,2.169,1.089,2.115,1.539,7.263,6.093,1.737,2.376,2.151,0.423,1.53,1.962,0.072,8.577,2.259
27,2095370,295.01,296.54,250.99,248.59,250.84,252.76,199.99,204.1,151.02,145.36,4.581,0.594,6.327,7.533,1.773,5.202,0.801,6.498,1.377,6.066,2.025,1.242,0.621,0.081,1.818,1.836,3.456,0.153,8.181,2.844
28,8797917,295.01,296.54,248.79,247.31,246.14,254.27,201.4,201.5,146.31,147.1,7.542,2.097,7.524,8.298,3.051,4.833,0.351,1.422,0.162,5.211,5.85,2.412,3.33,0.063,3.546,1.44,2.187,2.187,8.568,0.819
29,3905566,295.01,296.54,248.2,248.72,249.62,251.67,199.35,201.56,151.18,148.08,2.7,0.018,7.515,6.093,2.871,3.699,0.396,6.705,0.243,2.439,3.591,1.584,3.186,0.846,0.18,1.521,0.117,2.619,4.41,2.835
30,3634943,295.01,296.54,248.64,248.84,251.38,253.55,203.65,203.43,151.72,149.38,6.507,2.421,7.137,6.264,1.656,3.888,2.025,3.924,1.971,6.462,4.275,2.43,1.854,3.177,2.178,0.486,3.546,3.186,6.552,4.878
31,3594543,295.01,296.54,246.95,250.01,250.01,253.49,199.78,204.41,149.9,146.42,6.102,0.072,8.928,8.901,0.009,3.762,0.0,4.392,0.0,5.22,4.716,0.531,0.0,0.0,0.0,0.0,0.0,0.0,6.525,3.627
32,7893585,295.01,296.54,248.06,246.73,248.85,251.46,198.53,201.37,150.46,145.87,4.824,0.054,8.208,7.236,3.393,1.341,2.844,6.363,1.26,6.714,2.655,2.097,3.321,1.233,0.756,1.917,1.296,2.016,7.218,3.438
33,6002712,295.01,296.54,249.9,248.46,246.57,253.72,199.53,201.55,153.44,149.7,7.524,1.278,5.553,6.786,2.664,6.057,2.565,2.556,3.501,6.948,5.571,3.852,3.573,2.214,2.43,0.504,0.54,0.738,4.473,1.494
34,7001241,295.01,296.54,250.22,250.07,250.4,249.84,197.07,204.32,151.2,150.24,4.698,2.151,7.992,6.129,0.657,3.483,0.297,7.947,1.755,2.007,4.203,1.359,1.782,1.494,2.223,3.204,3.123,1.269,7.353,2.736
35,8691171,295.01,296.54,249.66,246.06,252.87,251.85,196.78,201.71,150.77,145.98,4.896,1.845,8.874,6.894,0.369,0.846,1.647,7.146,1.233,3.177,5.778,3.663,0.945,1.962,1.44,0.909,0.171,2.205,8.361,1.431
36,6655644,295.01,296.54,248.71,246.6,246.53,251.75,196.22,203.82,151.77,147.55,6.768,2.16,5.301,6.273,0.027,3.213,1.404,1.719,0.918,3.492,7.821,1.332,2.178,0.549,2.268,0.738,1.845,1.512,7.596,1.206
37,2315903,295.01,296.54,245.7,251.15,250.63,254.54,201.22,203.82,146.08,148.63,5.841,1.89,5.274,8.244,2.34,2.061,2.943,5.886,2.493,3.177,2.205,0.675,1.476,2.286,3.393,3.051,1.278,0.999,2.781,5.22
38,1071601,295.01,296.54,248.49,247.17,249.35,253.95,197.13,202.36,146.64,148.16,7.434,2.853,6.021,6.723,3.447,6.894,3.033,7.686,0.117,2.025,1.827,3.249,1.638,3.357,0.063,0.774,3.321,2.79,4.23,2.385
39,390025,295.01,296.54,250.45,249.99,253.32,249.54,201.9,200.7,153.15,146.35,6.408,3.492,8.433,5.832,1.854,3.663,0.396,3.69,3.231,5.814,2.736,4.005,1.584,3.015,1.989,2.214,2.565,1.314,4.626,2.43
40,1515175,295.01,296.54,249.13,252.91,250.99,251.05,203.59,203.93,152.87,149.12,3.465,2.799,8.424,7.902,2.538,2.151,3.411,2.475,1.161,6.696,6.885,2.529,2.628,2.439,1.827,1.764,1.512,1.737,4.284,3.618
41,9271702,295.01,296.54,247.76,250.45,246.51,251.56,197.91,202.56,152.78,146.9,4.743,1.989,5.409,8.955,3.51,5.499,3.087,6.759,0.882,7.119,2.988,1.287,2.07,3.114,0.873,0.432,2.394,1.521,2.538,3.447
42,5971359,295.01,296.54,249.79,253.59,249.91,250.15,198.61,201.51,152.68,150.24,5.166,1.107,7.227,7.641,0.45,6.822,0.306,4.671,2.349,3.519,6.831,3.024,2.601,1.854,0.261,3.159,1.224,0.99,3.519,5.679
43,9891284,295.01,296.54,250.94,253.55,251.49,254.59,199.66,204.01,147.9,145.64,7.353,1.458,6.408,8.676,2.592,2.205,0.45,2.178,2.916,7.218,7.407,0.324,1.683,1.089,0.09,0.882,1.404,0.405,8.118,5.049
44,5950391,295.01,296.54,248.85,252.03,247.88,252.67,200.27,202.59,149.66,149.83,4.293,1.422,7.884,7.758,0.234,6.381,1.782,4.842,3.132,2.151,5.445,1.161,2.898,3.096,0.288,0.423,1.296,0.072,7.443,6.156
45,1194715,295.01,296.54,249.14,251.2,250.45,253.47,199.88,203.73,151.21,149.31,7.983,2.655,8.181,8.901,0.504,2.574,0.576,1.017,2.214,7.515,2.538,0.504,1.107,0.441,1.539,1.044,0.621,0.864,7.893,2.358
46,1565740,295.01,296.54,248.0,253.25,250.27,251.13,198.41,201.88,151.91,149.16,5.031,2.637,5.688,8.685,0.342,5.913,1.233,6.21,2.169,8.793,3.888,0.972,1.314,0.99,3.33,2.169,2.358,1.737,7.983,4.23
47,5149226,295.01,296.54,245.58,253.37,246.17,252.64,201.55,203.44,146.71,146.1,8.703,1.728,8.523,7.029,1.449,4.824,2.997,4.059,1.197,5.481,3.096,3.348,3.096,0.675,3.411,0.207,3.267,1.026,3.33,5.337
48,7673776,295.01,296.54,247.51,252.77,247.95,254.21,199.36,204.34,150.74,148.27,7.263,0.702,6.057,5.553,2.763,2.133,2.421,5.301,1.449,2.844,5.742,3.555,1.845,3.33,0.702,0.675,0.369,2.43,4.266,5.067
49,1497626,295.01,296.54,250.42,251.05,252.34,252.29,200.8,202.61,149.06,150.03,5.985,1.098,6.588,5.427,0.954,6.057,3.141,7.2,0.018,1.935,2.799,1.989,2.943,0.351,2.988,3.375,1.809,0.711,6.543,0.819
50,8287022,295.01,296.54,247.65,248.68,249.94,253.13,202.63,202.7,149.14,145.31,5.472,2.763,6.921,7.767,1.143,3.537,1.575,4.23,2.259,6.111,3.78,1.665,1.278,3.33,1.44,3.024,2.061,2.61,3.825,5.913
51,5981948,295.01,296.54,248.46,246.36,249.73,254.51,198.23,203.33,150.3,149.98,4.446,0.504,5.319,6.165,2.691,2.043,1.665,1.728,0.099,4.914,4.14,1.341,1.359,2.421,3.069,3.087,0.0,3.159,2.529,6.426
52,3141745,295.01,296.54,248.0,248.79,246.59,254.55,202.52,201.29,149.19,146.19,6.606,2.925,5.562,8.01,0.738,1.935,3.222,6.012,2.421,8.46,4.923,1.89,0.936,3.15,0.567,1.782,1.629,1.116,7.326,2.079
53,6237006,295.01,296.54,250.99,251.1,249.4,250.89,203.59,203.11,148.36,150.03,7.83,0.459,5.328,8.37,0.054,2.682,0.387,4.509,0.441,5.589,6.435,0.972,1.422,2.826,0.036,0.387,2.34,1.836,4.86,2.493
54,8786276,295.01,296.54,248.26,246.49,248.99,250.42,202.8,202.46,151.36,145.38,4.959,0.522,5.778,7.047,2.016,5.679,0.963,2.826,0.018,4.167,2.664,0.198,0.045,2.151,2.439,0.234,1.656,3.24,2.844,5.949
55,6813960,295.01,296.54,248.91,247.21,250.52,249.15,203.44,202.11,147.06,147.1,4.464,1.143,5.418,5.193,2.484,5.571,2.349,6.831,0.405,6.435,2.745,1.251,2.871,3.456,2.16,0.819,0.828,0.828,2.709,4.059
56,7406716,295.01,296.54,248.96,252.7,247.62,251.63,196.23,201.74,148.78,148.12,4.122,3.141,5.913,8.604,1.026,2.484,1.17,4.905,2.736,2.601,7.146,3.42,3.582,0.585,2.583,0.999,1.026,0.819,3.006,3.537
57,5566575,295.01,296.54,247.61,251.51,253.72,254.88,199.06,202.96,146.23,145.56,6.435,0.549,8.127,7.002,1.989,6.417,1.161,6.363,1.404,4.734,3.168,0.333,1.935,1.809,2.619,1.674,1.431,1.872,2.421,0.828
58,7171719,295.01,296.54,246.33,250.84,248.95,249.96,201.08,201.27,148.3,148.3,8.541,2.142,7.218,8.127,2.43,4.887,0.144,1.179,2.682,6.687,1.332,1.836,2.34,1.773,0.549,1.575,0.774,1.575,8.397,3.861
59,1492477,295.01,296.54,248.37,251.92,251.3,254.69,199.37,202.87,153.24,148.53,2.844,1.134,6.777,6.894,3.015,1.098,0.117,4.338,1.746,1.926,2.727,0.801,1.8,2.367,2.097,2.934,2.538,3.186,5.319,2.043
60,4675002,295.01,296.54,245.49,248.64,253.5,250.21,201.64,203.91,146.07,145.75,6.021,3.285,6.615,5.958,2.16,5.076,1.746,7.326,0.117,7.704,1.044,2.961,1.143,2.763,1.413,0.603,0.612,3.168,4.608,1.107
61,4485356,295.01,296.54,250.77,250.13,253.44,251.27,197.92,203.39,153.42,149.57,5.445,0.954,5.508,5.265,0.504,1.611,2.61,6.948,3.492,3.438,1.548,2.61,3.267,2.034,0.225,2.853,0.243,2.745,8.964,5.067
62,8393065,295.01,296.54,246.91,250.47,247.89,251.75,202.72,204.86,151.44,150.23,6.039,2.772,7.371,6.741,3.591,4.158,0.846,5.589,1.863,2.853,6.426,1.917,1.458,0.405,3.537,1.26,1.269,1.764,8.658,6.327
63,6040043,295.01,296.54,247.4,248.41,252.37,253.82,199.17,201.49,150.61,145.24,8.433,3.456,5.571,8.955,2.736,5.724,0.621,4.023,2.142,8.442,7.524,4.014,3.411,1.62,0.909,1.845,3.123,1.548,8.55,4.536
64,1396749,295.01,296.54,246.21,252.92,249.0,254.78,201.11,204.8,149.84,146.97,3.06,1.458,7.047,7.965,2.538,6.354,3.294,3.015,0.864,2.412,6.579,0.756,1.755,2.52,3.348,0.333,2.187,3.339,5.184,1.377
65,8113623,295.01,296.54,245.61,250.91,246.86,253.66,198.93,202.66,151.6,148.92,7.272,2.466,5.886,8.982,1.8,3.465,2.223,2.475,2.907,4.797,4.482,2.52,1.998,3.555,2.403,2.907,2.7,0.189,4.212,2.529
66,4150752,295.01,296.54,246.48,252.92,251.09,254.49,196.16,204.69,148.41,150.33,6.867,2.682,6.651,5.391,2.61,6.192,2.493,1.737,1.476,8.217,5.67,3.294,2.871,0.126,2.367,2.142,3.474,3.294,3.096,2.079
67,575834,295.01,296.54,245.75,249.11,248.41,252.64,202.16,202.3,149.34,146.79,4.554,0.117,8.748,6.282,1.656,2.61,3.285,2.655,2.943,4.284,4.788,3.627,2.25,0.27,1.593,1.08,1.143,3.402,4.698,4.68
68,1829200,295.01,296.54,246.63,246.64,252.16,253.13,198.27,200.32,146.72,145.12,4.842,1.332,5.31,8.109,2.493,0.666,0.378,6.993,1.773,7.947,5.058,1.008,0.459,1.206,0.963,2.52,0.801,1.008,5.985,6.732
69,2838114,295.01,296.54,247.28,247.03,246.17,250.74,198.62,202.11,150.15,149.27,3.015,3.195,6.246,8.208,0.846,4.698,3.042,5.202,2.979,3.798,3.312,0.324,2.061,1.566,1.368,2.322,3.402,0.117,6.012,0.009
70,3186992,295.01,296.54,249.63,253.51,253.45,254.56,201.08,203.57,150.7,145.9,6.552,1.998,5.463,8.946,2.673,6.3,2.412,7.083,3.123,8.712,3.312,3.798,2.592,3.33,2.007,2.862,3.303,1.656,3.861,4.536
71,9465295,295.01,296.54,248.72,250.01,247.52,253.86,200.72,200.64,147.81,145.6,8.955,1.521,5.454,5.499,1.575,2.124,1.494,2.25,3.447,4.05,4.761,3.222,2.781,1.341,3.393,0.513,1.89,1.575,7.146,1.224
72,4047539,295.01,296.54,247.53,251.61,251.28,254.96,200.93,204.82,152.58,147.37,5.139,0.981,7.137,7.272,0.315,2.619,2.304,6.39,1.665,2.565,5.319,4.05,2.493,2.016,0.261,1.062,1.278,3.051,6.903,1.08
73,9246341,295.01,296.54,246.65,246.14,249.06,252.15,199.24,200.98,150.75,147.25,7.785,2.142,5.256,8.82,2.34,2.187,2.844,1.548,2.583,5.229,4.77,3.312,2.763,1.908,2.52,1.692,1.494,0.297,8.271,1.998
74,4760154,295.01,296.54,245.17,250.08,250.37,250.86,199.65,203.6,152.65,148.13,6.669,0.495,8.586,8.721,1.314,7.029,2.655,5.346,2.664,2.682,6.777,1.008,3.339,2.493,0.243,2.511,2.133,0.198,7.686,4.068
75,6692048,295.01,296.54,245.73,249.44,246.63,253.68,197.97,204.32,149.37,148.26,6.453,1.332,6.669,8.928,1.116,5.22,0.99,2.088,1.818,6.984,4.725,0.189,0.315,2.313,3.348,1.413,0.945,2.601,3.042,6.336
76,1797377,295.01,296.54,246.73,248.05,253.61,250.04,198.8,203.91,151.92,145.59,6.039,2.736,7.803,5.922,1.872,0.369,0.756,6.345,0.216,5.544,2.529,3.348,0.252,2.988,0.711,2.547,1.62,1.737,3.231,4.203
77,803385,295.01,296.54,245.39,249.7,250.73,251.5,201.26,204.71,153.22,146.66,6.48,2.007,7.245,8.964,1.296,5.022,0.405,6.894,3.537,4.302,1.638,0.801,2.709,0.666,1.197,1.35,3.519,0.927,6.966,3.546
78,2305128,295.01,296.54,248.53,252.59,246.41,254.66,196.63,202.18,148.63,149.34,8.316,0.855,7.002,5.733,2.277,2.142,2.952,6.156,1.305,5.886,3.393,1.278,1.764,3.177,0.936,0.693,0.792,3.258,6.741,6.687
79,4102493,295.01,296.54,245.48,253.04,246.96,250.19,197.29,204.16,152.94,146.14,8.532,0.612,7.353,5.94,1.098,4.716,0.081,3.222,2.88,3.285,3.438,3.681,2.484,3.519,0.108,3.051,0.972,0.072,6.282,3.204
80,9656612,295.01,296.54,245.55,246.48,250.53,251.99,201.97,204.16,152.78,145.96,5.625,0.81,7.632,5.373,3.249,2.115,3.105,6.939,2.115,5.787,6.615,0.279,0.63,2.664,1.89,0.612,0.117,0.486,3.06,2.88
81,7461353,295.01,296.54,249.97,247.31,252.98,254.01,201.95,200.91,151.53,146.78,3.195,1.53,5.238,5.445,0.954,1.062,2.997,2.457,2.736,8.307,6.408,3.636,2.637,3.231,3.474,1.341,2.988,2.889,3.015,2.583
82,2573187,295.01,296.54,246.85,253.65,252.65,252.57,203.63,201.24,147.1,148.5,4.554,1.449,5.409,8.487,2.862,2.34,2.034,4.41,1.782,7.938,8.001,2.952,3.51,3.411,2.889,2.718,2.358,0.414,4.698,6.696
83,42513,295.01,296.54,250.38,248.76,248.57,253.28,196.2,200.58,152.03,148.89,3.438,0.288,6.075,5.571,1.557,1.413,0.63,1.071,2.079,5.265,1.692,2.25,2.178,3.177,2.61,3.42,2.475,2.583,3.051,6.318
84,4694790,295.01,296.54,247.86,252.22,249.01,250.32,197.39,200.57,152.24,150.28,8.352,0.936,7.596,8.118,3.168,3.978,0.693,7.119,1.836,2.124,1.188,2.439,1.395,0.495,2.718,2.232,2.754,1.989,7.848,4.194
85,4985440,295.01,296.54,251.19,249.22,247.77,249.32,196.92,204.56,149.11,149.49,6.579,1.089,6.984,5.454,0.054,0.252,0.396,4.779,1.296,2.268,1.296,0.639,1.413,2.745,3.384,1.323,3.537,2.889,2.79,3.474
86,2480339,295.01,296.54,245.88,246.39,250.33,252.33,196.72,201.67,146.37,147.23,8.325,0.378,8.163,6.903,0.756,0.216,2.844,1.062,2.988,4.347,5.04,0.495,3.231,1.917,1.107,1.503,3.195,1.521,7.929,4.41
87,437626,295.01,296.54,249.71,251.5,246.65,249.99,201.44,201.16,148.29,147.71,5.202,1.413,7.164,5.994,3.474,3.15,2.79,6.075,1.449,8.01,3.87,3.987,3.321,2.988,0.504,1.836,2.52,1.926,6.876,1.836
88,9023268,295.01,296.54,249.43,253.36,250.47,254.42,200.61,200.21,151.36,146.53,7.083,1.431,6.876,8.955,0.207,3.42,2.952,7.065,2.016,3.429,5.841,2.592,0.81,1.854,3.195,2.115,2.268,2.097,3.015,5.346
89,5893374,295.01,296.54,248.09,250.71,250.4,251.29,201.16,203.47,146.16,148.05,6.57,0.774,6.561,7.677,2.727,1.224,2.727,3.744,1.494,3.006,1.404,1.098,0.954,0.477,3.204,0.378,1.782,2.259,2.79,5.814
90,1269461,295.01,296.54,245.6,253.5,252.88,250.29,198.69,202.95,148.74,149.95,6.102,2.34,5.553,7.605,2.133,7.047,2.844,6.084,0.333,8.892,4.302,3.879,0.675,0.837,1.125,2.565,1.845,3.321,8.415,6.831
91,3294269,295.01,296.54,248.2,250.13,253.64,253.86,197.16,204.8,148.85,147.32,5.148,2.079,6.3,7.767,2.889,0.612,1.782,2.34,3.546,5.634,1.998,0.333,1.494,1.827,1.701,1.557,0.09,2.97,4.815,5.427
92,2199484,295.01,296.54,245.56,248.89,251.23,253.96,202.8,204.55,153.15,148.19,3.978,1.701,6.534,7.011,3.096,1.674,1.017,0.999,0.504,7.389,1.269,1.053,2.196,1.881,2.502,1.296,1.53,0.558,3.195,6.084
93,5892403,295.01,296.54,246.99,248.12,246.68,254.12,198.03,203.84,146.67,148.35,4.644,2.574,6.291,8.631,0.009,4.077,2.196,2.142,1.971,3.231,4.725,1.332,0.144,3.132,3.267,0.909,1.917,2.025,3.888,2.34
94,3257568,295.01,296.54,247.72,250.28,247.61,252.37,197.72,200.97,149.92,147.9,6.3,0.954,8.217,8.577,2.835,0.531,3.573,4.131,2.997,7.488,1.494,0.729,1.233,2.151,2.043,2.448,3.177,0.351,5.724,1.944
95,7554824,295.01,296.54,245.87,246.67,249.29,250.69,200.77,204.29,148.53,149.01,6.597,1.611,8.307,5.508,1.98,1.458,0.801,4.716,2.007,3.114,5.355,3.348,0.126,0.099,1.89,2.385,2.403,1.926,3.933,3.051
96,1854671,295.01,296.54,245.27,247.29,248.12,251.1,202.89,200.47,152.11,147.69,8.532,3.465,5.652,7.632,2.934,6.813,2.763,6.966,1.44,7.191,7.2,0.999,2.628,2.007,3.195,2.817,2.295,2.988,7.506,3.042
97,4651924,295.01,296.54,246.17,248.57,247.46,252.41,197.95,202.39,152.38,145.77,7.596,3.501,5.175,5.886,0.171,1.314,0.81,5.202,0.666,6.165,6.417,1.467,2.439,2.304,0.756,0.27,2.493,2.907,8.217,2.412
98,7928975,295.01,296.54,248.54,253.67,248.76,253.53,203.23,204.07,148.57,148.0,7.281,2.295,8.415,8.865,1.98,3.771,0.297,2.34,0.081,5.4,2.052,3.204,0.081,3.339,0.981,3.024,2.871,2.457,5.877,3.213
99,6870700,295.01,296.54,245.19,250.13,253.05,254.44,199.15,204.66,146.46,150.39,4.419,0.252,7.857,8.703,0.702,2.817,3.132,4.284,0.864,1.854,3.969,0.423,1.305,0.054,0.207,3.393,3.123,0.603,5.193,0.225
100,7062408,295.01,296.54,245.81,247.98,249.27,254.89,197.6,203.66,148.7,146.88,7.614,0.828,8.793,8.01,1.287,3.726,0.918,3.78,1.017,3.996,4.509,3.249,0.378,0.729,1.152,2.88,0.135,2.331,6.273,4.419
101,4615161,295.01,296.54,248.67,249.04,253.29,251.78,196.67,201.83,153.36,147.69,4.176,0.918,7.677,7.488,0.603,1.26,0.747,7.371,1.782,3.123,1.575,3.996,2.493,0.909,3.321,1.629,1.827,2.133,4.59,4.158
102,4131296,295.01,296.54,251.15,253.65,247.92,254.83,198.97,204.09,151.68,146.26,5.058,1.53,8.298,7.317,2.007,0.918,0.054,4.698,3.384,5.697,3.069,0.405,0.693,1.692,1.332,2.583,0.774,2.205,4.356,0.324
103,8771008,295.01,296.54,245.95,248.46,253.7,254.44,198.77,202.7,148.04,147.24,2.808,1.863,7.209,6.723,2.988,3.654,1.467,6.003,1.809,2.871,5.175,3.546,3.411,3.096,3.294,2.286,2.925,0.234,7.506,3.816
104,5345171,295.01,296.54,246.61,253.08,252.9,254.57,200.88,200.47,150.35,147.49,8.433,3.366,7.074,6.138,0.153,0.081,0.333,5.913,0.873,2.538,2.619,3.537,0.072,0.9,2.484,2.205,1.179,3.105,4.059,2.682
105,1041905,295.01,296.54,248.17,251.96,246.14,253.75,202.34,202.75,150.11,145.8,3.591,0.18,6.453,6.201,1.89,3.222,3.357,4.806,0.441,5.148,1.872,2.016,2.124,3.429,2.745,0.468,1.368,0.333,4.752,0.09
106,1653364,295.01,296.54,247.98,248.02,253.68,254.92,199.58,204.09,149.85,148.53,4.581,0.639,6.066,8.397,0.369,0.792,3.474,4.248,2.547,6.858,2.574,3.546,3.303,0.891,2.142,2.511,0.441,1.71,6.435,2.997
107,9928106,295.01,296.54,246.42,247.58,251.81,254.25,201.38,204.21,150.9,150.33,4.104,1.53,6.183,7.542,1.44,5.382,1.098,5.319,1.44,7.614,2.034,3.744,0.054,1.08,0.477,1.17,2.178,0.765,6.075,6.291
108,8503972,295.01,296.54,246.93,249.67,251.68,249.18,197.76,202.89,151.26,149.78,6.894,0.675,8.055,8.01,1.728,4.185,0.891,6.651,2.637,5.616,5.895,1.971,0.333,1.017,2.295,1.305,1.665,1.548,4.023,6.66
109,7907990,295.01,296.54,250.94,246.51,251.59,253.14,196.94,204.25,148.76,146.9,4.284,1.071,6.264,5.436,0.639,4.869,1.404,2.16,3.411,7.335,3.24,0.603,1.485,1.611,2.592,1.26,1.926,2.187,2.898,4.176
110,9012129,295.01,296.54,245.78,253.62,252.26,254.14,196.11,204.71,147.52,147.45,8.829,2.538,6.795,7.083,0.072,1.44,1.8,1.908,0.738,7.155,4.779,0.36,1.17,1.395,3.456,2.97,2.43,3.15,8.622,0.342
111,4513899,295.01,296.54,250.99,248.34,246.39,250.07,196.48,202.36,148.02,147.59,7.335,0.504,7.524,8.01,2.07,1.512,1.557,3.258,2.664,8.712,2.484,3.663,2.97,0.972,1.197,0.198,1.206,1.404,2.691,0.144
112,5137468,295.01,296.54,250.02,248.1,246.6,250.79,200.4,201.18,149.39,146.46,6.066,1.98,5.517,6.12,0.909,1.17,1.269,7.965,2.331,6.903,1.971,0.963,2.25,2.754,3.348,0.171,1.242,0.9,8.928,4.968
113,3038420,295.01,296.54,249.87,250.39,250.78,250.78,198.32,201.52,148.67,149.18,3.888,2.052,5.598,8.991,0.684,4.914,3.438,5.409,1.287,8.658,4.662,0.711,2.079,2.106,2.475,0.774,1.908,1.935,5.337,5.184
114,6308270,295.01,296.54,246.55,247.71,249.07,251.84,197.14,203.17,150.16,148.13,3.096,1.494,7.362,7.47,2.691,4.023,2.844,5.355,3.384,8.406,4.941,2.547,3.501,1.224,2.943,2.745,2.331,1.611,8.703,1.341
115,1833679,295.01,296.54,250.03,248.24,246.54,253.13,201.44,203.0,151.76,148.15,2.79,0.567,6.282,5.778,0.171,2.61,1.863,4.977,3.42,6.786,4.248,0.621,3.429,1.359,1.053,2.511,0.738,1.233,4.608,4.707
116,542299,295.01,296.54,249.99,249.96,253.44,251.51,201.18,201.4,151.43,146.47,3.051,2.466,7.317,6.345,3.159,0.207,1.323,6.48,2.349,5.112,5.985,3.852,2.169,0.036,2.907,3.339,3.411,0.675,3.924,0.819
117,378042,295.01,296.54,248.4,247.07,253.08,252.22,202.88,203.14,152.07,147.32,2.601,2.7,8.802,8.199,3.276,5.445,0.369,1.755,1.323,5.067,3.969,3.618,1.233,1.125,0.378,2.295,0.612,3.249,4.473,2.799
118,5540927,295.01,296.54,250.75,247.77,250.17,251.02,200.87,201.2,149.95,147.95,5.184,3.132,6.021,6.372,2.079,4.788,2.799,2.385,0.468,6.282,3.105,3.285,3.069,2.997,1.764,1.764,2.988,0.702,8.289,4.221
119,8277870,295.01,296.54,250.78,252.12,247.24,254.42,201.26,201.64,149.99,148.34,4.311,3.006,6.984,6.012,3.024,6.57,3.168,6.498,0.126,6.219,7.407,0.63,0.576,0.297,1.116,3.312,1.134,1.206,5.967,0.909
120,3441719,295.01,296.54,250.66,250.4,252.58,251.31,200.9,201.21,149.83,146.22,6.714,2.277,6.462,6.831,1.917,6.912,0.63,3.717,1.791,6.183,5.859,1.152,0.396,1.26,2.997,1.467,1.08,3.042,8.028,5.49
121,4538153,295.01,296.54,249.88,251.94,250.58,249.6,196.4,200.38,150.94,147.26,5.247,0.45,7.623,8.703,0.459,1.764,0.495,1.764,2.169,5.121,6.498,3.267,1.215,2.484,3.033,0.27,2.241,1.413,5.409,5.49
122,5731213,295.01,296.54,249.78,249.29,252.84,251.16,198.61,203.48,149.83,147.34,3.456,0.945,7.551,8.091,1.719,4.122,3.159,3.456,0.981,7.218,3.744,1.755,1.107,1.98,0.828,2.592,0.288,1.602,7.389,6.813
123,2121877,295.01,296.54,249.23,246.64,251.71,254.87,201.44,202.05,151.65,147.11,8.622,0.576,5.166,6.219,0.342,3.843,1.17,4.113,0.36,3.888,3.798,0.468,3.528,0.612,1.197,1.287,0.423,0.207,6.417,2.223
124,5968508,295.01,296.54,248.82,246.26,249.8,252.04,197.18,201.15,152.05,145.33,4.41,0.603,7.983,7.029,1.719,4.815,2.988,2.268,2.394,3.951,3.24,0.882,2.286,1.224,1.629,0.612,0.909,1.287,3.933,6.291
125,4830485,295.01,296.54,246.99,248.52,248.38,251.24,198.65,202.84,147.73,146.48,2.664,3.051,7.803,7.488,3.384,1.422,1.665,4.788,0.252,6.984,4.266,2.952,2.25,0.558,0.621,2.106,1.467,1.917,3.159,4.815
126,9821048,295.01,296.54,250.67,253.17,250.95,250.21,196.41,203.77,146.07,145.69,7.92,0.99,6.768,8.334,1.647,3.312,2.592,6.507,2.646,6.48,3.897,0.819,0.09,2.421,0.738,3.06,2.277,3.213,4.176,6.696
127,5693509,295.01,296.54,248.53,252.17,252.01,254.56,199.5,201.51,152.23,149.01,7.362,0.873,8.505,7.101,0.306,6.543,1.8,1.962,1.701,2.439,4.311,3.168,2.232,1.233,0.936,0.747,2.889,3.105,2.457,2.124
128,9088622,295.01,296.54,246.08,247.15,247.23,251.8,198.72,202.35,149.93,148.03,8.478,2.34,6.093,5.778,0.18,6.867,1.971,2.664,0.972,5.4,3.204,3.573,1.575,0.225,2.619,2.448,1.53,2.925,2.637,1.683
129,2396079,295.01,296.54,247.03,251.77,252.6,249.88,199.38,202.61,149.89,147.32,7.785,1.782,5.544,8.208,0.063,2.619,2.133,2.547,1.125,3.735,1.881,3.348,1.989,3.366,3.051,2.52,2.853,0.954,7.92,5.184
130,8674030,295.01,296.54,246.95,248.87,250.46,252.44,202.39,204.79,153.38,147.63,8.739,1.908,8.028,8.352,2.367,5.409,1.35,3.852,2.232,2.646,8.019,3.699,2.745,2.124,2.259,2.466,3.024,3.06,5.652,1.089
131,7864751,295.01,296.54,249.56,246.89,250.46,252.44,198.24,204.18,149.45,148.28,3.636,2.565,5.589,5.706,0.819,6.507,0.531,6.165,0.873,2.322,6.705,2.259,0.0,2.007,2.331,1.161,1.035,2.763,8.703,0.495
132,418276,295.01,296.54,249.56,253.41,248.05,253.12,197.01,203.67,147.59,149.61,4.41,2.934,8.55,7.803,1.53,4.788,2.988,1.647,0.117,8.721,1.809,1.683,0.711,3.033,2.826,1.854,0.972,0.243,6.66,6.057
133,1298301,295.01,296.54,248.8,247.85,249.06,252.77,202.2,200.4,153.49,146.18,3.429,2.232,7.893,6.381,0.954,0.414,3.474,4.176,3.159,1.989,4.662,3.681,2.88,1.287,2.106,2.979,1.377,3.231,5.004,6.354
134,4427749,295.01,296.54,245.28,251.8,246.37,251.2,197.36,200.75,153.46,146.56,8.919,0.738,7.191,8.568,3.195,6.075,0.234,7.02,1.962,7.884,4.491,3.447,1.134,1.8,2.871,2.538,2.853,2.583,5.715,6.426
135,1148013,295.01,296.54,246.74,247.69,253.71,250.01,201.99,203.78,146.48,145.25,6.093,1.719,5.373,5.958,3.294,3.663,3.114,5.013,1.152,5.058,3.879,1.26,1.35,2.169,3.357,2.952,0.675,0.531,4.203,5.49
136,4008967,295.01,296.54,247.47,249.7,253.26,250.55,202.05,204.19,149.35,148.41,7.497,2.934,6.057,6.831,3.015,5.742,0.459,1.368,3.294,2.295,3.348,3.951,2.124,1.683,1.368,1.746,1.89,2.16,3.753,0.765
137,5766216,295.01,296.54,249.83,247.4,246.61,251.41,202.42,202.46,148.19,147.68,2.799,1.197,5.796,6.921,1.863,5.418,3.213,6.903,0.567,4.905,6.597,1.287,1.611,0.36,1.854,0.729,0.504,3.384,2.961,0.909
138,2425757,295.01,296.54,251.14,250.94,253.5,253.15,198.99,203.03,151.62,147.34,5.103,0.54,7.002,5.373,0.594,4.707,2.52,7.848,3.24,5.166,6.966,1.26,3.528,3.015,1.287,1.071,2.925,0.324,6.264,4.599
139,3316391,295.01,296.54,248.97,250.38,247.05,253.09,197.27,203.5,148.71,145.18,2.889,1.809,6.075,8.568,2.007,3.906,1.827,6.867,2.889,4.428,3.447,2.619,0.594,1.485,1.899,2.34,2.115,3.384,5.445,6.282
140,3165021,295.01,296.54,247.29,253.4,249.5,249.41,199.76,200.69,149.53,146.1,6.282,0.522,5.967,8.064,2.754,5.85,3.564,5.985,0.414,8.307,6.084,2.115,2.475,2.691,3.546,1.242,0.144,0.657,7.371,2.097
141,6486864,295.01,296.54,247.69,251.38,251.64,251.41,196.32,202.7,152.9,149.62,3.429,1.575,5.184,8.874,2.943,0.081,0.612,6.102,2.241,8.739,8.073,2.772,2.79,1.08,0.432,2.556,1.71,2.61,3.051,0.495
142,5320062,295.01,296.54,247.75,247.52,249.19,254.79,203.4,201.01,148.82,148.4,5.805,3.402,7.488,6.102,1.809,6.957,2.862,6.435,2.358,2.061,6.723,2.763,3.564,2.52,1.953,0.279,0.063,2.88,5.976,4.806
143,4684704,295.01,296.54,246.79,249.97,246.08,253.62,201.82,203.93,146.57,149.27,4.662,2.646,7.002,7.38,2.385,0.9,2.403,5.238,0.126,3.447,6.309,2.538,2.151,2.313,0.9,2.835,1.548,2.502,6.813,6.426
144,4220695,295.01,296.54,249.89,246.68,250.75,249.58,199.99,201.6,151.83,147.43,3.663,2.628,7.101,5.607,3.51,5.265,1.377,6.381,2.979,8.271,5.589,1.224,1.917,1.026,2.808,0.549,2.295,2.736,5.778,4.212
145,4798778,295.01,296.54,248.1,248.85,247.6,254.15,199.99,201.62,149.88,145.37,4.275,2.304,6.174,5.598,1.251,5.688,2.169,5.742,2.691,3.303,2.619,0.558,0.693,1.539,2.142,1.332,0.756,3.231,7.416,0.594
146,6172161,295.01,296.54,248.56,250.83,253.84,254.68,196.42,201.25,152.2,145.31,3.519,2.151,5.607,5.526,2.25,0.648,0.423,3.771,2.421,6.768,3.951,1.818,2.016,0.936,0.072,0.243,1.026,1.521,3.474,0.234
147,7419168,295.01,296.54,250.97,250.65,249.33,251.91,197.56,202.79,153.21,147.13,3.6,1.422,7.29,8.406,3.168,5.292,3.258,4.455,1.818,7.893,5.571,2.07,1.791,0.261,1.035,2.772,1.476,1.062,4.068,0.522
148,5155378,295.01,296.54,248.79,247.14,253.47,254.31,200.74,201.38,148.74,150.17,7.344,2.511,5.562,7.956,0.405,3.6,0.288,2.907,0.513,6.993,2.376,2.376,1.998,0.567,3.186,0.495,2.277,2.79,4.212,2.844
149,5359810,295.01,296.54,247.35,249.15,246.36,250.12,197.55,201.69,153.45,145.8,3.384,0.999,5.49,6.606,0.711,0.153,1.251,1.98,1.665,5.481,6.894,1.782,0.396,0.342,3.186,2.043,2.979,2.736,8.874,1.89
150,2613745,295.01,296.54,247.47,253.42,253.47,249.95,199.32,201.13,153.95,148.22,3.762,1.584,8.577,7.056,0.783,3.834,0.018,6.39,2.61,6.984,3.816,0.162,2.862,1.197,0.864,1.872,3.105,3.438,7.164,5.688
151,6651621,295.01,296.54,249.59,253.46,250.71,253.79,198.58,203.24,153.54,146.3,5.58,0.018,6.129,7.983,0.369,6.687,3.159,3.735,2.808,6.714,1.62,1.755,2.331,2.061,0.774,1.737,1.611,2.043,7.245,4.023
152,8354913,295.01,296.54,249.74,253.66,251.4,254.7,202.51,201.82,152.92,146.33,6.003,0.729,7.92,8.244,1.251,1.323,1.404,5.787,0.117,3.717,4.689,3.276,2.673,3.087,0.315,0.531,2.799,0.522,3.528,2.817
153,8608438,295.01,296.54,250.11,253.89,252.91,250.04,201.38,201.94,153.94,145.29,5.895,2.871,7.227,5.958,3.06,0.279,1.494,4.995,2.619,5.733,5.598,3.249,2.781,2.781,3.528,1.071,3.438,2.538,5.715,2.988
154,6163333,295.01,296.54,250.13,253.13,251.69,249.89,203.34,202.29,146.97,146.36,5.553,2.538,8.037,7.938,2.169,3.402,2.259,6.993,2.637,2.106,1.566,2.223,0.081,3.447,0.846,1.476,0.855,0.747,3.555,1.557
155,8488814,295.01,296.54,248.91,252.26,248.66,252.63,197.23,201.23,146.22,148.97,8.883,2.952,7.2,8.334,1.188,2.151,2.934,0.855,0.828,7.947,8.118,0.558,1.629,1.449,1.395,0.513,2.772,3.051,5.706,1.107
156,5153632,295.01,296.54,250.74,252.54,252.84,252.87,199.83,203.58,153.44,147.35,5.337,3.438,5.562,8.244,1.755,1.116,1.143,2.115,2.997,6.525,6.399,2.646,1.269,0.45,1.989,1.467,0.198,0.972,2.646,7.047
157,622435,295.01,296.54,248.75,251.78,249.9,254.44,199.12,201.96,152.47,147.33,7.839,0.648,7.83,6.03,2.538,6.948,0.99,6.156,1.242,3.771,2.16,1.845,1.341,2.43,3.33,1.764,1.548,3.069,6.948,4.689
158,553252,295.01,296.54,247.39,246.08,248.47,254.74,203.45,204.23,153.46,148.26,7.128,2.628,5.616,7.119,3.555,3.627,2.349,6.228,2.304,2.934,6.561,0.936,1.998,2.241,0.657,2.061,2.214,0.603,6.129,5.247
159,5587331,295.01,296.54,248.82,249.67,250.63,254.81,203.4,200.98,150.73,149.07,6.867,1.134,5.697,6.516,2.43,1.026,2.088,5.796,1.017,5.58,5.67,0.36,0.207,1.143,0.666,2.529,1.791,2.844,7.011,1.359
160,942513,295.01,296.54,248.39,250.4,252.35,251.36,197.12,202.7,149.12,150.23,3.528,2.223,8.19,5.391,0.981,1.476,0.72,5.238,1.755,1.863,5.751,1.161,0.306,0.783,1.431,0.252,3.276,1.638,7.47,5.355
161,7846665,295.01,296.54,249.64,249.86,250.83,251.11,199.54,200.62,147.56,148.76,7.389,3.24,8.541,5.319,1.08,3.384,0.819,3.609,0.225,2.655,1.98,2.214,3.123,3.564,1.971,3.348,0.369,1.755,7.452,6.561
162,4394863,295.01,296.54,251.17,249.61,247.68,251.28,200.23,201.44,153.37,149.39,7.443,0.801,7.848,6.345,2.394,2.511,3.186,5.283,2.358,2.394,2.43,0.837,3.105,0.297,0.045,1.152,1.62,1.674,6.894,0.18
163,8591979,295.01,296.54,247.92,248.5,246.65,254.21,196.89,201.19,149.6,150.31,7.74,2.448,8.136,5.436,2.907,3.933,2.214,6.327,0.603,6.12,2.592,1.773,0.756,0.945,3.231,1.035,1.494,0.324,7.344,6.237
164,7265441,295.01,296.54,248.28,251.45,247.89,251.23,197.16,204.84,150.97,146.17,8.721,2.592,6.822,8.28,0.324,6.102,1.8,5.382,0.468,6.984,7.821,1.026,3.537,2.232,0.0,3.114,2.673,1.746,7.461,0.477
165,7270111,295.01,296.54,248.75,251.86,248.64,252.4,202.86,200.4,146.03,148.01,7.902,2.061,6.993,6.831,2.547,2.268,1.08,4.284,2.529,8.685,4.338,2.916,2.268,1.377,1.026,0.243,1.107,0.198,2.664,5.805
166,5161552,295.01,296.54,248.62,247.59,249.49,252.37,201.12,200.63,146.92,146.55,7.128,0.936,5.841,8.001,1.017,4.023,0.801,3.492,2.52,6.543,2.295,1.278,1.17,1.728,1.161,0.297,0.18,2.565,4.986,4.698
167,5688281,295.01,296.54,250.83,251.27,252.3,253.72,200.02,203.59,153.64,146.07,7.92,2.043,8.226,5.265,2.448,6.615,1.719,6.741,2.007,7.155,2.727,0.738,0.216,0.189,3.42,1.458,2.871,0.756,4.419,1.953
168,4397919,295.01,296.54,247.46,246.3,249.18,254.76,202.89,201.03,150.95,145.82,6.516,1.566,6.543,8.604,3.042,3.996,3.123,4.644,0.468,8.577,6.786,3.789,2.547,0.027,2.502,3.267,2.772,1.521,7.119,0.81
169,580395,295.01,296.54,246.76,246.17,251.29,254.71,197.0,202.79,150.97,149.38,3.186,2.628,7.902,7.596,2.07,6.39,3.033,6.813,2.988,5.355,1.548,3.978,1.899,3.213,1.917,3.051,2.061,2.97,4.635,4.428
170,5090364,295.01,296.54,248.12,250.87,253.34,250.82,196.7,202.67,148.38,146.14,7.02,0.774,8.928,6.327,2.808,6.291,2.403,0.855,3.528,3.78,7.56,1.818,2.844,2.511,2.376,0.585,2.205,2.907,5.76,4.995
171,3109561,295.01,296.54,249.05,251.36,250.27,253.82,202.96,201.95,149.53,148.62,6.597,1.728,5.778,7.083,2.367,4.275,1.593,7.056,3.312,6.489,7.623,0.675,1.431,0.702,1.368,2.7,1.116,2.538,4.428,0.909
172,3364799,295.01,296.54,245.35,253.04,247.95,252.53,198.55,201.59,150.09,150.31,7.686,2.943,7.029,6.552,0.108,3.051,1.692,6.651,0.333,8.01,2.223,4.023,1.575,0.288,0.999,1.476,3.357,3.501,4.005,6.633
173,6076609,295.01,296.54,248.93,247.46,249.44,254.32,196.29,200.82,152.01,145.23,2.907,0.045,5.688,5.292,0.999,0.594,1.755,4.329,2.295,7.641,7.668,3.456,2.52,0.882,2.412,1.467,1.719,0.072,3.771,0.549
174,1003965,295.01,296.54,247.2,249.51,250.69,254.02,200.04,204.36,147.81,149.41,8.829,3.51,6.921,6.84,2.421,6.291,1.926,7.785,1.422,6.561,5.715,0.234,2.034,1.701,2.862,3.078,0.009,1.773,2.709,4.662
175,398693,295.01,296.54,251.24,250.61,246.59,252.5,203.89,202.45,152.44,149.37,4.185,2.232,5.913,6.552,0.81,0.063,1.089,0.954,0.081,4.158,1.8,0.243,0.945,0.666,0.351,3.384,1.485,2.898,7.731,5.517
176,5579885,295.01,296.54,250.89,246.36,250.14,249.19,198.78,203.78,149.34,148.0,4.779,0.567,8.415,5.868,0.333,1.782,1.107,5.427,0.585,4.995,2.007,1.836,3.24,1.701,2.772,1.638,0.45,2.781,5.859,3.312
177,3422554,295.01,296.54,246.33,247.98,247.82,253.65,203.2,204.28,152.36,150.06,7.731,1.98,5.256,7.335,0.207,4.779,1.818,2.736,3.366,4.482,1.575,3.501,0.873,0.081,1.548,0.099,0.711,1.134,5.472,2.988
178,2370889,295.01,296.54,248.46,246.9,252.78,254.19,200.49,202.22,153.4,148.94,7.155,3.438,7.425,5.787,2.493,3.15,2.052,2.439,0.738,4.707,5.211,2.745,1.368,2.457,3.384,1.404,3.285,1.656,3.411,4.698
179,8975019,295.01,296.54,249.58,252.6,246.52,253.46,197.78,204.71,153.65,150.12,5.841,2.682,7.497,6.255,2.034,3.402,0.873,3.978,3.438,2.106,2.079,0.639,0.594,1.863,3.321,1.359,2.871,2.232,4.761,6.993
180,791670,295.01,296.54,249.75,250.15,251.08,251.9,199.24,201.51,150.38,148.59,5.382,0.081,8.694,5.346,1.188,2.547,2.988,4.842,0.027,2.277,4.104,1.494,1.422,3.078,1.395,0.387,0.729,2.196,2.664,6.561
181,6459239,295.01,296.54,246.52,249.59,252.28,252.66,199.52,203.56,149.77,147.73,2.727,1.809,5.589,5.778,2.583,0.261,2.682,2.214,1.476,8.424,5.031,0.09,0.864,0.216,2.205,2.592,0.099,3.078,8.631,3.159
182,1836328,295.01,296.54,251.03,247.71,250.32,254.46,196.24,203.55,149.85,150.1,3.033,2.088,5.751,5.247,0.981,2.412,0.936,0.855,1.503,5.895,7.866,2.187,2.763,2.295,1.791,1.08,0.81,1.566,3.681,3.177
183,5895224,295.01,296.54,245.05,253.92,247.89,252.91,197.86,202.15,149.25,147.22,4.455,2.385,5.22,7.002,0.423,5.067,0.702,1.071,0.522,4.554,6.057,2.529,0.81,0.927,1.098,0.882,0.882,1.17,5.4,0.396
184,7966420,295.01,296.54,247.89,248.79,252.7,252.58,197.78,203.77,151.29,146.12,6.381,1.494,7.947,7.146,3.024,4.464,3.51,3.348,2.502,7.434,6.408,3.447,2.745,2.961,0.126,0.261,3.177,0.297,6.723,3.942
185,9838713,295.01,296.54,248.2,252.33,246.22,253.72,198.91,202.66,152.91,149.67,6.867,1.863,6.705,6.588,3.474,5.931,1.782,5.958,3.51,5.949,3.456,2.745,2.493,0.468,1.584,0.837,1.998,3.195,6.588,0.72
186,4127130,295.01,296.54,246.69,253.37,249.16,252.11,201.54,201.46,152.79,147.58,3.303,1.71,8.388,8.469,1.323,4.581,3.267,5.994,3.105,7.731,1.791,0.018,2.493,2.862,2.079,0.072,0.936,3.384,7.497,2.871
187,4249613,295.01,296.54,249.12,250.76,250.33,250.63,199.92,201.2,149.52,149.53,4.293,0.693,5.22,7.74,3.492,5.274,2.844,6.408,1.845,5.04,3.762,1.044,2.34,3.519,2.079,1.413,2.106,3.267,4.446,4.572
188,8687642,295.01,296.54,247.24,249.75,252.41,251.75,199.04,201.72,151.93,148.19,7.398,3.339,8.667,7.875,2.583,5.931,2.466,4.662,3.474,7.794,8.082,2.385,2.538,1.35,0.999,0.153,2.052,1.107,6.768,3.15
189,676114,295.01,296.54,246.06,248.04,246.76,249.19,201.74,200.56,150.08,147.89,7.2,3.564,7.335,6.282,0.423,0.621,2.907,5.67,0.819,2.601,5.796,2.061,0.108,1.278,2.952,0.054,2.403,2.025,6.03,6.246
190,8584323,295.01,296.54,251.29,250.31,246.36,252.7,202.38,202.66,151.1,145.53,8.19,0.81,8.577,8.685,2.601,5.166,1.863,7.299,0.153,2.916,2.745,0.018,3.312,2.493,3.483,2.988,1.971,0.936,2.7,6.759
191,6556793,295.01,296.54,246.06,251.7,247.76,251.0,201.38,204.83,149.75,150.36,5.904,1.089,7.218,8.415,0.09,6.264,2.304,4.653,0.81,5.58,4.14,1.359,1.395,1.755,0.549,1.071,1.962,3.114,8.469,1.341
192,3243339,295.01,296.54,247.45,246.22,253.08,254.29,198.69,200.64,149.4,146.35,8.091,2.691,5.481,7.218,1.305,1.818,1.404,2.124,2.664,5.859,1.116,0.612,0.738,2.295,2.592,3.177,1.323,3.438,3.555,4.644
193,4081355,295.01,296.54,245.28,250.66,253.92,249.95,198.71,202.27,152.53,146.86,6.192,2.691,6.444,8.73,0.558,4.788,1.188,4.437,1.962,3.141,5.859,3.483,2.691,2.997,0.135,3.087,2.403,2.997,2.655,5.751
194,6071454,295.01,296.54,248.99,249.06,252.55,253.65,203.86,202.32,148.44,150.35,5.553,1.944,7.38,8.694,1.53,4.437,1.404,3.375,2.232,2.079,3.987,2.169,0.396,3.537,2.385,2.844,3.393,1.962,6.876,0.504
195,5164810,295.01,296.54,248.07,252.29,250.91,254.4,200.45,202.95,151.52,149.65,7.128,2.142,8.793,8.073,2.241,3.087,0.675,1.125,1.647,8.082,5.607,3.564,0.801,0.279,2.925,3.438,3.366,0.783,5.652,3.015
196,7493872,295.01,296.54,250.7,246.37,246.51,249.18,203.22,203.44,153.23,150.15,5.004,0.738,6.327,7.866,0.0,2.997,1.98,2.124,0.864,7.713,4.59,3.357,1.728,3.051,1.701,2.277,0.819,0.414,7.101,3.96
197,4190982,295.01,296.54,246.13,252.22,251.51,251.29,201.33,203.03,148.69,149.01,3.132,0.684,6.759,7.983,2.916,4.743,1.827,4.842,1.377,2.241,7.047,2.547,0.468,2.745,3.042,1.476,1.368,1.845,4.869,0.981
198,835371,295.01,296.54,246.58,246.98,253.9,254.48,198.41,200.84,148.96,146.62,4.716,1.557,7.218,7.596,0.72,6.336,3.186,0.936,3.258,1.872,7.002,3.132,1.917,0.45,3.258,1.512,1.935,1.035,8.01,5.463
199,6608268,295.01,296.54,246.28,247.56,248.34,251.7,196.1,204.56,148.9,149.1,2.7,0.297,6.345,8.118,2.43,0.711,2.988,2.403,1.737,4.671,5.112,3.411,0.333,0.666,2.556,2.925,1.854,1.485,3.951,1.647
200,5627864,295.01,296.54,249.06,248.25,247.47,253.6,201.61,203.61,151.72,146.51,8.424,1.584,6.804,8.82,0.936,2.142,1.593,3.078,2.97,2.601,2.988,2.079,1.368,0.279,1.989,0.981,2.043,1.926,4.158,3.258
201,7567140,295.01,296.54,246.93,251.54,249.03,250.9,201.34,202.55,152.79,146.05,7.092,1.161,8.604,7.974,2.358,6.426,1.233,1.872,2.286,2.736,2.034,3.897,3.195,0.18,3.438,1.053,2.844,0.81,6.678,0.891
202,6842779,295.01,296.54,250.87,252.02,250.96,253.86,201.99,201.71,146.68,145.95,2.826,3.303,5.463,8.307,2.322,2.475,2.637,7.173,0.792,3.303,5.067,3.591,2.592,3.42,2.592,1.782,1.449,0.18,5.922,4.851
203,2518492,295.01,296.54,247.65,249.83,248.28,253.95,197.27,201.26,152.24,147.41,4.842,2.043,7.56,7.191,3.573,3.483,2.007,0.873,1.782,8.874,6.822,3.375,1.854,1.854,1.278,0.954,2.205,1.332,8.253,2.844
204,4087031,295.01,296.54,245.45,251.05,250.98,251.45,197.92,204.83,151.99,145.16,8.847,3.06,6.831,7.506,0.324,3.231,2.286,4.365,2.187,7.452,1.017,3.555,3.123,1.035,1.242,1.287,0.369,0.171,2.79,4.212
205,6133302,295.01,296.54,245.08,250.4,247.43,249.21,197.59,200.73,151.3,146.37,8.361,2.997,6.606,8.325,2.574,5.616,2.718,4.815,0.72,6.921,6.624,0.297,0.666,2.16,0.243,0.603,3.546,3.222,3.006,2.601
206,6471780,295.01,296.54,248.98,253.64,251.59,253.72,196.47,202.54,152.03,148.28,5.445,0.234,8.577,6.669,1.044,1.206,1.638,5.31,3.447,7.767,6.813,3.105,2.889,0.558,0.297,1.188,1.305,1.863,8.262,4.185
207,2916914,295.01,296.54,250.68,246.27,253.45,251.71,197.39,201.98,146.82,149.72,8.586,1.782,7.074,6.399,3.24,0.09,2.709,2.304,1.764,4.365,1.404,1.773,0.423,2.736,1.791,2.997,0.756,2.151,7.704,2.817
208,749319,295.01,296.54,249.99,250.36,248.76,252.24,200.28,201.02,152.24,148.37,4.104,1.449,6.966,5.679,2.232,5.454,0.585,2.583,0.972,5.571,3.096,3.789,2.682,1.674,1.458,1.926,0.567,0.549,8.433,0.675
209,9167421,295.01,296.54,250.97,252.74,247.41,251.71,202.57,203.24,153.08,145.31,6.444,1.323,8.568,7.416,3.402,0.864,1.737,5.184,1.845,5.355,6.822,1.989,3.168,0.558,3.33,3.384,1.656,3.096,5.94,5.607
210,984965,295.01,296.54,249.69,249.67,250.26,252.86,200.97,200.47,148.79,146.53,7.434,2.376,6.822,5.535,2.979,1.098,0.306,3.816,1.629,4.248,5.607,1.287,1.998,1.908,3.249,2.376,2.493,0.684,4.833,0.207
211,9285860,295.01,296.54,247.96,247.72,247.4,254.73,201.7,200.43,149.84,150.0,4.833,0.603,7.875,8.298,3.024,5.58,0.702,4.734,0.558,6.759,7.911,2.124,1.449,2.916,1.071,0.09,2.772,2.196,6.255,2.718
212,234993,295.01,296.54,248.94,247.0,246.64,251.39,198.57,202.83,153.6,149.83,5.049,0.684,6.057,7.488,0.603,6.03,2.574,7.056,0.711,6.921,4.851,0.027,3.141,1.269,0.333,0.522,2.529,3.222,2.934,4.347
213,3651959,295.01,296.54,245.26,252.45,248.2,254.12,201.73,202.77,151.11,150.15,4.401,0.828,5.697,8.568,3.33,1.998,1.845,6.822,0.045,3.753,4.248,0.342,2.961,2.358,0.252,1.197,2.322,2.853,4.392,0.243
214,4183243,295.01,296.54,247.45,249.36,250.08,251.43,199.27,204.2,147.25,149.93,5.202,0.432,6.264,5.616,1.494,5.598,2.376,1.116,0.684,7.047,3.393,3.573,1.881,0.981,3.276,0.27,2.196,3.231,8.208,1.872
215,7415694,295.01,296.54,249.96,247.11,246.21,250.39,202.75,203.2,150.76,148.09,6.876,1.197,5.202,6.237,1.188,4.392,1.197,4.095,0.396,6.606,5.688,0.909,1.512,1.539,1.575,1.269,2.358,1.143,5.211,1.935
216,5012689,295.01,296.54,249.93,246.52,247.26,249.55,202.56,203.52,146.57,148.54,6.957,3.438,5.868,6.372,0.396,2.466,2.808,5.256,1.476,7.164,7.092,3.213,1.161,0.09,0.648,0.144,1.485,2.763,7.65,1.926
217,340858,295.01,296.54,246.49,253.82,251.47,250.54,196.21,204.28,147.74,148.62,7.227,3.285,7.398,5.769,1.89,3.267,2.619,6.345,1.44,8.055,4.887,2.646,2.943,2.196,0.963,1.8,1.242,0.747,6.948,5.958
218,3125160,295.01,296.54,248.54,251.67,251.21,251.44,198.25,201.12,150.98,147.06,5.94,0.639,5.328,7.002,2.709,6.084,3.546,5.688,2.331,6.21,4.14,1.224,1.323,0.225,1.935,3.204,1.746,1.422,7.317,3.789
219,1902395,295.01,296.54,247.8,247.73,250.31,249.91,203.24,202.93,148.24,149.11,7.992,2.25,5.121,7.515,1.35,2.628,3.375,6.84,1.953,4.059,3.969,4.023,0.126,3.555,2.889,2.106,2.637,1.521,3.213,1.422
220,5555996,295.01,296.54,246.6,247.88,248.76,251.67,199.23,203.2,151.07,149.3,2.754,2.403,5.562,6.525,0.909,6.822,0.801,4.437,2.178,3.573,5.211,0.081,2.646,0.198,2.34,3.24,3.501,3.051,5.382,6.201
221,9190914,295.01,296.54,246.11,253.37,251.71,254.47,198.41,200.71,149.37,149.16,3.348,0.414,5.94,7.515,0.405,4.869,2.673,7.191,1.215,5.859,7.038,1.305,2.619,2.952,2.898,0.936,2.556,1.413,5.679,5.841
222,265424,295.01,296.54,248.11,249.75,248.21,250.73,196.83,201.46,146.05,145.33,5.364,2.997,6.624,6.705,2.466,6.219,2.115,2.25,1.386,4.365,5.904,0.657,2.718,2.718,1.494,1.998,3.024,2.331,3.276,0.864
223,7488886,295.01,296.54,246.83,250.84,249.9,251.43,202.32,201.95,149.03,148.38,2.619,1.719,5.949,6.327,3.501,5.751,0.261,7.236,1.071,3.177,3.375,1.854,2.205,0.639,0.153,0.054,3.186,1.665,6.102,2.565
224,1287640,295.01,296.54,247.22,251.0,246.56,251.24,202.79,201.87,148.96,146.02,4.707,3.033,5.319,6.084,0.666,5.364,2.772,7.623,2.376,6.804,3.888,2.007,1.197,1.683,0.837,1.647,0.594,0.864,3.996,0.891
225,2021619,295.01,296.54,248.5,251.63,248.37,251.56,200.83,200.34,146.31,149.06,3.015,2.934,7.317,8.82,0.441,2.286,2.88,6.066,1.863,1.863,4.428,3.24,2.592,0.702,1.998,2.988,1.926,2.619,8.847,5.139
226,4743364,295.01,296.54,249.09,246.88,246.27,250.66,202.36,200.35,152.51,147.83,6.939,1.314,5.202,7.209,2.421,0.612,2.034,2.754,0.198,6.615,4.608,1.386,2.016,0.45,0.675,1.107,2.799,3.051,5.229,1.017
227,2593457,295.01,296.54,246.95,250.01,250.02,253.48,199.81,204.41,149.92,146.42,5.967,0.045,8.928,8.946,0.009,3.699,0.0,4.392,0.0,5.211,4.671,0.513,0.0,0.0,0.0,0.0,0.0,0.0,6.543,3.591
228,4774890,295.01,296.54,250.26,249.0,248.07,252.58,198.04,201.42,148.48,149.97,3.276,2.313,5.823,5.346,3.051,2.16,1.026,4.122,0.891,5.868,2.736,0.09,1.044,0.342,0.657,0.927,2.601,3.321,4.275,6.39
229,601114,295.01,296.54,250.88,249.76,248.06,254.83,196.62,201.56,150.76,150.18,3.861,2.277,6.12,7.038,0.252,6.255,1.503,5.967,1.449,6.813,7.083,0.954,2.259,0.621,1.467,2.997,1.404,3.447,2.88,5.103
230,8962868,295.01,296.54,249.48,252.94,249.91,252.67,202.73,204.51,149.45,147.29,8.1,1.62,8.793,7.308,3.402,6.363,3.42,3.078,0.315,3.51,4.374,3.564,1.998,0.324,2.376,2.889,1.026,2.493,5.958,0.603
231,4824553,295.01,296.54,246.62,248.46,251.41,249.46,201.1,203.2,152.44,148.55,3.852,0.81,7.812,6.588,1.503,2.655,3.429,1.917,2.286,3.654,7.29,3.762,1.197,1.791,0.846,1.053,0.153,2.763,6.561,2.619
232,6554954,295.01,296.54,250.86,249.44,248.83,251.83,202.8,200.99,153.85,148.49,3.492,1.062,6.813,7.794,0.108,5.517,1.746,2.331,1.287,7.281,3.825,3.078,1.503,0.603,2.376,2.223,1.449,1.593,3.78,4.059
233,3455719,295.01,296.54,245.85,248.49,250.75,250.37,203.52,201.75,151.39,149.67,3.069,2.961,7.812,7.641,3.195,2.322,2.358,5.085,1.224,7.812,6.336,0.315,2.817,0.855,1.278,1.179,1.872,1.44,4.752,1.467
234,8805138,295.01,296.54,250.78,248.77,246.37,253.16,203.8,201.01,150.68,148.17,8.478,0.378,6.795,8.19,2.853,3.465,0.036,3.618,3.294,8.082,2.961,2.736,1.314,1.296,2.034,2.034,2.232,2.043,8.244,7.128
235,1269152,295.01,296.54,245.07,252.26,250.51,249.83,199.96,202.08,147.47,146.32,8.046,2.16,7.011,5.661,3.078,2.079,1.971,7.911,1.35,1.908,1.422,0.468,3.546,0.837,3.366,2.79,3.456,2.313,7.452,3.627
236,2891204,295.01,296.54,245.57,247.86,248.68,254.69,196.6,201.75,147.03,146.42,5.238,0.297,8.613,6.201,3.564,5.382,2.574,4.959,3.213,5.13,1.755,3.852,2.727,0.063,1.467,3.402,0.216,1.179,4.878,1.953
237,4051217,295.01,296.54,249.14,249.23,250.54,249.74,202.13,203.13,149.55,146.61,8.469,0.459,8.37,7.515,2.025,1.278,0.414,5.499,1.791,8.64,1.773,1.377,1.179,1.08,1.647,3.114,2.547,1.188,7.308,2.835
238,4846002,295.01,296.54,250.18,246.14,250.65,253.33,200.42,203.82,151.43,145.41,4.689,2.214,5.274,7.965,2.601,1.251,1.881,1.917,0.774,6.984,5.328,1.08,1.026,0.675,1.341,2.628,2.205,1.989,3.231,5.598
239,4539673,295.01,296.54,246.7,250.32,253.11,252.24,201.33,204.45,152.76,147.17,4.482,2.187,7.227,6.435,2.556,0.54,1.53,5.238,2.646,6.57,4.095,2.763,0.801,3.258,2.61,2.259,2.511,0.477,4.239,4.986
240,6241236,295.01,296.54,245.14,251.31,247.23,251.21,202.36,203.62,146.51,148.12,4.158,2.124,6.867,7.812,1.899,3.285,1.143,7.875,0.216,6.039,5.706,1.665,2.088,2.619,2.169,1.476,0.387,1.89,8.172,2.781
241,5352078,295.01,296.54,245.46,247.18,253.51,252.65,202.01,201.07,153.32,146.94,4.122,1.278,6.399,7.65,0.936,1.521,0.369,1.557,2.052,2.799,4.446,0.702,2.169,3.024,0.027,0.162,1.503,3.42,4.23,3.528
242,8164413,295.01,296.54,246.32,251.82,247.42,252.63,201.62,203.88,152.96,149.35,8.469,2.097,8.478,7.038,3.06,3.798,1.881,1.782,3.249,6.948,2.646,4.068,0.513,2.277,1.809,0.45,3.384,0.405,4.212,3.42
243,5040798,295.01,296.54,245.79,251.27,251.8,250.62,198.48,201.32,149.37,146.06,6.849,3.024,6.417,7.956,0.072,0.603,0.891,5.769,2.349,2.187,4.905,0.747,3.429,1.071,1.35,0.729,3.186,1.08,4.356,5.823
244,405452,295.01,296.54,250.75,251.26,253.56,253.11,196.31,200.7,150.16,146.46,6.705,3.276,6.732,6.336,3.393,0.252,2.349,1.332,1.611,2.448,3.168,2.277,1.728,2.727,0.657,1.575,3.285,0.063,6.273,1.161
245,6741179,295.01,296.54,247.42,248.98,251.01,254.49,199.69,200.85,153.47,149.19,8.874,2.934,7.911,8.586,3.051,3.555,1.701,7.029,1.368,4.428,1.296,0.099,2.916,1.341,0.351,2.322,1.98,2.844,2.799,2.358
246,7178570,295.01,296.54,250.87,248.41,251.52,250.73,197.26,201.56,147.24,147.2,8.946,2.799,8.217,6.327,1.809,1.449,2.43,1.188,2.349,3.924,2.223,2.412,1.35,3.564,0.684,0.747,1.278,2.61,3.348,7.146
247,1586663,295.01,296.54,248.25,248.21,247.59,252.32,196.59,201.42,149.06,149.88,6.345,2.403,7.722,8.892,3.294,4.851,3.069,3.555,3.33,4.149,4.383,0.972,2.169,1.431,3.411,0.963,2.088,0.243,8.523,0.081
248,5761575,295.01,296.54,247.1,247.7,252.45,253.87,197.32,201.49,150.91,145.28,5.4,2.322,6.696,6.516,2.367,3.618,0.378,3.915,0.315,8.163,3.213,2.628,3.357,0.702,1.908,1.548,0.648,1.323,5.175,5.049
249,6225127,295.01,296.54,246.41,246.78,248.48,254.21,200.56,202.22,153.68,149.5,7.875,1.728,6.813,7.992,3.51,6.795,1.071,2.673,0.558,5.256,7.191,3.987,1.251,1.386,1.449,2.682,2.583,2.511,3.879,0.423
250,3135071,295.01,296.54,246.24,251.05,249.83,249.18,199.3,202.68,152.0,149.31,4.734,1.323,6.633,7.299,1.116,4.347,0.288,2.844,2.871,2.862,6.345,1.197,0.081,1.008,2.403,1.287,0.63,3.33,6.318,5.49
251,5867838,295.01,296.54,249.74,252.48,248.19,253.22,203.69,200.23,153.47,146.31,4.149,2.718,5.706,5.625,0.81,6.363,0.243,7.164,2.052,3.51,1.467,2.646,2.421,0.945,2.835,3.204,0.675,0.18,2.511,1.143
252,9580998,295.01,296.54,246.19,253.4,251.64,250.85,200.98,201.14,146.71,149.55,6.39,0.864,6.957,7.533,1.485,1.494,2.16,1.836,0.504,2.601,6.93,1.026,2.799,3.42,0.846,2.088,2.961,2.025,3.141,2.619
253,8011091,295.01,296.54,250.06,248.53,249.99,253.17,197.58,204.85,149.14,150.04,4.716,1.503,6.228,8.262,0.918,4.41,1.494,3.321,2.835,6.309,3.735,1.674,3.123,1.593,2.718,2.493,3.258,2.349,4.131,5.967
254,3849689,295.01,296.54,246.35,252.03,252.88,253.42,202.36,201.42,148.48,149.14,7.11,2.637,6.435,7.65,2.943,2.574,0.252,1.386,0.288,5.085,5.814,2.727,2.862,1.539,1.98,1.566,1.53,0.801,8.694,6.885
255,1387684,295.01,296.54,249.88,246.82,251.74,254.27,202.93,204.03,150.95,148.44,5.409,0.315,5.697,6.426,2.385,2.106,1.773,2.511,2.151,4.464,2.754,1.863,1.809,1.557,1.728,2.979,2.943,1.899,2.961,2.601
256,5872682,295.01,296.54,247.26,253.02,252.67,251.84,196.92,202.83,152.98,146.4,8.964,2.772,7.929,8.973,2.547,3.213,0.36,7.983,1.062,3.708,4.14,1.215,0.342,1.197,0.297,0.909,0.846,1.449,6.165,5.796
257,2226014,295.01,296.54,249.79,248.25,252.7,251.16,203.38,200.71,148.41,148.39,5.679,2.268,7.614,8.82,1.278,7.011,0.423,1.125,3.24,5.31,8.019,3.906,0.072,2.97,0.675,3.213,2.124,1.251,5.13,0.9
258,4469123,295.01,296.54,247.86,251.21,252.82,251.46,200.04,200.33,149.97,146.39,4.752,1.467,5.562,7.389,1.746,2.214,3.15,2.25,2.142,8.073,3.069,3.861,0.792,3.492,0.747,2.898,0.117,1.125,4.572,5.922
259,9122493,295.01,296.54,249.19,249.16,250.65,249.27,202.9,202.21,153.33,147.34,3.519,1.26,7.056,8.946,1.26,3.654,0.162,2.115,2.826,1.899,3.294,0.9,1.449,0.54,0.594,0.792,0.648,2.196,3.546,0.684
260,5789629,295.01,296.54,247.74,248.41,249.06,251.21,200.31,201.0,148.92,145.3,3.717,1.161,7.101,8.406,0.774,6.111,1.341,1.062,1.935,4.473,6.525,2.196,1.467,0.198,2.439,1.161,0.423,3.456,4.491,1.386
261,3341704,295.01,296.54,249.69,250.75,246.38,251.7,201.06,203.02,151.4,149.92,6.084,0.918,7.137,8.037,2.358,4.86,2.448,3.15,1.296,2.844,7.542,3.051,2.916,1.863,1.521,2.079,1.962,3.195,2.808,6.849
262,2930378,295.01,296.54,245.18,248.36,252.29,252.37,203.28,204.64,152.58,147.94,7.065,1.836,6.174,8.595,2.439,0.918,0.576,3.033,2.592,2.655,2.619,2.772,0.945,2.871,2.556,2.106,1.035,1.827,2.601,2.313
263,1209287,295.01,296.54,245.52,250.58,247.68,250.8,199.43,202.78,147.23,145.36,8.973,0.27,7.947,5.301,1.593,6.147,3.114,6.057,1.008,2.574,3.141,0.675,1.143,1.584,1.305,1.035,2.448,0.387,7.443,5.085
264,1882026,295.01,296.54,248.72,251.44,246.87,254.07,197.65,203.36,151.63,150.23,8.568,1.674,8.055,6.138,3.168,7.119,2.646,6.273,0.45,8.64,4.518,2.34,1.377,2.889,2.016,2.268,2.529,1.953,3.969,1.314
265,9829641,295.01,296.54,245.5,252.03,246.23,253.47,196.81,202.75,150.3,146.33,6.552,3.177,7.767,6.057,3.519,4.995,3.429,5.508,3.105,1.944,7.497,0.468,0.36,3.528,1.827,3.096,3.069,3.024,8.541,1.647
266,1882359,295.01,296.54,250.87,251.66,253.8,250.53,197.58,201.96,149.21,147.57,4.149,1.935,7.659,5.229,2.106,1.845,2.709,1.674,1.197,3.321,2.421,2.493,0.423,2.457,1.8,2.853,2.322,1.269,3.888,0.585
267,9073748,295.01,296.54,248.13,250.88,246.82,252.48,201.9,200.45,150.96,148.0,5.013,2.412,6.489,7.137,0.216,6.336,1.593,3.474,2.853,3.159,3.15,0.585,0.765,0.261,0.981,0.171,0.171,0.531,8.451,3.276
268,2118864,295.01,296.54,246.51,250.46,246.86,251.64,203.43,200.78,151.78,149.81,7.29,1.737,6.723,8.361,1.206,1.998,0.873,5.355,0.45,2.538,1.98,3.762,1.341,3.348,2.574,2.304,2.412,0.702,4.941,5.292
269,6041448,295.01,296.54,249.52,246.71,247.76,251.86,200.49,203.54,151.59,149.92,4.572,0.558,7.488,7.83,1.872,3.213,1.629,2.601,3.105,6.975,6.687,3.852,0.009,3.402,3.213,0.585,2.583,1.404,5.778,5.823
270,6033015,295.01,296.54,245.98,248.29,248.32,252.06,197.95,202.88,151.47,147.68,5.301,1.71,7.641,8.874,1.629,5.688,0.918,1.242,1.521,5.364,7.533,3.96,1.926,3.33,2.673,1.845,2.07,2.592,8.109,5.526
271,4982417,295.01,296.54,248.89,251.08,248.69,249.6,202.77,204.07,146.92,147.03,6.201,0.711,7.434,7.074,2.727,1.386,0.027,1.476,1.458,2.628,3.654,0.108,1.755,2.205,2.745,0.171,0.558,3.492,2.43,2.583
272,5602367,295.01,296.54,247.1,250.15,246.34,251.99,202.07,203.8,147.79,148.53,3.168,1.062,5.625,7.371,2.052,3.267,0.09,7.668,2.817,6.714,6.156,3.096,3.447,0.189,1.611,1.719,0.171,3.168,5.13,2.97
273,5777365,295.01,296.54,246.59,248.16,250.05,253.23,201.79,201.09,153.83,147.01,7.965,2.853,8.856,5.994,0.81,2.187,3.015,5.805,0.693,6.084,7.434,3.519,0.126,1.836,1.305,1.008,1.989,2.844,5.301,1.215
274,2617239,295.01,296.54,250.83,252.9,249.89,252.34,198.32,200.64,148.09,145.87,4.374,0.531,6.435,6.057,3.249,1.872,1.035,3.753,1.692,7.938,5.706,1.062,0.153,0.801,2.16,0.738,0.261,2.979,3.501,6.417
275,1922173,295.01,296.54,246.52,253.71,248.88,254.81,196.7,200.89,146.44,149.39,7.371,3.555,6.444,7.254,0.027,5.832,1.143,6.768,3.366,6.939,7.812,3.186,2.304,2.061,1.395,1.935,0.45,1.062,4.122,5.355
276,7962332,295.01,296.54,246.7,252.24,250.6,253.94,202.62,202.89,147.27,145.92,7.956,3.096,8.757,6.975,2.16,4.338,0.144,3.528,2.979,3.519,3.798,0.432,1.953,1.269,3.159,1.935,1.854,0.882,5.463,0.549
277,2016988,295.01,296.54,249.53,252.76,248.1,254.37,198.97,202.0,148.32,149.82,4.113,0.108,6.885,8.901,2.277,0.756,1.701,5.427,1.323,2.268,6.363,1.35,0.936,2.259,1.134,3.402,2.916,1.872,7.947,5.94
278,7163517,295.01,296.54,248.67,247.71,247.52,254.84,200.32,202.79,150.33,147.9,8.316,0.63,6.966,8.757,1.62,1.188,1.908,1.566,2.133,3.15,5.292,0.18,0.801,1.89,2.097,3.447,1.341,2.061,2.502,6.102
279,1836139,295.01,296.54,246.33,251.66,248.24,250.41,198.78,202.97,152.0,150.19,3.528,1.53,6.048,5.76,1.269,6.741,1.035,3.645,2.169,2.205,2.466,3.528,0.945,2.313,1.548,1.314,1.638,3.024,8.325,7.011
280,8517268,295.01,296.54,250.33,247.51,253.16,249.15,197.72,203.18,149.0,145.75,8.037,2.502,7.56,7.209,0.378,4.149,3.141,2.997,3.042,7.56,2.115,1.449,0.45,2.925,0.018,0.558,2.268,2.277,7.497,4.185
281,5358378,295.01,296.54,248.07,252.79,248.68,250.57,202.15,204.23,151.74,145.55,3.816,2.556,5.742,8.001,2.277,0.423,0.117,3.735,3.483,8.919,3.888,0.459,0.729,2.214,3.483,1.917,0.495,0.801,6.12,0.675
282,5663352,295.01,296.54,246.44,252.68,249.33,254.64,198.11,203.69,149.76,149.6,7.011,1.089,7.362,7.155,2.358,3.492,3.483,4.347,2.268,6.885,2.844,2.025,0.486,2.043,2.385,2.691,2.43,1.656,7.542,2.07
283,6288300,295.01,296.54,246.95,250.01,250.0,253.49,199.85,204.41,149.9,146.42,5.976,0.0,8.928,8.955,0.0,3.699,0.0,4.392,0.0,5.256,4.68,0.531,0.0,0.0,0.0,0.0,0.0,0.0,6.543,3.546
284,6709907,295.01,296.54,249.88,250.54,251.68,254.0,201.57,200.67,151.05,147.4,3.528,0.684,8.469,5.409,0.405,4.356,2.403,5.778,1.233,1.917,3.231,0.783,3.006,2.907,0.306,0.666,2.115,1.413,5.4,3.915
285,8767612,295.01,296.54,246.89,252.51,246.29,254.87,203.54,204.72,149.1,146.66,6.093,2.547,6.093,6.291,0.207,2.898,1.782,3.951,2.358,3.762,6.741,1.008,1.998,0.027,2.475,0.36,0.684,0.864,3.141,6.264
286,2642525,295.01,296.54,248.29,249.96,251.49,251.48,200.77,202.09,151.76,145.98,5.661,2.934,6.381,8.001,1.215,4.095,1.863,5.778,2.79,3.546,2.484,1.467,0.126,0.099,3.231,3.447,0.252,1.08,6.912,6.12
287,656928,295.01,296.54,246.27,251.47,247.8,250.82,201.6,200.7,146.6,148.78,6.507,3.429,6.228,6.642,2.232,6.174,0.99,2.322,2.511,1.98,5.364,1.242,2.061,3.294,3.483,2.169,3.204,1.485,7.488,1.89
288,7374787,295.01,296.54,246.89,249.16,253.11,254.49,196.87,204.41,151.06,145.21,2.907,1.278,7.407,5.31,3.474,0.693,1.71,2.124,3.168,6.741,7.191,0.441,1.8,2.349,0.594,1.926,0.324,0.873,6.849,2.682
289,3692786,295.01,296.54,251.11,251.98,247.21,253.12,199.27,203.78,150.9,145.75,7.821,3.132,8.892,6.858,0.387,7.056,0.108,4.725,3.51,7.434,5.409,3.645,1.017,2.799,1.836,1.098,2.817,0.396,6.012,5.931
290,4283479,295.01,296.54,248.95,250.58,250.87,254.12,203.33,203.36,151.54,145.24,4.77,2.583,7.767,7.524,1.782,2.196,0.513,7.191,2.745,8.811,3.249,0.513,1.611,3.285,1.125,1.422,1.431,0.216,3.672,2.61
291,6447194,295.01,296.54,251.02,248.46,251.03,249.33,196.9,204.63,148.37,147.04,7.857,0.513,8.64,8.91,2.259,4.887,2.88,2.34,1.962,4.77,4.428,1.449,0.315,3.501,1.305,0.198,1.863,2.349,3.906,3.204
292,5612983,295.01,296.54,248.45,251.25,246.52,254.69,202.82,200.4,150.94,149.52,8.145,0.387,5.643,7.713,3.33,1.665,1.116,2.628,1.026,7.137,4.869,0.936,2.601,0.351,2.088,2.313,0.405,3.15,8.622,5.679
293,9717585,295.01,296.54,249.03,249.96,249.05,253.69,203.46,204.77,147.77,149.16,8.046,0.0,6.102,8.649,0.216,5.463,1.737,3.861,1.692,3.006,6.048,0.864,0.018,0.864,1.359,2.079,1.602,2.196,5.373,2.628
294,6114511,295.01,296.54,246.76,246.98,247.91,251.4,202.34,201.42,146.49,149.97,6.003,2.007,7.542,6.858,0.711,3.942,2.016,3.627,3.348,7.641,1.215,2.736,1.638,0.783,2.079,1.323,2.25,0.648,8.352,1.287
295,4427037,295.01,296.54,245.82,248.4,248.91,252.1,198.34,202.39,146.82,146.33,2.574,0.225,7.659,7.398,0.711,5.256,2.16,3.15,2.727,6.453,7.272,1.791,1.305,1.431,2.16,2.277,0.045,0.495,7.956,4.302
296,9426715,295.01,296.54,245.69,251.84,251.57,250.98,197.98,201.93,146.77,147.6,4.563,1.638,6.876,6.768,3.564,1.719,3.528,3.132,1.251,2.547,2.232,1.521,1.971,0.324,2.637,3.051,0.828,2.772,6.66,5.292
297,1560916,295.01,296.54,246.17,247.15,252.34,251.43,202.19,203.3,152.46,146.6,4.842,3.276,8.136,8.361,0.612,2.817,2.637,4.158,1.845,8.298,2.673,0.099,1.395,2.124,3.438,3.132,1.35,2.277,3.222,2.016
298,9518258,295.01,296.54,246.43,250.9,248.43,250.39,201.6,204.81,146.5,147.34,8.766,1.89,5.49,5.409,2.7,1.071,1.629,2.916,0.441,7.614,5.058,2.898,3.33,1.314,0.126,2.223,2.799,0.072,8.613,2.556
299,1519654,295.01,296.54,247.17,248.43,247.85,252.55,202.0,204.88,147.56,149.52,7.434,0.828,5.571,6.111,2.43,5.832,0.603,1.026,2.655,4.608,1.431,0.252,1.998,2.808,1.998,0.72,3.375,1.359,3.708,6.66
300,2883097,295.01,296.54,248.66,249.65,250.09,250.24,198.01,201.21,146.17,145.56,4.599,0.954,7.344,6.597,1.152,4.617,2.871,7.974,1.557,4.653,1.377,0.432,2.781,0.729,1.341,1.278,2.979,3.249,2.988,6.741
301,5702396,295.01,296.54,246.62,246.57,246.25,254.36,196.35,202.95,149.52,146.0,6.075,1.305,7.182,5.346,0.9,4.977,1.458,6.561,2.385,7.956,7.596,2.79,1.548,0.963,3.366,0.063,3.195,0.144,7.731,1.845
302,4846063,295.01,296.54,246.82,250.34,247.56,249.59,203.73,201.87,153.6,145.65,8.082,1.098,7.794,5.337,2.637,1.269,1.575,1.845,0.045,5.409,4.959,3.537,0.333,2.565,2.178,3.492,1.827,0.117,8.919,7.146
303,5399839,295.01,296.54,246.31,251.5,248.95,250.82,198.06,200.65,148.63,149.99,7.578,2.907,8.406,7.479,0.657,1.521,1.818,2.088,2.187,6.066,7.263,0.036,1.818,2.331,3.123,0.126,0.531,1.017,3.132,3.204
304,1117919,295.01,296.54,245.91,250.71,251.59,249.74,203.32,203.7,146.02,145.35,6.435,1.575,8.037,7.425,0.468,4.491,3.438,7.857,2.115,8.919,4.95,0.414,0.63,0.783,2.682,0.0,0.828,2.241,4.527,4.041
305,2650604,295.01,296.54,245.2,250.55,247.81,250.86,202.69,203.78,150.8,147.02,5.499,3.267,8.46,5.832,2.106,5.022,1.269,6.777,0.432,6.219,7.155,1.368,1.26,1.872,1.107,2.196,1.098,0.756,3.825,5.094
306,1425945,295.01,296.54,251.15,247.21,247.33,253.14,198.65,201.2,147.24,147.74,2.979,1.638,8.667,7.758,2.52,5.085,2.232,6.741,2.277,6.768,1.215,2.286,1.449,1.755,2.313,0.45,1.701,2.916,5.967,1.224
307,572482,295.01,296.54,247.14,246.41,246.35,253.48,201.21,200.98,149.3,147.72,8.784,1.323,7.344,5.922,0.855,1.089,1.062,2.637,2.871,7.704,1.242,2.682,1.989,1.386,2.07,0.054,1.251,1.863,6.921,0.558
308,2703238,295.01,296.54,246.23,252.8,248.93,253.55,201.32,202.63,148.17,147.88,3.744,0.495,8.928,8.613,0.585,5.193,0.702,0.927,0.486,6.885,2.133,2.016,3.222,2.88,1.683,2.853,0.909,0.198,7.281,2.079
309,328265,295.01,296.54,250.69,252.01,252.51,254.38,198.09,200.42,150.11,147.1,8.847,1.665,7.758,7.47,1.089,2.277,2.187,4.347,1.818,5.949,1.08,2.511,1.242,2.916,0.972,2.088,0.576,2.178,6.732,4.851
310,4040394,295.01,296.54,250.01,247.9,252.36,250.55,201.24,203.63,146.94,146.21,4.284,1.728,6.192,8.559,3.213,6.354,0.198,3.042,0.315,5.148,5.085,1.494,0.198,0.252,2.475,1.755,2.718,1.494,8.064,3.789
311,5551568,295.01,296.54,246.39,253.82,252.78,252.47,202.73,201.22,153.01,148.96,7.704,2.637,5.103,6.516,0.864,6.66,0.27,6.345,3.24,2.871,2.988,1.8,2.673,1.134,0.216,0.63,3.546,0.477,8.469,6.777
312,4080705,295.01,296.54,246.3,249.44,251.97,253.13,197.16,201.66,146.53,146.34,8.01,1.071,6.138,6.489,1.098,4.428,0.756,5.895,2.007,6.606,4.131,0.531,2.538,0.657,3.249,0.522,0.477,3.168,7.731,3.771
313,7876760,295.01,296.54,250.66,247.08,252.16,252.54,201.31,201.13,148.55,146.81,5.445,2.178,7.47,7.371,2.682,4.491,2.133,2.34,1.215,7.785,5.634,1.782,0.495,0.648,0.72,2.799,0.171,0.576,2.574,5.472
314,4957699,295.01,296.54,248.87,253.8,247.33,250.05,201.34,201.4,150.88,149.36,8.838,2.88,8.874,7.317,1.575,6.408,3.024,4.905,2.511,4.464,1.638,2.781,2.745,0.981,3.195,1.953,2.079,3.348,5.499,5.508
315,807576,295.01,296.54,246.69,252.6,247.47,251.16,197.68,200.36,150.78,147.58,3.816,1.791,5.085,7.416,2.358,3.969,2.34,4.959,0.378,5.679,7.452,0.36,1.692,1.233,2.052,2.574,0.054,0.198,5.265,1.863
316,5782792,295.01,296.54,245.59,248.35,247.32,252.14,197.08,200.87,153.81,147.96,4.545,2.97,6.066,8.883,2.187,6.948,3.132,6.012,3.168,5.22,1.917,3.546,1.683,2.781,1.44,0.549,0.603,0.81,5.994,4.482
317,1942752,295.01,296.54,250.35,250.75,249.8,251.66,203.04,204.57,151.44,145.34,6.912,1.008,8.694,8.019,0.819,1.989,2.043,2.655,3.069,3.447,5.472,0.9,2.7,0.603,2.826,1.98,0.036,0.9,6.39,5.112
318,5891639,295.01,296.54,246.83,249.0,250.22,250.05,196.91,201.94,151.95,146.8,4.725,0.891,5.922,5.445,1.071,3.771,1.17,3.249,3.492,8.019,6.192,2.448,1.467,2.763,2.358,1.251,3.438,0.63,5.895,5.67
319,3117632,295.01,296.54,250.04,249.68,248.96,250.11,202.65,204.81,150.06,146.63,2.943,1.557,5.121,8.694,1.971,3.978,2.583,2.709,3.051,4.014,2.853,1.287,2.727,2.511,3.024,2.268,3.573,2.313,8.217,0.981
320,107018,295.01,296.54,246.78,247.09,247.13,254.1,198.63,203.89,150.81,146.67,7.092,3.537,8.226,6.696,1.179,4.158,0.027,1.044,0.999,7.686,8.064,0.954,0.693,1.044,2.475,3.087,0.27,1.539,5.04,6.174
321,4299397,295.01,296.54,246.77,253.31,246.79,249.64,196.58,201.6,150.54,148.11,3.969,1.044,7.983,7.011,2.97,1.053,0.396,3.96,2.691,7.794,2.142,0.639,1.098,3.339,0.018,3.285,2.601,0.009,2.637,2.394
322,8554498,295.01,296.54,245.71,246.37,249.71,249.49,201.03,203.03,146.39,145.53,6.795,0.963,5.94,8.343,0.846,3.501,0.774,7.956,0.594,6.012,7.641,3.033,0.648,3.474,3.177,2.142,1.386,2.925,3.789,4.653
323,5474440,295.01,296.54,248.66,253.05,246.37,253.11,203.14,203.02,152.0,147.05,6.381,0.414,7.506,5.355,3.096,1.377,2.592,5.679,0.558,7.227,3.024,2.25,3.294,0.27,2.421,1.962,3.519,2.709,5.085,4.338
324,5753880,295.01,296.54,250.27,248.28,249.08,249.6,203.08,203.8,150.19,148.32,4.959,0.711,5.463,7.812,3.051,1.386,0.306,7.938,1.233,4.59,4.419,1.755,3.294,1.134,1.845,0.819,1.125,3.033,2.916,6.21
325,443345,295.01,296.54,248.73,248.72,253.2,249.69,201.81,201.05,147.29,145.14,6.534,1.746,6.588,8.811,2.826,0.702,0.018,3.348,2.808,5.886,7.533,1.8,0.117,3.492,1.287,1.566,0.225,0.702,6.507,2.655
326,9530008,295.01,296.54,248.08,253.91,246.8,254.94,199.26,203.98,153.31,148.09,5.499,0.567,5.886,8.73,2.502,2.196,1.377,7.11,1.089,4.113,6.606,2.493,0.99,1.584,1.467,2.538,1.674,2.115,5.733,6.372
327,2837253,295.01,296.54,247.65,253.75,253.58,252.16,203.73,202.11,150.99,149.99,5.04,2.502,6.867,7.83,2.259,2.709,0.162,2.781,3.069,3.069,5.985,1.215,0.018,0.261,0.738,0.45,0.873,1.395,8.388,5.418
328,4424616,295.01,296.54,248.48,250.17,249.91,249.6,198.91,201.76,149.46,146.63,4.851,0.756,5.346,8.145,2.808,0.828,0.135,4.041,0.666,4.203,6.678,0.54,1.098,2.223,1.926,1.107,1.323,2.187,7.263,3.312
329,5893025,295.01,296.54,246.75,252.54,251.93,250.33,200.33,200.29,147.07,145.48,6.282,1.584,6.597,7.992,3.519,5.481,0.252,6.201,0.081,7.227,3.267,2.322,2.853,2.52,1.116,3.33,0.135,1.494,8.541,5.382
330,3884292,295.01,296.54,250.74,247.52,247.83,249.55,201.32,202.77,153.88,146.26,4.383,0.747,7.236,5.337,3.456,6.354,3.006,5.571,3.42,4.671,1.161,0.414,2.673,0.63,0.927,1.854,3.123,1.161,5.499,1.233
331,9561547,295.01,296.54,249.68,246.57,252.19,249.06,197.6,200.44,153.87,148.09,8.874,2.277,5.913,7.812,2.106,2.016,0.567,0.864,3.033,6.552,5.067,3.897,2.124,1.458,2.511,1.431,0.774,0.837,3.996,1.035
332,8058351,295.01,296.54,251.32,252.46,246.72,252.03,203.51,204.61,146.84,148.76,3.393,0.54,6.651,6.984,2.799,0.018,2.862,4.014,3.483,7.659,7.398,1.818,1.665,1.188,3.123,2.529,0.702,1.026,2.79,1.143
333,3465401,295.01,296.54,247.38,253.36,252.86,250.88,201.29,204.04,147.9,147.43,5.22,1.305,6.876,7.119,2.736,2.295,1.692,6.615,1.764,7.524,6.129,0.567,0.081,0.396,3.492,2.673,3.42,1.107,4.095,1.935
334,1815723,295.01,296.54,246.89,249.9,246.55,254.89,199.98,203.66,150.59,145.34,7.407,2.538,6.993,5.283,2.394,1.197,2.772,7.497,0.783,4.797,6.318,3.123,3.015,2.052,1.341,2.961,1.818,2.943,7.344,4.824
335,3417443,295.01,296.54,246.93,251.33,248.78,251.22,201.46,204.54,147.36,147.76,4.365,0.891,7.335,8.136,3.213,1.062,1.854,1.989,2.997,8.181,4.14,1.431,1.692,0.927,1.836,2.538,0.72,0.432,3.06,4.221
336,7545982,295.01,296.54,245.21,250.55,248.52,251.07,197.59,203.02,151.16,146.87,3.186,1.17,6.174,6.552,2.943,3.78,0.864,2.259,1.845,3.699,4.806,1.377,0.009,3.42,3.033,0.558,1.107,2.421,2.898,3.726
337,9373841,295.01,296.54,247.29,248.91,246.6,252.67,202.22,204.43,152.06,148.26,8.55,0.171,5.166,7.884,2.907,3.978,2.943,2.241,2.493,2.898,4.059,2.502,3.564,3.132,3.105,0.639,2.97,1.647,6.246,4.968
338,2707047,295.01,296.54,250.08,251.59,253.12,254.91,197.88,200.44,146.77,145.53,3.645,0.747,5.661,5.868,3.051,3.564,2.079,2.448,1.503,6.255,7.578,0.936,0.063,2.007,1.242,0.108,3.015,3.087,3.51,2.142
339,1950838,295.01,296.54,245.25,248.49,250.8,252.96,203.37,201.29,147.59,147.58,7.389,2.583,8.082,6.462,0.648,3.267,1.854,4.77,3.438,8.559,5.229,2.88,0.999,1.089,0.846,1.395,0.252,0.783,8.676,3.699
340,2715684,295.01,296.54,250.04,252.95,247.28,254.64,201.32,201.54,146.93,145.7,2.547,0.558,6.867,8.568,1.35,5.805,1.638,2.331,1.629,1.944,3.681,0.612,0.108,2.214,1.692,1.314,0.459,3.024,7.263,6.138
341,1895250,295.01,296.54,251.29,249.54,251.96,250.0,201.04,203.5,152.76,145.81,8.46,0.351,6.111,5.238,3.339,4.59,2.889,1.512,2.592,7.83,4.113,1.647,2.538,1.89,2.907,3.06,1.197,0.99,3.888,0.27
342,1133701,295.01,296.54,247.74,253.69,247.28,250.29,202.79,204.55,150.81,147.07,4.815,0.864,7.776,6.093,1.107,1.584,3.267,6.939,0.981,6.489,2.601,4.068,3.483,0.054,2.052,1.206,1.521,2.511,6.372,6.246
343,4257480,295.01,296.54,250.91,252.68,249.11,249.07,196.18,201.99,148.01,146.93,5.796,0.756,7.659,6.417,3.132,2.304,0.234,3.321,2.385,4.212,1.692,3.447,3.024,0.225,1.413,2.898,2.592,1.323,3.654,5.085
344,8891525,295.01,296.54,250.98,251.75,249.39,254.95,200.2,203.46,152.86,145.25,2.637,2.124,8.406,5.544,3.276,4.239,2.151,2.817,1.881,8.136,3.681,1.179,0.432,3.429,1.593,0.441,1.08,3.069,3.699,2.79
345,6490693,295.01,296.54,246.03,249.03,246.68,251.92,198.83,203.44,150.12,150.14,5.508,0.684,5.58,6.165,1.89,2.934,1.089,6.444,1.935,7.605,4.149,1.683,2.061,2.52,2.016,1.035,1.593,2.736,8.712,5.967
346,8453047,295.01,296.54,245.43,250.16,248.14,250.63,203.68,200.24,146.95,149.2,8.694,2.313,6.219,7.407,2.871,6.111,0.306,3.267,2.205,6.291,3.105,3.339,1.629,0.009,1.89,2.547,0.648,1.224,7.344,5.472
347,1108822,295.01,296.54,249.51,248.51,249.16,250.86,198.21,202.35,147.82,150.38,7.794,0.891,7.02,6.444,0.531,2.205,2.997,7.632,2.448,3.393,6.156,3.987,0.522,1.215,1.224,2.241,1.854,0.567,3.195,2.655
348,439900,295.01,296.54,249.25,249.48,251.3,253.46,199.14,203.68,146.14,149.64,8.253,2.871,5.319,8.397,0.81,4.212,0.378,1.917,2.124,2.628,3.312,1.161,1.233,2.241,2.565,0.918,0.81,0.756,8.289,4.617
349,937558,295.01,296.54,245.6,251.86,246.58,249.85,201.14,201.32,153.88,148.94,6.066,2.745,7.299,7.254,0.621,2.709,2.961,2.529,0.603,5.337,7.758,2.727,1.197,3.096,0.801,1.737,0.342,2.574,2.754,6.354
350,3278526,295.01,296.54,245.6,247.76,246.82,254.6,196.67,200.5,153.26,150.1,6.111,2.286,6.813,8.37,2.448,6.444,0.99,2.106,2.583,3.456,6.408,2.484,2.772,2.088,0.108,0.153,0.468,1.368,4.941,0.711
351,9687985,295.01,296.54,246.87,249.63,247.94,253.09,196.16,204.09,149.05,148.28,6.822,3.051,7.641,6.435,0.396,5.211,2.601,7.578,1.683,3.132,6.75,1.044,0.243,0.675,2.907,1.908,0.855,2.691,6.273,7.119
352,6613254,295.01,296.54,248.8,249.29,250.28,252.31,197.36,204.78,148.37,147.76,5.922,1.656,8.91,8.775,2.511,5.814,1.737,5.535,0.171,7.704,2.205,1.053,2.835,0.531,2.52,0.981,2.349,1.629,5.283,4.887
353,3545632,295.01,296.54,250.6,249.63,246.54,254.69,198.01,204.78,146.98,149.55,4.518,1.998,5.211,8.586,2.052,7.092,1.8,2.988,2.997,5.895,2.601,2.556,2.124,2.466,2.844,0.684,2.871,3.186,3.663,2.772
354,3036070,295.01,296.54,249.55,252.72,247.7,249.58,196.68,203.83,147.95,150.28,2.862,1.656,5.319,8.343,2.304,1.269,1.143,1.737,3.06,8.208,6.318,1.017,1.494,0.414,0.045,0.432,2.502,1.773,5.679,3.915
355,9708163,295.01,296.54,250.7,246.09,246.27,253.47,196.48,204.89,150.06,147.38,6.66,0.126,7.371,5.724,1.233,4.59,2.556,6.849,0.855,6.624,4.239,1.836,2.754,0.045,3.546,1.593,2.88,1.143,4.563,2.484
356,908748,295.01,296.54,248.3,247.82,247.96,253.86,197.8,202.52,147.38,149.72,4.383,2.772,7.821,8.541,0.63,1.296,0.747,1.116,0.648,6.705,1.494,1.341,2.844,0.657,2.232,2.205,2.799,1.305,6.597,4.239
357,6450359,295.01,296.54,250.32,248.3,246.63,249.5,199.67,204.39,148.32,147.57,4.491,2.313,8.577,6.534,0.918,2.367,0.765,2.916,2.484,3.591,5.76,2.268,3.006,3.42,1.116,2.268,2.691,1.584,3.114,5.805
358,9860137,295.01,296.54,249.16,247.86,251.66,251.39,197.22,204.14,152.85,146.78,6.84,1.584,7.731,8.667,2.637,5.436,2.565,1.314,0.396,5.661,7.218,2.007,0.666,2.115,2.259,1.314,1.674,3.537,7.209,6.741
359,6301642,295.01,296.54,247.61,253.08,252.4,251.8,200.5,203.27,146.21,146.65,8.379,1.809,7.209,8.676,0.828,1.161,1.863,1.971,0.432,5.346,6.399,3.654,2.655,0.657,3.159,0.099,3.447,0.153,4.923,5.121
360,2873490,295.01,296.54,247.17,249.27,251.58,253.04,203.23,201.95,150.01,145.82,8.298,3.285,7.344,7.893,1.224,6.237,2.529,2.844,0.666,2.142,4.257,0.747,3.177,3.384,0.936,2.781,1.467,1.179,7.983,0.531
361,7988358,295.01,296.54,248.84,249.42,250.6,253.19,199.07,200.64,153.74,149.63,7.821,1.422,5.499,5.301,0.558,0.297,0.729,1.188,0.711,4.77,3.276,0.117,1.296,1.287,2.043,0.927,0.702,2.385,2.691,1.053
362,3424896,295.01,296.54,246.91,247.5,251.08,251.12,199.57,202.39,152.77,145.6,8.397,2.088,6.255,7.191,0.513,4.275,0.306,4.347,2.691,3.951,7.713,2.664,0.882,0.504,1.566,0.306,0.513,0.792,2.511,5.778
363,1771211,295.01,296.54,248.61,253.53,247.29,251.92,199.07,203.38,152.35,146.36,5.796,0.711,5.22,5.733,2.277,1.989,2.817,2.052,2.484,4.392,8.109,2.34,1.656,1.521,1.035,2.304,3.501,2.016,7.929,6.453
364,8054480,295.01,296.54,245.34,249.54,252.02,253.74,200.37,203.19,150.6,146.65,6.795,1.44,5.688,5.418,0.72,6.921,1.278,4.041,0.531,4.806,5.886,2.331,0.801,1.611,1.557,0.414,0.243,2.853,8.667,6.822
365,4423456,295.01,296.54,251.27,250.14,247.38,254.53,200.45,203.94,147.86,149.91,5.202,0.45,8.145,6.075,1.215,6.777,1.368,7.254,0.801,5.418,7.578,2.241,1.845,1.413,2.952,1.134,3.411,0.18,3.744,2.898
366,5764833,295.01,296.54,245.21,247.85,253.4,250.86,200.48,201.37,153.71,146.83,4.212,0.108,7.425,8.595,0.027,6.264,0.846,4.014,1.125,3.24,5.319,1.359,2.628,3.393,0.657,1.143,0.081,1.791,5.976,6.669
367,9426719,295.01,296.54,248.94,248.22,247.34,253.74,196.44,203.72,149.54,149.77,8.028,1.071,7.731,7.524,2.907,4.401,2.133,3.042,0.225,3.987,2.061,0.378,1.26,1.449,0.999,1.998,1.683,1.944,2.844,0.153
368,6626871,295.01,296.54,250.47,252.6,252.97,251.39,202.45,202.78,151.44,148.83,2.772,3.132,6.912,7.353,3.267,2.592,1.602,5.976,2.493,4.545,3.006,4.014,3.519,3.357,1.008,1.233,0.639,0.036,7.308,1.017
369,7943839,295.01,296.54,247.37,247.7,252.48,250.39,197.66,202.83,150.65,149.49,4.284,1.584,6.687,7.812,1.431,3.573,2.736,5.391,1.836,8.037,1.881,0.792,2.619,0.81,2.898,2.745,0.945,1.782,3.321,0.081
370,8872608,295.01,296.54,250.13,246.25,253.48,250.26,199.86,203.51,150.04,150.34,2.988,2.088,8.577,6.867,0.342,6.615,0.567,2.151,0.117,3.735,3.852,0.27,3.51,2.277,0.765,2.124,2.718,3.285,4.626,6.408
371,6163660,295.01,296.54,248.6,250.01,253.68,249.06,196.75,201.46,149.15,149.48,6.957,1.935,5.22,5.616,3.231,1.197,2.826,2.826,3.105,5.427,4.482,0.855,2.466,2.565,1.566,2.646,2.439,1.503,6.552,6.129
372,9261966,295.01,296.54,248.64,253.6,247.86,253.44,197.73,200.77,151.06,145.78,7.308,2.979,8.811,6.255,2.07,5.598,1.863,3.222,0.765,4.095,6.642,0.828,1.971,0.135,1.089,2.358,1.611,3.465,4.239,5.562
373,1846920,295.01,296.54,250.7,252.69,250.76,254.91,203.9,201.61,148.72,148.32,5.418,1.314,7.092,7.938,0.819,0.477,1.467,5.337,1.782,4.86,6.84,1.458,2.997,1.233,2.277,0.81,2.187,1.314,7.938,2.88
374,3346686,295.01,296.54,245.39,252.06,250.34,250.1,198.47,200.78,146.36,149.9,8.091,1.818,7.101,5.778,1.359,0.504,3.231,3.087,0.846,6.39,5.481,4.023,3.357,1.764,1.818,0.738,1.584,0.792,6.048,0.603
375,4195252,295.01,296.54,246.4,249.23,252.66,252.43,199.82,204.5,151.44,146.14,3.825,1.539,5.166,8.658,1.206,6.732,2.07,3.672,2.628,3.807,2.673,3.969,3.051,3.078,0.54,2.916,0.648,1.566,3.735,2.835
376,3725387,295.01,296.54,246.02,250.63,248.52,254.88,196.85,200.41,148.59,149.05,7.245,3.384,7.551,5.454,0.954,0.009,1.386,6.66,0.324,8.928,5.184,3.222,0.0,0.153,3.177,2.169,0.909,1.053,7.749,5.643
377,2126463,295.01,296.54,246.3,251.61,249.01,254.88,202.41,201.08,152.36,149.61,5.166,3.285,5.778,7.758,1.989,0.18,2.475,7.263,0.864,4.347,1.089,0.162,0.333,0.162,1.188,2.601,0.846,0.261,8.082,3.366
378,554554,295.01,296.54,245.9,251.62,246.8,250.26,201.3,204.59,147.78,147.24,8.874,0.72,6.777,6.435,2.493,3.042,0.081,2.448,0.585,4.608,3.294,2.205,2.772,0.783,2.268,1.395,2.601,2.511,5.544,7.101
379,3464604,295.01,296.54,246.22,246.52,246.61,249.06,198.4,204.77,148.63,147.31,7.659,2.511,8.856,7.074,3.06,3.429,3.258,3.915,2.367,5.247,3.168,1.701,3.348,3.276,1.935,1.269,3.033,2.007,4.347,4.482
380,7914725,295.01,296.54,246.13,247.26,253.52,253.46,196.38,201.37,149.41,149.38,8.667,1.71,8.505,8.928,3.348,5.31,3.339,4.023,2.232,7.605,7.929,0.324,1.836,2.259,0.702,2.934,1.224,2.124,4.194,5.022
381,2405389,295.01,296.54,247.69,251.84,250.83,254.01,197.61,203.27,153.33,149.68,4.833,0.243,8.217,6.246,0.27,4.554,3.348,4.941,3.015,2.475,3.348,0.495,3.474,2.889,1.467,0.855,1.494,3.222,5.913,4.833
382,1946853,295.01,296.54,247.89,248.97,252.1,251.41,196.18,204.05,149.42,150.19,2.844,3.177,6.894,6.372,3.42,1.575,2.673,7.497,0.378,7.056,7.812,1.593,0.378,2.412,1.116,1.377,0.891,0.99,7.92,0.603
383,7911139,295.01,296.54,249.45,251.23,253.92,253.92,198.63,202.99,152.98,150.14,7.884,2.142,7.254,7.308,2.763,2.079,1.323,4.329,2.196,5.31,6.579,2.808,3.024,0.567,1.557,2.43,3.474,2.853,2.529,0.558
384,5505359,295.01,296.54,251.09,247.36,248.6,252.4,203.15,203.3,150.26,145.59,4.221,0.369,7.749,5.616,1.557,5.805,2.25,3.78,1.728,4.005,1.449,0.225,1.701,1.44,2.367,3.267,2.232,1.107,4.446,6.921
385,7615005,295.01,296.54,249.97,253.85,250.62,253.4,202.13,201.17,147.27,148.97,8.226,0.252,6.822,6.291,1.458,2.655,2.979,6.075,3.42,3.672,1.701,3.816,3.267,1.881,1.197,1.557,3.528,0.027,6.003,0.171
386,9353270,295.01,296.54,251.09,251.32,247.85,250.56,198.31,203.91,150.21,147.37,4.77,1.566,7.632,7.272,1.998,5.364,2.421,5.292,2.322,2.673,4.518,0.009,2.916,1.053,3.411,1.971,3.501,1.539,4.779,6.192
387,469139,295.01,296.54,249.6,248.47,247.26,254.57,200.65,204.19,150.99,148.02,6.354,2.574,8.406,7.659,2.403,3.825,0.333,6.831,0.711,5.076,3.987,3.222,2.277,0.657,2.835,1.152,0.918,2.151,6.012,0.351
388,5543782,295.01,296.54,246.7,249.5,247.0,254.4,200.67,200.28,149.94,149.16,7.659,1.404,7.686,6.858,2.817,5.706,0.243,2.403,3.546,4.545,8.019,1.08,2.547,0.765,3.168,3.312,1.215,2.268,3.906,3.483
389,6925855,295.01,296.54,246.17,250.17,250.75,251.34,200.72,202.44,147.77,146.28,5.094,1.053,5.643,5.895,0.171,3.249,0.864,1.629,2.502,6.975,4.239,1.386,2.142,0.774,2.997,3.15,1.512,3.195,7.803,7.119
390,9084396,295.01,296.54,251.23,247.9,249.16,252.97,200.6,203.09,149.91,148.5,4.095,1.908,5.625,7.137,2.43,6.912,1.89,6.804,1.791,8.838,4.311,3.537,0.189,2.322,2.439,3.258,0.729,0.198,7.308,6.435
391,3853554,295.01,296.54,247.17,246.97,250.89,250.76,196.9,202.77,146.45,148.15,7.29,1.845,7.119,6.48,0.657,2.988,2.277,4.338,2.115,4.959,3.015,0.243,0.234,0.18,0.54,1.512,0.387,1.53,6.417,0.666
392,3788930,295.01,296.54,250.58,253.22,246.34,250.64,197.98,202.37,147.01,150.25,5.634,0.27,5.949,8.649,2.709,2.943,3.24,2.367,0.909,8.217,5.373,2.79,0.738,1.494,2.529,2.466,3.501,2.7,4.716,0.72
393,1963972,295.01,296.54,249.08,248.8,248.46,251.96,198.5,204.2,148.88,149.21,7.128,3.564,5.058,7.551,2.079,3.465,1.674,1.935,1.584,8.82,6.156,1.962,1.503,1.971,1.143,1.143,1.17,1.269,6.453,5.661
394,5066521,295.01,296.54,251.24,253.65,250.06,251.5,196.51,203.71,152.54,146.26,6.264,1.269,6.606,7.947,1.638,6.48,1.071,2.304,3.456,3.726,1.053,2.43,2.61,3.105,1.791,0.594,0.738,3.51,7.668,4.419
395,2825873,295.01,296.54,250.63,248.15,253.43,253.61,200.18,204.6,150.21,145.52,8.784,0.369,7.515,5.373,0.441,5.436,0.963,5.571,3.528,1.971,6.813,3.456,3.312,3.069,2.619,0.648,1.917,2.655,6.147,0.288
396,1179322,295.01,296.54,246.61,250.59,250.45,254.1,199.45,202.54,146.08,147.64,4.545,1.503,7.398,8.847,1.935,1.206,1.053,1.161,2.214,3.231,7.209,1.08,3.321,1.566,2.754,2.376,1.179,1.107,8.883,5.409
397,9204791,295.01,296.54,249.83,248.1,248.22,251.19,196.1,202.05,151.27,149.48,4.761,1.989,6.435,8.442,2.772,1.881,1.17,2.448,0.513,7.02,1.215,0.63,2.349,0.936,1.665,1.134,3.267,3.501,2.466,3.348
398,9454695,295.01,296.54,248.39,253.17,249.04,251.24,197.6,202.58,147.41,145.68,2.988,1.071,6.201,7.092,3.159,2.502,0.351,6.561,0.72,7.794,1.98,2.097,3.276,3.393,2.619,2.925,2.25,3.24,7.992,1.998
399,9381176,295.01,296.54,250.1,248.25,247.88,252.51,201.48,204.1,149.36,147.37,3.042,1.548,8.73,5.706,3.357,2.241,2.376,5.229,0.054,6.921,1.989,2.763,3.456,0.198,2.502,3.402,1.017,2.736,8.352,0.72
400,5349004,295.01,296.54,249.63,246.31,248.0,254.75,199.47,204.3,152.16,146.24,6.651,0.324,5.391,6.768,2.934,1.386,1.422,5.058,2.979,5.607,4.491,1.593,0.657,2.205,3.492,1.836,0.531,1.53,4.923,5.418
