-468.473757,-607.681270,67.600037,169.648780,-23.271494,48.556385,260.588561,254.061014,355.381061,241.397359
-545.869437,-488.525492,39.843249,118.485740,113.979558,-47.085941,80.564164,292.823220,348.995043,273.360187
-489.917213,-555.041073,-14.078802,20.964712,210.938463,22.489665,139.808885,312.274881,257.100173,291.831857
-490.267139,-454.597329,58.159612,-6.571039,-10.905303,-4.550264,280.323386,162.868340,292.915968,289.967325
-542.678754,-551.974608,56.091848,93.670215,143.633265,-91.390459,182.345503,279.155351,305.579749,270.236680
-593.264188,-449.295107,61.233455,113.210225,63.354939,-92.988176,469.139511,182.312301,277.156233,196.745648
-538.911262,-517.412011,21.217559,40.131228,25.308318,59.165055,347.057153,184.656865,287.236085,264.624863
-485.894842,-459.353215,-15.130699,7.736288,70.365359,-64.135068,331.590511,206.979690,329.220685,265.962552
-493.745235,-436.059338,119.507295,-52.671851,-33.233146,-23.827695,225.129898,271.065621,311.134838,267.675542
-378.284670,-596.193856,73.040169,-171.372860,84.974105,109.773705,264.276155,216.446476,242.615287,331.545418
-488.941142,-512.143229,106.527325,-60.008651,123.473702,51.608515,341.857588,138.700840,310.685391,231.520199
-563.810371,-517.890029,-39.940223,52.274750,73.024059,85.875052,404.442332,138.575103,286.987529,288.524492
-437.665229,-439.388895,4.323351,18.946487,9.135394,88.149935,368.678328,189.881776,208.779560,291.996083
-475.017985,-565.898488,111.634795,13.830332,43.311010,119.508803,93.878978,250.728406,305.839888,284.569182
-391.425859,-527.550860,-2.498943,-0.204259,41.593440,4.664971,192.787568,277.186371,237.866569,291.915186
-555.160821,-578.239966,113.594689,129.353927,-45.508272,58.679498,260.468975,207.159412,349.977892,229.373903
-486.090312,-604.863676,73.099660,16.096620,35.767417,38.392355,301.053289,234.586446,293.825089,242.706641
-457.931798,-549.022318,-85.319040,47.171919,56.127282,131.091499,339.075495,144.496555,260.637490,239.078830
-464.195563,-486.122372,41.573750,-2.730106,14.779867,-4.708414,317.455532,217.369342,237.848755,288.637071
-444.625009,-610.563836,34.138636,27.961482,24.791166,-31.800298,301.992714,219.365616,298.914907,252.275895
-418.685184,-504.091404,34.485060,-99.241219,-24.659966,-1.894967,292.859647,330.681702,298.615180,240.263733
-453.522476,-470.028574,-83.420793,-125.587661,73.010647,-43.015580,288.228898,345.103626,313.214765,246.638320
-489.905185,-509.902128,100.115008,120.749796,134.711249,-39.175299,248.934940,262.507084,252.702716,264.674026
-467.655946,-499.913296,-16.346951,14.729237,105.596134,21.516927,242.417860,274.882849,351.460719,194.417360
-560.137679,-599.510946,32.028063,-0.735143,132.782179,102.018018,356.109831,276.039500,264.766991,215.777935
-568.539273,-506.956464,59.748091,53.027412,117.900283,-32.605901,218.548181,267.843509,330.109707,285.030265
-607.645145,-385.386632,105.137322,-53.320938,62.178114,-1.616263,412.875392,275.098906,245.460235,247.928009
-495.821180,-590.437911,63.715554,36.494851,87.991171,-61.233273,326.810972,278.949915,305.993558,239.025610
-578.416159,-408.049012,-38.975369,-60.664751,141.568941,108.110152,281.140477,159.167701,270.216921,243.282407
-624.490405,-466.495258,92.975894,32.380189,78.871271,-15.969011,270.128863,313.189409,249.041275,269.770944
-504.020342,-582.761311,-5.032676,11.699335,76.394039,72.724405,263.735801,161.074533,363.435940,271.031460
-454.099562,-414.773045,-67.390386,19.609586,138.037821,105.313952,132.456307,144.804289,250.653258,251.580776
-485.784774,-602.571432,52.017133,-49.278133,48.691809,-0.883396,358.156141,280.300927,291.723228,263.658655
-562.093667,-488.786032,-49.766001,103.470736,106.120667,-47.084096,276.037060,300.207736,284.515452,258.478637
-465.662712,-599.537794,-3.429554,-23.863694,61.956494,72.200602,377.144715,159.182965,303.745043,236.097758
-483.063727,-494.187899,68.034189,56.569673,28.572309,-53.492769,361.900891,173.656506,351.543920,249.818205
-451.435115,-541.521112,-33.700462,54.423640,10.747299,-53.399683,276.374947,330.740070,290.636661,283.667094
-480.230866,-639.232008,3.061534,128.637818,159.218054,-56.994799,221.885661,308.244508,297.490097,274.179282
-453.451349,-410.627462,49.217831,-65.107131,-47.614504,21.720943,193.298277,312.963279,324.043805,307.076203
-518.690379,-533.608912,62.379122,86.326503,59.463500,-89.659522,216.065865,337.417186,289.657619,299.692138
-364.033725,-500.527777,-105.350481,-10.383189,98.462433,-49.448228,359.084366,165.146328,333.114376,257.689370
-469.925272,-524.330174,34.334892,-92.118938,27.397289,97.454618,381.909878,311.055595,250.902591,218.335129
-453.633629,-644.007097,4.196808,-77.669906,117.708997,85.870354,355.708645,266.762036,326.842984,232.984005
-545.606961,-522.819199,75.526785,71.445231,62.025251,29.420498,309.853412,189.853222,298.266815,278.536780
-628.787785,-495.340334,94.452653,77.170193,146.222675,17.927094,168.502287,218.046025,361.526271,240.554851
-649.898013,-534.178182,61.763175,63.446892,-10.980546,30.712459,387.148141,243.589973,250.807274,298.824917
-554.380769,-507.078124,-2.833580,16.987484,47.464000,73.198054,337.480758,149.302025,305.321226,290.096817
-486.842312,-596.944070,-2.917903,-3.367079,35.232909,118.862626,229.417390,245.227278,252.482980,231.804315
-499.008690,-625.988030,90.517188,21.824852,144.481702,-56.411156,266.265236,311.180223,327.953803,319.453532
-451.259487,-638.060379,-59.797334,72.619682,52.271929,28.225356,368.608051,329.880716,286.914154,236.635800
-521.900167,-651.227893,94.729197,-78.640227,22.833290,61.439964,422.559769,339.321275,318.990001,263.664507
-514.483552,-462.124298,13.842898,67.899894,13.708771,-65.027383,353.907780,90.122157,318.973127,276.923795
-594.638100,-504.660640,84.314232,61.638904,22.315763,87.112107,332.616462,227.679704,248.394206,292.848222
-609.724469,-500.272499,10.414088,124.508921,31.157677,-4.425043,199.830078,283.491060,294.262648,248.039771
-483.801306,-550.552560,-46.857753,-43.278816,113.145813,61.720770,278.696984,222.970350,294.381857,286.559957
-564.098268,-515.769492,16.238184,103.099703,188.647649,16.354858,257.009289,139.236760,251.507436,232.011556
-487.757464,-595.382770,34.557288,11.330982,96.664573,79.787496,284.197039,256.295118,277.906286,282.317603
-545.853888,-533.226461,42.260875,91.790066,63.264050,-2.037631,247.138319,185.578789,281.034132,261.819174
-448.704096,-455.196876,-88.903782,43.941178,34.793935,57.703013,333.099917,311.448192,238.040430,259.427601
-552.006698,-472.695257,-17.977453,-51.020489,18.863240,-53.016750,275.573587,374.036464,298.275552,268.024588
-435.407347,-628.300655,82.039937,86.093152,41.753334,54.890099,202.490459,252.835569,262.034800,274.437768
-493.003332,-567.300206,139.522460,28.220910,76.181250,9.290842,180.183864,231.891627,380.549748,227.405808
-500.591766,-533.576354,-3.747680,-24.366194,116.798427,62.864401,273.405901,265.281359,276.584408,249.139382
-480.026593,-569.449471,98.492370,40.735986,95.295371,21.331605,114.916211,289.164175,278.873715,280.400687
-654.009103,-586.971733,125.194432,121.410112,13.560693,32.396340,272.628268,176.405480,334.173402,259.982808
-529.531371,-522.241898,50.930968,69.860083,55.947727,70.415869,128.399904,283.242509,297.448110,287.367851
-540.283755,-496.983519,8.810619,132.155792,151.916129,46.092213,282.327007,171.207355,253.503505,223.567067
-390.349399,-579.422735,-9.819362,-36.316144,122.211403,-28.562996,349.036273,239.789343,264.161996,249.363402
-464.101673,-597.189218,8.088987,145.260332,75.557642,-60.798175,306.318997,255.749831,279.263394,238.412962
-556.395217,-470.435369,72.326261,65.108097,62.205525,58.053410,301.753061,76.265176,280.553220,306.879100
-622.867323,-470.381323,-27.435424,-85.401969,102.932211,33.515321,418.054611,334.467770,250.755311,212.425926
-550.354031,-575.637760,-23.332492,20.941136,43.349318,156.966707,371.656715,326.987060,228.689589,239.878488
-613.452338,-434.529025,-9.061800,59.104743,-40.298111,-42.238011,488.178330,60.113737,273.209281,270.950548
-510.710289,-510.356457,60.282323,-29.212804,-10.118955,142.739639,350.024546,102.606328,263.192585,249.329667
-540.729602,-635.555307,92.834569,114.294492,36.194060,72.624810,270.252430,243.143305,282.484121,277.681530
-554.814582,-402.482825,77.744955,0.528241,-61.100385,-29.224800,248.328723,257.182551,344.075920,221.286980
-435.280397,-536.548981,3.231015,38.560957,55.436501,78.239221,286.388404,220.724804,240.462832,238.346963
-537.422298,-495.781948,56.246010,66.824835,23.568057,34.594964,229.190528,263.671860,290.723490,244.801840
-467.293893,-511.050605,-54.087969,-50.153569,50.789635,-34.656061,396.266173,253.763360,275.915931,297.185922
-362.100805,-496.329642,71.116125,-103.637823,-85.260977,21.053674,162.841745,304.792915,312.766309,264.463776
-472.342792,-594.832045,84.206239,-4.992563,63.684145,50.881977,359.845136,214.360431,261.477232,241.751223
-540.145537,-599.423296,82.161669,18.047277,37.179129,-3.256458,247.424421,284.835320,291.434158,294.023502
-368.373170,-542.520366,-36.157324,-26.129934,-8.796921,98.962690,258.112601,322.066066,286.109822,225.062274
-476.914007,-520.148804,30.308063,83.629885,67.607072,114.181397,280.997916,130.784226,210.571312,243.834520
-579.509212,-481.363770,-7.888104,-0.821360,63.109422,55.290854,338.486798,212.581432,293.881544,318.812945
-474.231044,-549.216274,-49.193067,17.016951,80.032067,24.411960,329.998447,302.549862,221.899262,228.291116
-486.944116,-677.971232,48.664483,-8.424309,138.389033,-54.818828,358.265620,245.665412,288.001483,306.118245
-406.729381,-550.240688,-45.406012,8.191281,41.088240,-9.134636,313.298641,361.396578,237.611191,272.555109
-521.536613,-549.148012,54.411539,60.264886,5.273825,120.415323,299.506527,221.723316,278.561145,267.135519
-488.378235,-556.632887,34.219265,-25.461755,76.385188,87.627150,236.639234,229.969025,272.894239,263.292964
-482.136924,-507.638984,73.915865,52.594429,-5.182352,-91.721917,388.166589,271.529012,240.497382,188.677924
-530.211371,-525.021664,79.828772,-35.642352,27.823250,9.906857,230.680771,246.707178,311.908091,277.846831
-524.235471,-401.073535,16.710650,105.336640,-60.913573,-128.824170,387.335900,303.500574,247.779848,279.369098
-474.447945,-478.980070,62.927915,119.968197,58.259030,-91.554682,255.976092,186.831284,270.099530,288.720818
-467.953041,-626.133213,-96.280518,-57.490260,140.597814,40.345589,402.918203,243.880546,318.355140,258.648692
-522.275746,-585.099117,107.299674,104.248742,153.579734,52.171730,324.191561,126.265801,290.888837,274.316726
-535.219447,-478.170612,154.071418,65.221787,-106.155301,22.531722,181.735643,238.908664,312.351775,280.229541
-430.366501,-496.824979,-7.531301,24.998001,87.129889,40.362200,155.367489,242.385181,237.468300,269.071079
-459.273893,-572.175478,114.380391,-18.549549,42.418476,18.550406,406.400912,188.003925,230.635639,273.278092
-464.701890,-721.583087,17.658217,66.590259,71.715252,31.500053,265.999150,277.845861,306.093166,266.674887
-405.741555,-494.156749,-53.318583,29.366994,87.660923,-27.310372,343.564626,212.475413,295.858017,261.655726
-466.070649,-538.374088,18.313726,69.658083,92.727603,-70.961944,319.771371,295.822202,232.257861,261.498283
-636.791418,-400.860506,24.921170,36.237509,54.712841,79.908739,128.110844,293.478242,278.508012,272.135063
-502.770627,-566.130962,-8.953962,-115.490304,30.685536,9.065328,244.425304,339.851328,264.639358,312.899901
-431.759037,-574.282228,-13.512783,48.885622,162.024398,-66.261466,404.487408,209.859486,299.556060,187.063215
-560.550980,-519.362841,25.878990,6.055282,20.673161,92.162293,257.132211,269.765359,315.240368,273.946044
-557.275576,-478.690306,72.182316,-28.187020,-10.332641,-98.501354,345.157422,265.193377,238.231281,304.605693
-552.926579,-557.563064,193.305755,112.761979,36.098536,58.234302,203.665765,113.362995,301.203577,303.389452
-560.209342,-537.270031,119.399290,74.431420,48.914180,-19.823311,134.297209,356.976012,270.833675,253.359268
-534.249394,-541.327492,38.799127,102.417593,75.080391,-15.157112,343.321946,161.281405,296.197356,302.466367
-609.512413,-549.580077,60.688185,136.568232,-3.127186,41.835259,395.433221,209.619715,274.692900,221.623095
-592.347275,-534.771821,-5.999008,21.491400,35.808279,52.254506,224.551535,419.371351,264.418648,281.046084
-508.024748,-438.051434,-18.616936,19.629351,49.301888,-33.324116,194.286463,260.923149,321.365022,244.739642
-494.360923,-414.173693,98.364692,58.601122,0.429987,-79.977977,356.876429,108.903236,242.033870,273.151428
-432.452035,-553.392193,77.237793,51.415227,26.899340,-73.694836,405.525123,319.567025,272.844555,193.444931
-439.190642,-541.122573,11.879546,-90.790213,29.676340,125.688196,259.130240,223.747171,280.550116,282.236761
-457.801137,-494.795827,-91.041932,16.753805,134.452912,-66.295648,174.001500,350.777376,357.678762,234.488157
-527.407169,-544.500023,60.928686,-70.550999,87.416225,16.058847,331.458326,249.325452,259.367241,211.501198
-555.227286,-547.414496,-3.376419,26.214580,85.478945,10.789530,431.853076,253.169948,254.738940,225.986606
-446.319137,-422.970953,-43.596665,-107.674717,42.285108,66.697021,404.976980,180.079855,276.149567,240.288538
-590.088345,-428.165131,49.738950,117.492054,12.948271,73.754285,189.754525,202.875931,288.332431,277.939380
-595.874583,-436.320365,50.163691,136.715196,-44.158590,-136.668575,221.799566,382.902563,258.992655,269.597430
-485.261296,-447.790203,104.749865,29.836281,-50.998396,-78.849962,288.912363,346.839740,300.095949,256.526520
-445.217354,-487.986149,80.173542,-62.892784,-2.434397,8.889330,325.650754,242.225351,250.126529,309.820615
-447.519795,-507.112020,28.192000,-38.195948,-44.312491,-14.197205,371.148370,269.905366,321.452443,252.317796
-504.345565,-587.887718,47.656051,24.317209,89.781881,115.421787,251.877704,305.084200,228.994690,207.307908
-456.969027,-470.596435,67.236013,61.939411,-5.030504,-90.708451,364.835628,300.565045,256.917206,279.668629
-501.512311,-455.463033,-24.839494,28.973243,37.279971,-40.284548,308.578981,339.771555,255.227726,290.018637
-452.956594,-517.755843,7.284107,73.283882,34.988892,51.881450,137.062970,364.122788,310.407654,198.169922
-556.366032,-558.538387,137.919961,135.318535,124.828507,42.153985,200.709538,193.320877,295.212465,262.683173
-563.542432,-501.404345,-7.710688,47.375427,119.327562,-92.174407,464.216057,270.501729,255.663491,278.907866
-502.832505,-519.417677,90.394092,65.905808,-3.594279,66.918021,300.416281,148.175531,263.120552,280.523142
-434.673264,-568.346810,-53.547443,33.765655,120.921828,6.014854,264.952772,282.573555,297.492618,295.495408
-636.943708,-601.215640,13.523042,95.519347,118.038925,29.978062,264.301297,293.373490,274.282065,280.860235
-490.874350,-491.538458,64.648483,22.497190,-21.505521,44.326392,312.674604,235.050557,307.118144,268.560745
-536.754897,-522.412901,-10.741934,13.311200,114.528863,-5.918001,401.196964,177.440908,239.012056,286.816112
-592.950752,-617.037085,16.699348,33.358747,92.686479,100.553273,317.193539,128.660851,257.765626,294.384255
-486.987412,-531.171420,-82.361473,-35.165251,113.377670,-71.936988,415.352761,259.662855,289.666581,258.502998
-480.084009,-495.194351,9.838232,-71.059719,46.846499,62.855529,265.004041,338.290804,281.025144,289.257981
-550.315817,-461.024276,-81.322959,19.667632,152.957037,55.161394,281.801774,322.896258,270.527377,211.773761
-491.368731,-479.167823,-6.734951,62.866322,58.670063,-43.040695,417.398386,235.201626,226.259968,259.422629
-582.185654,-421.795370,80.769284,72.436488,-37.518060,-53.016434,352.447757,244.860509,277.301201,285.776622
-546.446559,-579.489147,58.710986,73.013820,37.204541,45.219291,252.445636,295.264987,292.624882,244.847367
-622.178446,-429.761473,-0.285377,6.871992,-32.496241,12.584654,336.023863,359.085380,234.530827,283.948656
-559.850985,-555.512312,65.755771,58.371377,59.820238,0.402325,405.228490,168.653281,274.847980,242.945750
-501.861090,-521.115344,19.072915,-36.444924,-25.544639,-19.528100,343.018845,221.498810,286.850089,242.837935
-545.972143,-504.214424,48.648812,3.283121,56.153065,18.825682,300.946177,302.205480,222.413658,240.676077
-585.697779,-559.030163,86.590309,173.719097,-4.611752,46.627389,188.488027,200.815513,296.095528,304.867916
-545.903289,-477.610843,-58.971898,176.253584,127.355944,-20.622687,171.127906,283.724373,263.667693,317.765071
-313.037501,-521.583377,-78.212599,-92.012343,-67.309057,-41.265961,355.741691,301.877884,273.021467,272.991478
-568.661502,-622.752841,49.767273,60.596530,96.969859,19.003491,266.698049,242.531119,281.703486,230.089462
-438.002492,-521.789653,-9.506974,69.952722,172.795561,60.556627,264.120760,173.147140,232.545407,223.050224
-520.721648,-438.986700,93.042115,-15.708208,-53.055989,-21.771088,363.462119,219.921076,258.785742,225.645807
-427.618166,-597.153914,50.935854,67.918096,51.837950,31.235904,322.913216,238.834908,253.522138,277.690595
-512.774387,-635.819524,111.446810,61.475202,81.921854,24.681282,261.821040,230.933706,297.884448,287.403897
-438.030424,-595.206503,36.191992,-26.213051,47.495045,132.103518,311.481973,206.730893,285.810841,284.905596
-583.803090,-589.209972,182.049648,95.228854,68.530630,32.923102,298.699824,200.576804,289.308047,241.985458
-608.004854,-453.065555,54.165000,54.754296,-7.928025,132.650678,198.340360,186.181483,268.014204,266.370715
-480.523743,-497.737792,65.165496,1.637431,8.456801,-23.879443,405.600136,213.277138,268.068422,215.233040
-439.619767,-560.391465,19.338220,68.023812,140.357572,32.503167,198.788599,208.921610,308.941438,246.107669
-537.465433,-546.930841,18.738131,68.815214,64.442836,-41.817855,310.662014,248.524140,339.178870,306.050078
-474.358435,-519.067095,4.364913,-34.209868,69.234600,52.605915,216.299650,230.451457,303.974397,302.345141
-510.595773,-656.743665,102.309676,89.692249,109.038127,19.078288,290.244674,163.461665,300.579102,285.867411
-525.361928,-480.334324,71.241717,-56.547071,37.190639,9.355456,329.897114,245.759126,273.834624,270.870888
-518.466700,-574.045339,-49.221301,186.906440,74.840896,-67.068030,259.527277,331.758822,234.258172,208.308556
-622.327588,-567.722868,84.960486,58.586826,-46.018637,25.828337,333.043150,313.565052,273.801168,279.875988
-411.471652,-531.050843,-24.488247,17.522037,32.102562,-17.252726,350.288462,197.071371,255.901291,290.263256
-534.802444,-483.548355,94.186791,-6.148819,-21.344748,8.140958,302.842300,257.877990,331.427180,265.713876
-731.496905,-526.770176,58.379706,63.289413,183.080789,-20.749392,127.844944,298.654813,385.172128,290.197852
-587.720974,-613.241195,126.079330,75.754276,126.345806,51.073337,231.574371,262.669910,315.138928,244.014680
-556.867293,-388.246895,2.568353,45.494348,40.491495,98.565956,233.788772,238.547096,329.218382,233.614198
-482.918877,-587.863277,31.695879,-49.701697,154.619565,0.247108,336.803277,213.283791,338.884338,231.315747
-444.105596,-581.437552,-52.701407,-32.713915,53.687254,86.076447,256.905479,201.764708,293.446426,340.801335
-516.088720,-396.647050,87.386165,32.566400,3.450087,-47.652851,340.292053,141.776324,315.269088,270.674511
-503.088917,-554.837895,113.876632,113.223741,25.384715,-12.234964,141.940431,344.883269,307.879073,265.949427
-579.533573,-528.134849,-80.208561,150.432840,99.126319,4.832277,285.403223,199.744611,240.582636,264.687472
-672.945540,-448.561201,32.273951,88.818020,-63.625323,100.119704,197.143214,309.696739,269.276036,307.404093
-416.353687,-563.816564,-15.073488,-37.461380,88.320038,17.800183,393.463871,238.292241,311.832226,286.498611
-507.701701,-470.340749,27.184548,-105.661035,49.144479,45.353458,205.818835,422.402834,292.037864,284.458063
-601.853137,-481.838629,30.112009,18.380497,-21.325748,72.532794,378.045794,289.922932,246.680541,259.854884
-491.261012,-524.833121,38.130530,53.453239,51.977661,1.445661,365.272395,163.808507,229.680013,267.649096
-502.641854,-510.953555,87.610722,1.084813,-44.381274,-30.814927,473.895558,247.693154,293.824944,248.887730
-481.788756,-494.940687,-62.065030,-21.882310,64.014221,-34.809525,378.477337,292.004044,299.085370,236.434401
-608.382960,-553.732431,64.785254,-16.004318,128.091008,-13.715301,241.761468,278.235313,287.722893,253.260979
-542.955044,-625.213882,9.638767,103.474412,202.328768,97.020623,225.475691,219.605678,267.523000,239.649734
-460.322223,-620.994872,-0.030806,41.869634,38.439276,79.398587,326.789756,245.002409,251.454829,239.767736
-550.924757,-372.025774,-0.728649,26.262237,24.888239,-76.009394,361.079753,243.946205,254.644265,261.129347
-471.148233,-462.559560,-16.654528,-21.448265,35.984307,100.560745,331.519806,196.388120,262.288934,257.380011
-495.217817,-523.073000,-40.216112,101.446475,15.934011,29.347386,285.254843,239.670771,309.787468,267.357211
-536.856357,-461.714084,-59.667688,-53.474512,74.851807,27.563826,348.263356,316.401322,253.954975,296.740313
-471.249580,-589.188413,65.690743,-59.700142,30.844840,2.280823,358.577201,286.782043,229.813040,269.552656
-524.880586,-398.252741,-132.256103,-33.065636,-34.827762,-8.095158,331.345034,326.673430,338.681800,260.792128
-571.674435,-539.276757,86.488722,85.985412,34.883787,-70.977961,167.206059,366.018848,292.143361,254.507663
-595.349094,-496.880042,-9.388837,97.076446,90.765889,69.106114,364.034159,307.410130,212.092526,219.407377
-414.240390,-494.185465,-38.981694,-37.327957,66.113536,40.702207,342.025323,232.367485,262.533896,238.439947
-505.331012,-527.026974,157.360503,-79.361355,15.418620,22.322743,378.616148,152.124005,300.460581,279.741121
-605.914998,-445.491325,27.373712,10.093330,76.890068,41.894163,283.502162,226.041307,260.135421,251.335523
-409.395533,-533.190893,6.161133,11.348963,91.142034,-8.616800,212.985352,188.214834,264.381535,314.479048
-542.399971,-457.422017,-0.136244,-159.203292,107.477047,73.698280,322.859304,390.486783,261.687943,242.713807
-493.864742,-535.371240,-12.221852,91.194794,26.793400,-41.826240,401.134311,220.278104,281.404673,271.814945
-418.656000,-620.373271,118.434997,36.520371,-45.758648,50.763963,291.737831,206.360229,321.202060,274.143291
-510.902573,-653.835860,200.511747,199.894400,44.542908,-29.221744,307.940256,211.344706,291.539237,204.070741
-502.875852,-572.125826,54.368667,122.710451,-48.857480,57.186707,169.541894,189.710912,325.465737,333.596118
-430.596080,-580.030668,56.515401,35.590004,28.284295,-29.384607,283.349138,234.182405,302.241987,258.733244
-417.009108,-591.189784,0.127793,-129.597418,94.807407,55.265217,525.686709,190.868058,257.145038,233.888789
-525.276060,-594.504296,75.130655,69.392676,114.157820,28.820422,411.448183,188.692423,283.235090,245.010925
-467.465332,-447.295241,-26.288782,19.291632,20.484082,-10.156237,196.394806,375.098549,303.018518,249.693097
-548.887506,-554.693618,70.842070,128.553344,14.540430,22.444429,332.256955,153.531931,302.105602,213.924493
-544.448666,-552.447702,-29.102534,-33.034128,190.202657,82.386058,339.189436,172.156649,241.454979,269.987388
-536.685812,-482.229174,21.311624,20.264665,56.551701,42.387952,182.459192,232.589479,338.683316,285.910091
-608.374426,-520.237852,5.444984,191.875780,-37.891017,73.165351,288.320133,240.168554,251.946967,278.294648
-459.096462,-593.262732,103.741771,-17.120058,24.686200,47.615326,179.466789,259.136547,314.182640,272.662215
-532.761156,-464.265298,-21.491643,55.085026,54.334699,22.932254,321.536854,196.234805,265.748396,296.571069
-528.569229,-547.129549,-20.915670,86.839551,81.216543,-76.500812,330.811144,333.035366,253.558600,243.374921
-540.290100,-594.356757,14.347696,111.770336,154.324865,101.393835,119.601795,209.164806,287.743459,234.560759
-543.612735,-485.007642,102.978922,-68.186922,15.671096,9.460717,362.118508,79.281320,306.988164,304.753939
-479.282244,-441.188687,2.400040,-18.511635,43.856910,58.700601,348.088901,203.321870,230.400785,226.513526
-459.433298,-601.531520,82.506642,88.374825,97.461630,20.836057,128.711592,283.422299,288.046347,263.841688
-332.846521,-681.720062,75.232251,-6.973525,105.205293,-14.132388,73.872734,300.196797,377.883902,247.394145
-574.716097,-620.448571,90.217391,120.139537,124.975244,-6.476289,271.387276,237.377066,266.946570,260.434252
-537.259368,-551.077505,152.023765,25.118335,164.944299,147.147706,64.778007,210.324391,293.019891,320.115835
-547.647712,-555.151976,23.696048,19.065610,115.465197,46.831308,155.772973,306.497430,312.667233,257.147654
-587.622815,-555.492658,94.004144,49.439388,68.710328,-27.970675,361.576531,324.414487,294.199600,218.372082
-536.651260,-488.460762,-3.658949,11.919318,42.393927,-38.096475,431.728961,170.455594,326.706404,272.181969
-580.047599,-546.094615,7.069681,55.681874,31.213240,66.822922,445.527894,211.844222,288.823263,213.210247
-580.514542,-444.669310,-70.874133,-43.181279,52.996262,124.077520,265.549348,289.804699,285.415438,281.458482
-430.069792,-534.940157,-10.034170,-75.944554,103.644618,42.670391,324.417581,175.392206,266.154984,235.159915
-459.561051,-553.094241,24.378009,89.684353,13.150384,29.963478,140.436501,199.503181,341.027038,271.287535
-582.485412,-352.064969,-29.608883,112.146742,-43.168855,-29.420592,311.841552,158.559190,288.355783,317.444667
-564.416580,-524.274596,68.754968,103.301616,75.658791,24.077572,228.252817,302.354749,293.668620,245.681201
-552.068950,-442.823421,-2.231299,80.085625,79.986836,64.058574,88.205278,267.271118,349.149628,255.726536
-492.522883,-588.298061,122.758771,-60.322745,8.295834,-112.670958,404.379938,275.625408,272.679987,276.593958
-632.756782,-509.822106,67.284829,27.366477,121.723203,-5.540257,286.202535,269.718831,306.969690,266.457594
-463.150033,-657.974498,31.096360,-4.987322,169.555143,-34.739303,324.177800,338.517539,287.692153,210.200113
-600.470234,-395.024342,51.859547,74.932593,36.666226,7.693699,117.365749,310.428760,312.799688,261.948301
-529.759726,-543.092834,184.659689,59.949724,43.167524,-28.780095,240.887084,306.035268,281.974317,245.653942
-420.984330,-531.493964,92.623676,-38.846019,-31.985614,-38.965897,308.055937,300.875598,275.544036,320.042589
-519.174248,-419.743589,35.293300,-45.705472,-66.548732,116.805214,284.901376,267.088670,289.288974,276.628281
-446.051935,-524.347631,-55.680681,-114.140657,81.765651,-39.962466,377.189606,310.593449,253.087708,268.879132
-561.512788,-504.878757,-1.028691,-36.491047,-16.139901,77.729427,341.888953,214.970961,321.270424,229.768125
-414.988244,-517.939596,-49.021838,73.449801,71.710365,-72.664357,277.231837,221.130810,310.027371,321.655328
-559.570264,-468.238311,104.241076,-5.914218,-2.686269,-0.343006,330.735713,278.984073,268.311558,304.983856
-494.967158,-592.654327,43.001365,41.866766,45.171337,33.350665,319.413457,303.685527,289.478238,262.181276
-424.296896,-656.953842,63.094385,96.618971,79.631334,93.327240,310.553547,120.314020,255.911021,254.128166
-464.755802,-453.465907,58.415532,5.335273,2.490518,-44.598868,415.744761,163.577388,297.580799,301.437677
-532.365035,-539.078030,-15.748771,-37.103937,7.990609,86.589332,375.412908,292.709346,274.957088,288.552292
-591.232795,-528.569906,-72.713153,110.946057,234.059332,13.065349,447.637159,116.027983,292.920227,247.542762
-442.137386,-544.981733,12.500193,-192.105416,60.724209,64.635756,369.409662,232.001890,266.134380,312.009934
-518.515372,-548.344251,92.639186,60.793299,5.046212,89.213668,260.240797,161.457760,303.140046,277.493901
-566.497945,-447.535512,-84.946145,92.823154,87.884928,2.666574,354.007949,313.728000,274.443617,251.563646
-400.637778,-428.002990,9.119620,-9.826458,53.861191,-105.544234,376.584479,220.698548,238.043109,254.166685
-467.421252,-513.669688,55.957066,-4.987060,-21.178922,29.236194,287.986248,227.065805,281.435919,252.182283
-430.212787,-604.887088,70.668380,46.823893,29.870518,39.922437,139.403044,236.645710,312.972489,264.157570
-462.903423,-583.096101,59.237527,60.361280,-25.685316,79.876148,284.544094,252.316802,309.460131,270.006569
-535.356179,-656.846889,19.620911,99.030066,77.108159,53.678402,256.273268,185.701855,368.501468,263.971630
-427.180335,-566.292403,8.583571,-45.197913,107.096896,9.880565,228.200377,261.176876,256.591356,273.042484
-448.454912,-476.162502,-113.494806,-10.171513,66.716760,-27.093393,403.029645,257.990252,292.155791,206.960361
-454.608810,-499.279961,-1.869138,-77.085900,54.839656,-27.871764,334.663726,331.033117,239.073035,271.044844
-550.549357,-485.671762,-27.511122,93.581466,59.575353,53.371347,333.491303,176.318758,252.693125,260.735347
-437.529995,-622.690995,54.819411,24.687150,86.191710,34.678023,261.276258,192.486129,276.481096,308.173800
-464.771583,-519.128176,-64.916899,91.170216,118.645207,-29.455078,325.346239,230.853215,281.268825,257.353242
-543.460846,-409.336232,92.619343,29.742424,62.622104,77.556612,193.059512,245.586235,277.793252,222.931526
-389.913493,-583.840454,9.235873,-28.483187,38.902114,-18.723188,249.515454,226.014574,339.922257,308.543794
-408.819812,-607.642664,-47.099506,73.991784,98.931208,-71.652891,429.436007,185.717482,267.597729,219.553701
-449.538699,-444.948669,0.916264,-19.620918,40.444577,-68.044446,249.444986,314.047388,247.792283,228.783159
-527.966560,-454.385325,-66.359997,65.719098,59.291699,60.477552,318.590987,303.466713,296.974819,253.237649
-491.558271,-485.166856,69.166478,44.840530,45.382432,-8.526965,130.941640,268.880316,268.191393,297.518510
-538.026542,-482.794034,60.828753,-115.354083,27.534551,208.342168,314.152894,166.241098,292.942351,288.628286
-534.826220,-458.352253,-6.521231,-21.545298,16.358085,43.373578,308.222955,228.144557,316.839669,287.177165
-543.161230,-481.255715,-16.878780,-45.032717,68.275598,-31.610686,314.512277,353.449331,256.368612,246.391902
-446.749213,-600.190384,-8.889818,14.064254,144.161445,109.335451,215.028846,276.007351,256.472574,264.729405
-555.414732,-521.960405,49.306672,-18.799011,9.682969,97.831242,317.273182,249.719352,294.614486,249.428470
-448.595568,-559.837487,42.262552,-16.622591,124.554177,-49.653933,356.022319,159.822497,286.805651,270.030509
-514.757663,-500.287543,98.136674,18.568669,-57.877477,-9.654482,284.534776,325.465157,266.148761,282.762965
-558.114757,-454.603486,17.317153,141.292974,-15.175653,32.867914,266.293766,177.334442,304.182384,236.356156
-544.465917,-638.463174,78.355503,48.162607,176.302676,-22.919896,184.945995,380.596485,255.579742,278.624711
-552.388391,-507.824249,124.185067,-18.007698,68.902447,-3.213975,94.491276,286.692725,363.309984,276.741702
-513.222388,-509.422296,22.518768,-35.645853,121.944600,-23.801468,402.969993,195.421360,275.214483,272.607780
-434.658391,-525.707280,36.641209,-3.717047,29.941780,-83.148114,342.105485,269.139426,317.307758,238.761015
-470.623974,-601.279852,25.108096,-2.810792,82.698648,-14.876882,431.829166,224.703926,256.844032,299.690018
-720.053087,-494.130132,-15.804065,71.430170,66.843925,59.356101,467.406496,188.830311,289.904308,269.772362
-569.274902,-582.925348,98.129319,31.130666,97.329743,89.703818,235.412402,249.656261,302.125704,261.068558
-512.817868,-602.789160,31.086211,89.734922,64.285982,-71.976324,348.515709,307.409868,235.096847,254.659677
-494.077653,-507.160974,52.289610,102.726382,63.490989,42.845323,246.506044,183.310606,260.842290,246.397846
-649.241846,-431.064814,15.057459,28.329356,115.412996,76.774965,206.346943,189.856496,380.612241,254.815915
-482.893964,-530.923036,-27.613613,-58.479919,85.927092,22.076444,290.600246,366.630379,237.391260,280.121419
-423.349525,-602.635305,-85.018093,-53.547607,80.220921,132.914221,337.858128,271.324854,280.572931,253.748959
-489.692115,-597.552174,20.764808,35.951425,72.518446,41.876628,307.157697,276.184525,278.810670,254.482009
-561.162471,-413.545064,80.155350,2.382684,7.682023,-16.197983,350.666537,214.706262,272.777277,275.473423
-435.455236,-611.273094,22.347888,60.783697,-50.154544,66.813049,376.181836,369.715879,193.797513,260.159788
-459.790155,-497.057665,-152.076505,53.938245,61.705867,-36.953650,327.938921,118.932227,383.225290,264.690989
-477.972781,-471.321134,-20.129221,37.599334,-30.775834,-0.213893,393.230130,179.532809,310.219504,299.421345
-596.160132,-599.693920,74.027930,122.062163,87.502697,31.740176,146.443006,328.012015,312.248872,293.428229
-450.737701,-603.818185,-19.531291,84.738944,133.175365,-21.183848,251.442378,319.135520,285.091592,247.110808
-549.980653,-516.879247,12.538329,2.617236,-30.990071,43.171395,326.859859,317.255905,308.016943,278.864667
-651.918548,-415.512272,164.420719,-98.525305,29.579330,19.542071,102.381115,342.576553,299.566989,318.526024
-492.285603,-484.438094,73.892480,107.209542,101.804251,61.507276,243.976997,46.114393,269.550346,259.880747
-599.838780,-404.617621,29.120064,44.390290,78.231619,-157.646727,451.171318,252.118616,234.436389,269.103784
-488.917615,-554.983776,76.519725,146.943294,61.430354,-81.739360,312.719302,212.897305,269.614278,235.161443
-509.135105,-583.714039,99.862287,-58.218291,-23.398738,18.384643,369.782793,266.837934,327.626105,206.756840
-554.786123,-514.719397,1.205279,39.062780,30.980489,-29.012130,347.751399,373.460671,231.226536,192.071533
-344.528600,-626.227374,63.536829,-23.888597,29.373860,47.408251,285.028598,168.608653,380.636595,247.911810
-548.204236,-521.540828,3.075283,11.050131,80.799196,61.572277,266.801465,258.716469,285.821181,272.195114
-536.817754,-649.997149,54.202459,66.358731,41.811643,90.632956,221.227460,212.689657,281.655881,325.166778
-612.874050,-446.347935,63.714340,144.878686,121.042300,21.923356,193.235456,186.614376,337.030694,207.100471
-575.113139,-613.678169,76.488989,-7.792971,141.695083,0.580288,368.425404,229.424451,281.416317,251.035950
-447.784769,-606.426643,1.010214,130.202343,67.144787,-81.384699,194.131681,296.580214,292.879614,281.363159
-615.788620,-481.692278,96.567783,34.545310,79.067673,18.389472,222.018860,287.823770,315.701057,272.443821
-513.575384,-467.213971,-103.697702,-34.786017,132.453456,101.610296,362.340758,255.674368,225.522636,270.704287
-514.617535,-618.371167,22.704653,89.655942,60.523880,11.736203,291.711735,235.708900,320.598991,251.671568
-569.198274,-495.022957,69.805342,156.576587,37.447803,47.281005,143.145740,237.830727,300.343133,267.264179
-421.464864,-616.091016,24.738763,59.219066,42.466045,130.638960,200.947852,146.834558,286.423001,254.974284
-509.078611,-505.553110,3.851417,3.982625,6.571032,-31.155347,260.628601,389.571485,338.446935,259.932086
-429.591151,-483.476421,70.995090,-80.638294,-44.819573,15.616063,358.062702,226.731734,318.119710,260.148961
-627.826501,-427.282409,66.976812,4.303139,77.685976,-2.771511,244.688362,303.167666,295.320152,232.843791
-593.913978,-531.761474,11.632913,-67.182520,91.867676,17.529794,306.629874,194.757495,317.412562,269.203804
-488.888579,-508.269495,44.258637,-14.229699,48.220479,19.223092,412.432276,249.692348,250.397229,249.586123
-508.987166,-499.829222,90.901298,-28.932484,-39.872928,172.765293,332.301914,159.891430,264.754025,208.472326
-640.010405,-512.122330,3.293164,67.028349,45.964727,-9.838051,430.219829,239.680478,242.067085,309.390297
-525.950161,-519.113420,3.543909,87.386557,132.162347,18.420200,179.069299,271.232000,302.079545,284.807348
-527.002078,-657.021117,-116.480160,55.560051,190.928551,35.489466,441.284132,147.103558,282.727179,304.718747
-532.044296,-532.591939,65.681982,-115.011442,-31.263406,101.900430,246.368885,318.771779,268.872538,259.255841
-510.031619,-510.825426,21.555384,-29.546871,23.296792,53.092729,307.650983,244.971349,288.887455,279.389378
-539.785707,-497.684626,116.264439,-18.371356,71.571930,-72.491514,313.988723,265.597325,328.894340,227.230103
-457.558626,-439.015645,16.112789,108.595094,17.423499,-95.028876,351.771665,262.764147,271.250899,234.970807
-549.126133,-613.708275,-18.721300,62.260404,160.974476,96.008782,242.847063,279.749386,287.188114,271.669793
-502.004375,-534.144774,83.374336,-8.603047,70.072468,-132.437659,380.161063,226.202633,302.212208,250.603592
-528.409558,-569.155713,83.580642,-18.343793,23.667613,71.144724,300.052262,189.175601,299.972886,290.780665
-424.282318,-552.715288,57.512368,-67.077892,-21.179528,-25.567224,496.466537,207.644173,281.742756,273.789417
-517.275552,-429.698912,41.360499,-28.620500,-22.263326,2.695267,231.313827,245.495577,340.928492,289.662611
-543.649929,-498.935558,-64.610603,-34.708346,125.498105,29.226239,319.254276,225.220436,317.158160,265.226697
-547.373909,-557.482349,-16.032822,4.676131,-12.643857,69.387483,404.391735,237.987122,302.310270,269.820220
-543.596541,-493.196750,31.519952,-29.878045,129.937404,-20.908349,213.154033,321.332038,261.385137,269.981578
-471.908346,-536.532901,-37.661981,0.363791,120.971174,-48.353255,518.855928,194.799427,269.662229,249.948648
-559.651372,-463.936578,13.870918,69.180967,132.372484,63.200280,311.523962,88.933808,273.080096,218.864375
-469.278312,-590.486285,-39.569275,-38.272323,103.758863,32.258070,454.891447,225.262402,248.677685,258.395712
-600.114494,-401.031408,31.573159,0.862776,58.138880,-15.551531,262.572987,191.771673,343.283845,254.288605
-389.619582,-467.496785,-74.150225,16.817791,79.854312,-101.523076,298.493312,274.193052,273.384960,293.128572
-544.466873,-493.244215,28.689528,-49.484792,54.869526,52.853976,435.087629,154.899910,296.902504,249.662880
-551.307044,-479.650643,42.196912,-25.471182,66.468083,19.783828,295.047117,245.657582,246.435777,276.660302
-543.231323,-492.096723,-17.987937,-3.872153,135.267047,52.349103,274.209035,234.429140,274.824901,259.843124
-537.271290,-543.528292,0.831142,116.405043,56.825298,-8.249704,255.017741,247.873387,274.146663,295.793976
-441.538856,-523.476338,112.225591,44.731849,7.835140,-56.912133,272.092224,365.038392,238.201425,189.977922
-557.735318,-469.096307,102.667984,76.562828,105.244361,19.781403,137.440459,124.933052,366.451690,264.674504
-458.176682,-468.260565,-45.124147,-14.183130,116.305159,-27.747671,128.742465,364.720631,339.920602,329.869507
-515.957642,-515.104847,75.261740,23.320739,-18.349811,35.937741,421.756191,160.713520,296.166762,224.633384
-528.952752,-395.651682,53.235819,-83.529705,-7.681743,49.059381,401.627259,177.609467,314.781799,301.020378
-524.439946,-493.936086,-25.418636,17.414416,66.294588,-32.922751,303.117360,285.167651,322.545983,246.345171
-523.953721,-457.921577,23.792154,-43.237183,-72.474232,45.915572,247.265685,365.650355,350.477555,254.394286
-473.032645,-551.929106,115.761516,5.896978,123.372256,-45.104315,339.456852,79.998851,305.764810,268.721248
-507.869215,-573.548986,19.680034,45.723486,39.839743,48.337530,233.467363,223.299970,334.563703,246.538224
-457.180481,-558.401782,31.891730,108.881827,18.815142,-15.302805,360.356298,233.233521,243.456129,289.915168
-651.147129,-575.553555,111.591593,-34.154786,72.665011,141.579204,283.622321,255.079048,248.967735,266.643762
-412.054670,-489.780613,49.534576,-147.000855,47.853384,-12.186436,281.299446,209.003674,266.757358,311.925248
-540.567905,-621.054683,-73.914993,108.590233,108.158910,101.313249,193.778828,257.665071,310.813158,268.749464
-532.021981,-581.680710,22.896891,125.310429,82.044915,-42.210679,349.523141,232.718822,321.578712,214.505712
-509.520615,-566.857990,69.903821,5.731160,-3.637354,17.337806,211.766590,340.348631,309.596867,330.048250
-511.625531,-579.388629,59.523506,136.290791,74.303793,-110.828976,333.170862,262.776840,286.825499,260.066854
-584.840750,-533.866385,73.072506,-27.629611,98.622384,2.826753,392.915386,212.183482,261.860226,213.060695
-508.568947,-401.374139,-22.257838,6.758786,103.542478,-104.149449,363.222950,262.695387,279.417882,280.131298
-480.178681,-538.597140,141.474621,-53.771008,-17.573390,78.055841,282.592461,270.760773,293.249137,258.090753
-534.825536,-465.537129,38.087531,-56.614606,-4.490232,3.184895,541.177873,213.251915,242.086729,235.240413
-555.505038,-468.536543,-12.713054,24.655387,135.309981,-7.431722,191.175989,289.006736,359.999721,265.268650
-495.018053,-347.029132,36.081916,60.981197,-82.259841,-10.593771,289.713662,130.443860,315.628771,249.934689
-528.257063,-586.139351,67.398939,88.316444,80.110922,18.997066,96.834501,334.428506,333.235434,285.337923
-454.305292,-545.291425,31.457916,-85.496530,-25.379881,20.151748,321.844661,320.058078,242.852629,271.357585
-489.240805,-672.849630,19.521110,135.836245,129.339587,83.360486,172.385411,215.306837,332.676737,274.954723
-515.813532,-415.206811,67.497931,18.703456,-35.737365,-99.854207,181.219030,348.654552,338.347878,263.640916
-422.635756,-477.724102,35.409621,32.513453,-30.870985,21.748887,346.848187,224.128720,256.715148,239.257848
-568.369998,-488.019726,51.222934,-9.065941,2.818873,102.413917,239.741054,307.210533,258.658076,249.126289
-511.549586,-625.336803,23.585001,-2.727353,125.133714,-39.464007,443.881259,257.618446,259.829243,258.084558
-484.663222,-523.844637,28.786548,85.535540,55.619730,-37.110134,304.069566,150.568507,304.584783,287.024858
-421.838087,-586.275659,43.009838,40.774863,33.124752,-72.757381,269.272414,238.386010,301.857347,300.518593
-528.489769,-413.529920,134.200784,-74.852249,12.043627,15.226737,267.744537,236.058548,275.386573,308.588597
-499.111143,-498.838605,59.341156,-69.417297,117.413231,-12.117374,339.924665,206.403416,253.500948,250.688619
-466.746209,-591.473045,-56.350545,60.959267,91.005170,-5.053672,440.951302,185.629144,276.107149,263.046429
-438.935188,-617.942821,113.676881,71.595123,103.315558,28.825713,328.399453,205.180100,267.701087,219.180264
-381.237923,-732.138901,60.434152,56.584528,25.289382,57.569193,351.955391,240.469106,304.480569,250.648486
-493.694422,-418.200669,-1.065823,-11.044633,57.621580,-65.788290,106.445607,319.624892,296.127239,287.728922
-402.718904,-602.844396,72.378652,-93.446405,4.087589,-74.467672,504.182907,256.661622,260.683492,237.450006
-466.337024,-560.433907,-16.599881,125.532550,37.682238,-54.513562,293.075188,230.903340,274.057898,269.603405
-535.922215,-563.623772,-32.407264,26.054950,59.707788,28.926730,319.079437,313.054765,290.176182,221.078039
-501.311079,-457.027634,-18.564328,-0.578586,26.499869,-57.614529,347.762480,351.197125,243.480614,273.729784
-611.657536,-535.563929,57.095863,105.696577,13.410116,151.575707,213.955954,286.143110,240.824522,280.089144
-365.911382,-522.343795,-43.367419,-27.026286,65.362416,45.689535,300.338662,250.954272,243.649248,299.846417
-545.766168,-468.521713,-2.449449,-11.491462,13.773111,-84.199237,378.425553,252.156946,327.825851,195.983466
-640.801895,-520.722839,8.981738,153.939853,192.336398,53.778271,271.875090,125.357532,269.695772,225.121070
-512.565000,-557.555697,-10.553787,79.983890,72.937824,151.967211,200.316994,215.591130,297.188387,268.698946
-515.249449,-630.495786,76.858553,52.015448,103.070132,28.865637,318.091616,140.489101,309.194729,314.778883
-433.796861,-536.909742,-18.719739,-98.326413,152.808463,-68.347638,316.003591,429.983257,258.704449,230.702854
-584.428093,-572.674940,111.792757,116.551706,90.626437,-14.149151,475.081120,167.610140,224.864648,250.229913
-547.910949,-572.241332,48.127051,-28.294401,46.762821,51.340509,255.401395,353.768090,316.016442,244.487737
-516.614407,-596.257184,130.710592,-70.472917,32.747290,95.557403,311.567647,222.416457,248.915999,232.937145
-539.709897,-534.461759,-64.919123,100.739159,139.502205,28.856540,225.080239,234.622441,296.945011,243.034850
-512.714903,-456.938178,16.488917,-56.154403,37.955528,71.418341,245.296215,325.970011,305.614999,261.416101
-605.822413,-620.097080,40.370887,101.550813,59.125175,158.334692,336.118794,156.299226,285.540005,302.691084
-655.066424,-451.988854,73.170429,55.043816,94.605069,151.960172,280.716454,154.590892,207.246830,259.034868
-476.779819,-427.098667,-74.489132,27.848037,21.941562,-62.992226,377.468340,279.162689,247.116008,255.069655
-622.451235,-555.724480,-1.484674,73.150914,17.088384,57.438379,348.115489,293.780925,235.024104,285.146592
-428.648351,-533.251740,71.886615,-29.268485,116.831425,-56.769109,290.678777,190.658088,313.477679,294.493784
