row ID,pairing_num,col1,col2,col3,col4,col5,col6,min_diff
373,374,1.1171550000000252,66.15722,54.798963000000015,72.35266099999998,70.334114,67.25747800000002,1.100258000000025
33,34,24.018338999999997,5.467928999999998,26.542753000000005,27.696031000000005,55.87842600000002,46.76495700000001,1.1532780000000002
318,319,70.48494199999999,115.04603200000003,94.08480800000001,116.22239599999997,178.535839,149.129713,1.1763639999999498
7,8,21.89116100000001,14.32155899999998,39.12939500000002,12.829620999999975,11.082913999999988,12.325860000000006,1.4919380000000046
145,146,59.40691899999999,61.237708,53.507057,51.62531800000002,22.056126000000006,4.0509289999999964,1.8817389999999818
262,263,33.797686,8.79280399999999,47.568039,70.558907,63.86859999999999,49.53249600000004,1.9644570000000385
235,236,26.39625699999999,102.68462299999999,40.263600999999994,24.322893999999962,23.03252600000002,10.54403400000001,2.073363000000029
304,305,96.38160499999998,43.00025999999997,55.470394999999996,107.673868,98.70134200000001,146.060129,2.319737000000032
208,209,28.338438999999994,2.2081790000000012,12.572879,44.725457000000006,49.29273899999998,31.820217999999983,3.481778999999989
343,344,37.100449999999995,11.418397999999996,33.83588,68.21941300000003,102.04022,41.58047500000001,4.480025000000012
340,341,27.669446000000022,23.059063999999978,35.73363900000001,56.719706,40.728984,74.07001299999999,4.995344999999986
278,279,120.04658500000002,164.73949700000003,127.61137400000001,106.45467500000001,114.98568699999998,2.2660170000000335,5.060898000000037
193,194,55.50386900000001,88.916437,41.79551799999999,36.559894000000014,4.959441999999996,22.625211999999976,5.235623999999973
163,164,32.306055000000015,37.36548400000001,35.616187999999994,9.792034999999998,17.786749000000015,26.628974999999997,5.677080000000018
197,198,69.39460599999998,49.46185200000002,53.886945999999995,29.947111000000007,32.555071999999996,43.75375299999999,5.708099000000033
397,398,36.789424999999994,35.267202,35.68990100000002,81.80050800000001,57.21214100000003,42.905685000000005,6.116260000000011
10,11,103.27500099999997,101.400025,138.01390400000003,68.257855,62.61453799999998,94.893126,6.506899000000004
126,127,17.322862999999984,48.476073000000014,59.830228000000005,4.727789000000001,10.803842000000003,9.565297000000015,6.519020999999981
16,17,88.09578599999998,88.994576,49.01470699999999,29.793776000000037,10.291262000000017,42.37999000000002,6.6347169999999664
177,178,49.531225000000006,36.546537,32.141301,2.9774419999999964,25.283562000000018,19.646698000000015,6.857738999999981
221,222,15.511293999999992,29.411513999999983,13.393969999999996,36.360461999999984,51.14280400000001,83.50135500000002,6.9489480000000015
324,325,61.25959599999999,78.57612700000001,59.46260800000002,6.710611999999969,50.28687199999999,51.20797699999997,8.254631000000046
135,136,0.6224660000000313,18.071872999999982,48.432524,84.01444399999997,58.763259000000005,62.349526,10.330735000000004
142,143,124.09416699999997,113.86626799999999,144.808022,92.447565,67.65215799999999,102.27720499999998,11.58906300000001
226,227,5.293204000000003,8.225031999999999,27.28078500000001,52.80658599999998,55.295151000000004,40.72802300000001,13.447237999999999
287,288,1.8011449999999911,70.56978700000002,62.825468,97.955904,84.13155200000003,96.61506,13.561765000000008
128,129,48.44179199999999,34.972387,65.68518600000002,14.696799999999996,21.155461000000003,18.302774,13.816925999999995
307,308,45.55725899999999,62.49603799999997,98.70281400000002,18.877549000000016,16.604475000000008,30.712691000000007,14.844567999999981
315,316,105.096135,136.97964900000002,161.72548300000003,70.03636600000002,86.15423800000002,90.08087999999998,15.015255000000025
378,379,28.375864000000007,39.090877000000006,47.193704,13.310604999999981,8.017117000000013,9.854089999999985,15.065259000000026
86,87,69.95494200000002,37.94846899999999,67.86155799999997,102.57685599999999,131.890904,86.26009099999999,16.30514899999997
399,400,105.04761700000003,116.12555699999999,88.37622500000003,52.19409000000002,44.269575,69.49749199999997,18.878733000000068
274,275,20.965863000000013,19.283247999999958,10.629544999999979,54.36546199999998,42.77926199999999,48.07293999999999,21.813398999999976
247,248,62.05097500000002,51.26925399999999,63.49875099999997,10.273265999999978,12.877939000000026,29.241807000000023,22.027446999999967
351,352,130.066152,85.43867600000002,159.33271000000002,46.93442999999999,48.09661400000002,63.21760900000004,22.221066999999977
239,240,60.157336999999984,27.506696999999974,31.472374000000002,1.87760899999995,0.8980309999999463,3.161790999999994,24.34490599999998
65,66,153.811106,126.35072300000002,187.86136100000002,86.85147099999998,101.95289400000001,66.97473200000002,24.397829
393,394,22.057357000000025,26.49846299999996,38.42503300000001,65.15284400000002,131.845447,102.87525699999998,26.727811000000003
153,154,88.98996600000004,80.35336999999998,68.65639300000004,117.39599100000001,125.42179199999998,155.42354400000002,28.40602499999997
172,173,68.570355,84.580209,106.10780399999999,32.01202599999996,29.930633999999998,10.180969000000005,36.55832900000004
212,213,83.66968500000002,72.31841199999997,49.69102400000003,6.888434000000018,4.4566739999999925,12.668757,37.02226700000003
141,142,79.335512,97.34650199999999,98.49091000000001,3.0010149999999953,18.05481900000001,34.22434900000002,45.111162999999976
54,55,109.574184,86.90538299999997,91.741411,1.9575889999999845,14.178389999999979,31.264904,55.64047899999997
396,397,127.66725400000001,108.79774799999998,124.20778600000003,47.844374999999985,19.818866999999983,40.989025,60.953373
