-432.553434,-498.924853,133.177589,33.134094,-68.727758,52.778593,165.096695,232.006095,276.669901,222.300347
-324.998281,-504.556818,-55.114961,8.076448,13.620273,-82.073586,160.310464,372.821695,245.802249,266.298255
-383.440448,-492.652635,3.561391,14.156496,84.236190,-35.548057,296.577361,271.888751,241.843971,182.771075
-396.079095,-400.288566,-106.596384,-41.140108,-11.596643,-30.781856,274.076794,484.507707,136.854727,277.566971
-471.356134,-383.510389,33.393070,-28.074901,45.166966,107.304806,205.863824,271.657603,324.965724,197.562018
-373.710165,-497.452905,-105.534751,-77.820775,29.454196,1.263711,211.124037,476.861657,213.197035,269.466453
-509.477179,-461.841067,160.736698,21.062324,108.369579,23.282353,43.113293,254.706907,279.973476,292.828290
-393.701058,-472.515056,-13.260794,-161.216063,41.190522,36.246865,293.804459,371.548339,246.318106,224.426945
-535.914848,-321.644906,42.376686,-4.476892,-19.680885,-37.734644,298.621234,334.736049,221.361484,181.442753
-434.607737,-434.936036,-50.041702,14.017741,82.251117,-95.497862,342.482023,431.792816,179.322395,198.034642
-501.693383,-417.365923,-48.332822,21.390363,-83.097064,88.983913,237.814668,290.010112,302.735171,199.460170
-467.086249,-354.184267,-125.623153,-61.649071,-12.339054,-23.106638,146.907069,536.206294,284.898238,180.150499
-376.163596,-389.136348,94.689615,-102.766763,-57.450756,0.744342,323.319495,262.531959,263.570647,243.947122
-455.451443,-483.458749,-24.044082,-100.307394,16.013122,-13.594322,363.167780,445.940184,213.583997,194.947087
-444.809895,-529.439913,-8.510442,27.745021,78.433302,16.777030,293.732614,268.851694,285.379824,277.125879
-453.213406,-381.668604,40.845046,-30.702145,-16.809435,-72.935970,377.959559,283.043318,225.621189,165.067137
-483.595561,-447.290722,35.839441,34.453771,-26.182942,3.833022,410.677037,219.910713,258.370102,170.274316
-485.103247,-326.355388,-32.989387,-111.963157,40.075104,-40.959519,322.001632,255.292601,255.908544,246.065271
-265.732235,-518.064566,-18.945951,-116.075808,7.834688,-76.290862,346.165007,367.229945,265.649166,211.143286
-483.392120,-358.913873,-1.633834,-14.606340,35.062720,-32.364652,178.319836,286.218757,174.488612,257.730240
-372.813604,-475.944331,-76.706634,18.571773,77.522670,-29.039600,195.104242,214.824442,226.855847,293.019341
-343.253809,-568.550305,-44.681177,-158.865675,62.300440,-18.452900,418.613659,284.321907,284.578020,201.871948
-459.283081,-452.518378,-31.659424,70.131253,44.758717,60.595909,178.678848,304.058290,232.671307,202.107551
-359.569392,-451.124786,-172.107039,-0.313988,22.307124,-78.477654,396.608483,314.795985,222.835332,289.871906
-504.818615,-427.223143,112.243416,-146.228316,-2.338978,103.396988,153.151735,314.297318,269.726017,269.871154
-384.779404,-397.855124,-48.011686,-199.895700,-69.643378,78.031009,390.599124,347.751567,214.908163,222.529767
-455.575512,-519.669686,42.728031,45.757836,163.393628,53.763965,86.620803,150.148446,285.841658,253.662862
-462.335900,-482.854562,6.200154,-9.765686,12.668676,-12.845385,376.538876,193.480324,282.078678,178.598235
-387.548324,-426.460995,-135.574095,47.445544,84.666972,-10.109360,281.271889,387.520643,213.151865,161.050571
-462.881160,-437.933957,-179.406462,-12.137925,127.868239,-32.140077,372.916847,327.210645,193.928008,224.069911
-348.953498,-466.823044,-43.307364,-7.946958,11.847348,-51.012940,208.037817,235.493421,289.225306,265.242850
-449.581765,-528.339696,-105.037269,38.418384,26.072861,141.393504,163.577115,368.527325,243.054287,211.292145
-327.397406,-495.469955,21.254453,-19.041105,-40.214897,-35.601332,230.618658,398.341183,219.998923,254.098255
-431.872831,-410.617964,-23.408133,12.420280,-17.799525,22.182721,432.086633,240.405183,214.459280,190.440941
-473.684207,-354.087612,-67.671946,-7.794413,77.444185,-63.375661,98.417287,339.593009,338.762500,229.287143
-519.118237,-474.780643,7.298326,-41.397469,-13.020014,168.189396,304.356352,255.160267,197.373059,282.116353
-390.435059,-484.393836,134.664803,-104.528106,87.264080,-78.890796,247.053829,223.863141,245.839281,178.153417
-421.596768,-406.018622,-16.617454,-80.474660,-108.080562,74.476252,303.397705,290.773944,296.180990,252.435635
-512.306703,-449.666267,19.807861,-39.327338,41.540713,-20.027800,265.094660,159.695880,285.279863,317.175432
-490.815202,-480.974839,66.034155,-129.293599,-11.207743,90.363697,326.851745,238.753676,299.140327,201.176836
-467.536547,-391.908255,-40.631597,-128.316825,91.638925,6.307368,376.011206,208.066987,286.447389,196.080476
-483.941736,-397.042769,59.330793,-52.374996,0.252274,47.723443,137.182964,255.444825,356.078891,208.435691
-454.818878,-436.847568,-57.316511,-53.260635,54.293010,-73.371591,127.868408,422.997896,270.077137,275.671020
-507.390832,-458.173740,-34.354391,110.743967,-4.763000,60.187927,393.468847,256.303126,234.957445,200.573794
-434.105035,-546.576699,77.204273,31.486323,-14.696310,2.862227,197.967474,377.472932,188.519529,309.072835
-306.955095,-443.621507,-126.065211,17.478901,90.933734,54.894515,200.603300,124.717181,289.399673,288.223885
-477.650329,-342.229563,-69.613675,-5.303184,-42.176646,-74.961945,274.131852,444.090818,196.549372,293.147926
-390.452205,-482.395004,-9.891095,-139.342879,-13.058255,-17.366547,430.938346,302.960739,234.556284,232.496777
-396.822951,-533.266320,-74.770638,-7.636995,-6.066624,-65.119960,316.139276,346.662374,205.983805,279.515147
-412.933420,-448.202680,23.767347,75.383092,51.222927,-12.401809,225.616032,209.734684,204.278845,338.890822
-429.514393,-615.486306,83.727879,150.238474,-77.180345,0.245193,292.814939,260.955807,279.694267,229.837445
-365.657176,-506.162894,-138.889779,-36.944154,80.358984,-85.464317,293.390248,351.094860,321.227161,230.364407
-493.151363,-431.198833,23.903196,2.914535,48.040509,-15.129844,322.343300,258.792478,182.933432,185.222120
-473.862395,-398.270274,-90.623662,-121.741018,-31.359437,137.302164,192.538579,361.595611,233.671396,252.758965
-423.393409,-521.325466,27.451817,110.663019,39.640948,10.023254,87.532268,337.397001,323.788971,214.214787
-545.709918,-397.551787,-19.195371,96.202725,-49.269417,-64.957788,428.510820,220.070731,277.685666,247.491059
-353.662587,-474.602876,9.526687,-100.309311,-40.156970,-63.647534,272.243978,321.632155,237.601395,290.185812
-397.952610,-519.365947,-113.871010,-26.820356,-0.068795,72.116887,455.413967,295.321642,237.728632,217.973139
-419.039747,-429.560779,102.732834,-83.463544,-32.693086,0.336733,345.316888,239.271117,244.500072,198.112198
-316.901786,-440.936197,-50.311470,-234.070490,20.015545,-45.839075,371.273943,398.808023,218.671476,261.856260
-433.521557,-442.127451,47.190903,40.820912,25.205349,-75.495084,158.911271,318.044526,205.939699,262.091341
-472.863760,-376.644490,5.196801,77.857251,32.537144,10.497419,251.725893,192.450415,298.935171,202.824189
-309.175551,-422.445126,-258.268524,-121.652068,72.315106,49.408547,363.038523,449.868313,169.212865,226.444444
-428.759275,-639.847087,125.801303,34.799226,62.307114,4.193943,219.313152,160.777976,287.901921,306.715840
-434.240511,-465.938697,6.244885,-166.650802,84.403097,40.592350,203.715571,293.773208,253.386038,283.504412
-440.775629,-455.266258,-185.629562,-52.797303,7.868722,27.036042,421.328116,179.374731,337.598431,183.787325
-513.546595,-433.360617,152.418498,-104.238592,-48.734992,10.875389,289.881921,331.584953,243.949305,187.383122
-331.905056,-465.099816,-6.801368,-39.802022,130.143893,-22.796950,66.358442,337.227208,277.551428,241.636370
-501.987983,-402.932862,80.771029,-25.215190,-48.328460,-15.552701,282.405591,336.574163,228.474638,183.718898
-438.497120,-523.139580,62.132872,-14.546971,-83.327153,-26.732351,385.799687,299.048369,202.697197,299.802544
-478.672605,-450.899686,17.533969,-80.705558,-58.828241,115.159360,218.013624,245.519267,270.579164,262.793502
-394.859494,-391.451939,6.589590,-147.032239,-105.895019,-84.822392,454.161275,293.963259,241.870711,208.250158
-429.508529,-406.276776,23.558972,-55.267098,-38.920881,8.102817,316.671652,272.399253,214.745458,172.360351
-332.685337,-457.637668,67.706313,50.938422,-95.898461,-48.504684,192.129506,317.408358,262.444394,247.525421
-359.693483,-342.520842,93.744126,-168.475999,-2.310854,14.902747,285.254605,310.063977,221.007141,201.672320
-445.946836,-434.460909,-51.318691,81.646107,24.330419,128.050429,313.386496,146.575191,246.987414,227.723322
-489.803454,-432.961847,43.430812,120.282407,36.836566,-28.275985,155.129200,144.896594,302.641334,248.023131
-514.819652,-437.974223,41.451053,50.952481,-42.621676,64.289414,139.946668,331.550043,299.198330,239.731022
-519.724820,-458.467990,154.087626,35.106791,25.402024,51.316086,97.231599,294.253240,247.151437,267.083673
-390.563348,-497.376833,20.667347,48.734160,71.561068,-52.606130,238.858131,276.069026,232.408597,194.001896
-390.337138,-413.984055,-29.517282,-106.880566,-45.300857,70.946912,248.925411,344.896259,250.321047,291.789992
-469.392259,-425.343265,73.766836,-80.601181,-42.691122,-64.867173,133.882114,330.680288,352.782157,248.541659
-298.763085,-525.119892,-89.835050,-110.101599,31.958175,52.927080,237.452374,315.012392,217.121749,223.751683
-455.511363,-484.299299,53.409236,-9.275683,59.295037,96.019263,132.484005,236.293236,384.746802,235.190418
-492.079083,-474.222365,-1.913960,-138.493091,73.167904,118.942842,149.312992,272.058804,244.209917,265.208595
-272.569099,-436.920422,-22.986510,75.470230,-100.927188,-78.336208,191.376101,311.512507,236.832315,261.443764
-421.666936,-396.747169,-160.777652,-134.676492,127.691808,128.458295,231.544035,280.422079,280.381586,210.426644
-423.991302,-508.642346,-54.770205,-13.610375,72.783537,-104.959324,373.247972,397.614452,196.549954,210.740049
-420.480746,-412.706262,-31.873369,-72.989024,39.497317,38.617625,268.716421,332.546011,264.213322,204.809554
-384.784960,-491.452452,22.822846,-8.159792,25.678736,49.630490,273.328508,175.721293,254.316473,188.755347
-443.277655,-567.297962,45.015847,-49.301551,-1.357539,90.157070,384.121170,278.969000,266.300789,210.160886
-383.021819,-547.571166,110.785474,78.533538,-114.204012,-71.902632,218.777969,386.425493,271.688518,164.374659
-479.927764,-448.118683,-59.487816,85.881419,78.753754,-13.523232,217.214423,208.031764,286.278818,271.619942
-395.530898,-362.326365,-18.801528,4.210614,39.490006,-18.938483,179.291477,127.126873,292.768361,304.364286
-446.279371,-455.491107,-35.082922,4.504805,51.434170,5.178906,292.170462,273.385705,198.883020,222.149149
-454.124143,-421.138882,-7.336354,7.645676,25.804714,-21.696174,162.806419,469.627657,270.782157,165.761374
-377.011059,-414.232350,-20.966834,0.100339,-42.248086,-118.812042,349.534452,295.828568,273.610453,196.487363
-356.899168,-472.891550,-51.977768,-73.146865,53.333609,-84.376339,315.891643,278.369720,256.305889,293.322875
-465.251792,-318.606143,-70.791964,-109.049718,113.246229,-122.491279,432.846831,406.863528,208.310342,185.030333
-481.678107,-381.435872,-25.812025,95.353127,69.926182,-133.130347,228.111137,263.647974,268.125278,196.524239
-421.483842,-419.821131,-108.832015,62.317854,101.477513,-46.905489,238.681576,259.812949,272.310507,264.743639
-404.703714,-300.432173,102.691727,-59.973549,-44.489220,-73.248591,257.138063,294.729331,226.985563,216.560184
-374.470969,-414.155934,-138.054366,-84.028551,90.270638,-26.633370,326.994493,246.749221,240.011964,231.049572
-376.646425,-370.626926,45.636975,-183.351787,-29.120136,0.951052,420.197907,270.556156,192.369333,249.163409
-434.890675,-511.141174,-8.167909,85.247099,-13.672433,-31.693134,351.716367,229.334465,272.645635,206.597747
-445.956216,-391.460911,-116.498003,47.548985,19.289456,-130.806387,263.931946,431.652602,243.208188,241.615270
-369.233700,-455.375016,-50.750965,53.415252,13.091405,21.211803,181.373585,268.517188,271.870523,210.583146
-237.107115,-552.597705,-13.703888,-169.123788,72.866747,52.757803,238.552168,314.177817,239.773345,238.252578
-437.134386,-512.137665,-91.336080,-33.592832,67.661614,102.855131,231.268000,329.994248,263.643348,240.283563
-538.363504,-407.054651,41.648438,-11.321716,60.631525,51.295871,259.051110,388.979770,246.595458,181.494979
-503.145354,-477.474195,103.841618,-158.789794,76.059963,6.613241,299.430020,287.731924,286.535270,137.118485
-517.379014,-451.078351,-46.267796,-166.580353,143.994619,16.092415,358.829704,321.016452,256.171951,191.038547
-493.566749,-383.284964,44.226363,36.511687,83.761471,19.294652,210.912035,297.732130,157.859882,242.961539
-423.618457,-474.773111,39.238450,32.592793,67.960214,73.393172,252.664538,191.056170,236.124056,198.406675
-488.209624,-367.814863,21.055211,-42.555268,3.528924,-73.164960,361.485099,343.900355,199.651716,231.458317
-470.962306,-381.396791,40.518591,-133.333653,-41.124666,-6.263095,362.471714,337.818172,199.061540,221.095139
-326.524135,-396.063919,-64.321677,66.588539,-134.013859,-61.557083,339.550444,223.567834,276.658175,231.305688
-457.821564,-340.309197,-5.094916,-58.563564,7.503101,137.717555,233.066700,257.666288,237.127087,222.780186
-535.791130,-404.609281,192.183340,-167.042030,-86.795177,34.425941,230.111632,439.341136,239.207112,248.809005
-343.102218,-407.842586,25.558391,-163.876885,13.311989,22.400429,343.468608,376.082483,217.937140,188.254259
-355.756992,-520.045753,-12.693668,-162.145115,-22.389204,24.059172,421.331726,250.126671,303.181835,245.279939
-470.410272,-367.441224,8.319681,-27.999725,-41.476259,2.453616,378.925367,287.082519,212.776063,175.334867
-451.367387,-427.966760,64.581264,-11.246418,26.846842,-28.857539,152.305047,315.867648,283.764161,217.409420
-494.237146,-399.125370,-6.284368,44.595472,53.349294,-14.665129,196.855301,283.610596,216.980665,295.013143
-383.937470,-462.347645,-75.214429,-80.401946,115.792441,54.270251,343.713321,272.992405,188.003496,202.497047
-368.490112,-462.950959,-31.035940,-21.136872,43.894920,-3.929695,352.958132,295.798260,228.051336,164.623499
-460.908160,-416.102862,-36.902214,60.847252,-71.640583,-157.332623,342.992355,492.207887,210.043951,192.721088
-485.818880,-366.371416,-19.188809,-221.534995,-35.064348,105.152261,376.357465,325.621385,227.497967,189.460440
-364.086157,-426.962543,-124.708521,-183.489477,52.876560,-17.193799,404.145722,407.832686,215.903291,167.461499
-370.136201,-410.036930,-4.243462,-68.404440,-49.061017,12.999523,287.117589,262.467761,260.265884,231.428852
-371.124010,-507.334179,-133.293860,69.297341,97.842911,-47.139021,255.987508,214.834890,239.280213,275.631112
-409.702099,-379.696578,10.923861,90.933235,-61.938771,-113.775219,278.291830,310.700913,281.848271,208.496194
-362.796521,-464.818783,-50.289447,-109.264599,63.693794,-62.117976,220.930459,393.965721,278.572547,211.449415
-455.911880,-619.637866,52.725372,110.405165,39.606817,60.952924,164.039652,341.830098,228.698825,262.229859
-512.316359,-400.098394,-92.666859,36.418859,42.185551,-7.297502,275.446425,260.543760,292.507837,223.450934
-387.810432,-387.950202,-139.915384,-75.850017,108.289836,21.078695,183.463200,222.953646,295.103805,294.481339
-427.521487,-468.019924,37.699413,-38.113203,-22.501491,58.041978,288.054226,301.464475,263.295280,217.122727
-353.581988,-545.578827,5.936665,-6.205018,32.530498,15.100631,135.838197,318.694364,306.737199,237.029615
-369.651213,-534.364748,52.692510,-10.661631,15.408062,-48.313689,222.629314,250.849872,302.030840,229.023066
-420.543753,-414.814643,-82.809178,-194.936535,44.581973,24.031714,190.447244,385.223999,304.472529,281.008182
-354.721742,-442.528105,-25.200013,-137.013293,-24.684371,41.171191,279.993476,344.559564,238.375753,219.209724
-416.194952,-382.490941,46.011578,-9.628258,-54.804193,-34.853851,80.033605,329.818787,208.427300,287.762812
-364.008727,-381.270010,8.599202,-29.798850,62.800776,-58.002532,207.284606,239.357674,310.408422,186.314255
-421.828141,-379.068735,33.370890,-9.843933,-20.730734,8.916209,245.698002,158.856298,293.134706,238.232177
-466.340063,-453.737667,25.175065,29.753295,-49.897431,-83.194457,187.960750,383.206789,304.165294,156.678848
-423.958941,-503.145754,67.360879,93.585770,55.353071,41.956470,195.680757,313.872590,219.332374,278.739293
-416.820387,-550.364605,133.105431,2.138949,5.940972,128.424247,161.242922,305.578301,257.244942,214.448154
-467.066940,-492.302935,-29.212036,101.921580,40.164082,-71.443543,289.852669,251.567687,221.049168,189.278833
-282.215490,-467.034896,79.747454,-134.120067,-36.768341,-46.057801,327.714526,163.655476,267.831402,264.800764
-328.900399,-480.127931,-31.155916,-51.653918,1.794551,-43.902043,354.888488,267.154233,224.462974,207.753843
-379.671715,-449.606765,6.238852,18.409860,64.106501,-96.011559,190.121430,414.654505,279.243383,217.454393
-405.626338,-507.406017,36.320128,42.219442,-11.487307,-25.937156,114.029941,255.747057,299.784995,292.253213
-474.636178,-468.908417,43.249526,-175.645699,-32.351994,-1.340669,437.235221,373.069383,161.609926,216.388034
-525.107296,-452.894634,51.443351,19.578028,99.891888,66.045764,240.324812,291.878952,289.067961,200.077995
-509.551252,-406.159315,31.594285,-22.456699,56.966368,169.571309,232.444416,113.294236,216.955283,305.985888
-410.577029,-313.521348,-57.275899,-262.765546,132.709241,-8.971074,295.285678,273.738342,385.893202,174.506422
-236.338437,-474.176825,-31.610080,-69.402321,-64.477069,25.612036,284.838853,318.054433,237.140636,169.190521
-400.464104,-543.318540,83.824901,34.552646,-16.955679,151.933635,83.147162,354.933276,319.605540,202.448860
-497.757661,-418.578634,47.319502,-24.621270,122.019979,-38.207155,240.415059,284.730231,216.972090,214.034990
-372.755103,-424.046981,-106.877498,-65.510940,52.710686,-13.077124,335.896392,405.649934,157.055503,207.386229
-395.974284,-560.566967,94.494478,73.856334,29.840660,-40.465197,274.786900,145.533744,293.528689,224.317198
-386.368472,-521.532110,36.479210,-56.680954,152.633566,-67.207148,200.044860,297.282141,208.786909,310.943837
-449.123010,-544.979771,173.309743,-129.997195,131.463815,10.020724,167.278742,301.308631,278.928057,222.302216
-454.533379,-403.359293,70.641498,-109.057339,5.425254,-74.124083,334.457401,332.988504,172.338967,204.645022
-430.932447,-570.330515,87.152811,72.001353,1.512967,-60.536067,429.607379,187.456975,215.666310,214.963588
-357.739278,-453.324769,31.454508,-0.578368,-47.321728,-114.890203,109.391233,373.316329,326.911413,270.152854
-453.493735,-362.496497,-77.389775,-69.762018,-9.325615,-33.651233,276.256150,391.713704,278.827715,178.822036
-382.165552,-434.728896,-1.829360,-14.071028,23.332720,56.003904,262.928313,174.754247,265.998692,227.557210
-382.546645,-435.632181,0.320925,-22.810409,49.075851,-110.134022,347.773722,306.946983,292.822107,144.094498
-406.453200,-624.068549,62.962819,76.444405,34.103490,42.064003,297.935467,170.972261,217.942603,313.600134
-428.872071,-335.126746,-144.268662,1.747502,-30.078846,-74.603215,367.430132,344.530005,196.692114,185.685740
-451.339410,-525.509256,39.594786,41.977375,65.318596,-3.773311,305.275224,310.654397,233.496382,258.436705
-471.218128,-458.979874,-93.212574,94.209966,-31.740581,33.142608,240.383014,342.965403,258.587666,190.017311
-413.336811,-392.606034,-69.498256,39.064964,-45.354799,55.262639,157.150319,300.902753,268.083494,229.378712
-477.152358,-487.414873,14.937451,138.391888,-50.711030,87.276228,158.594716,189.403735,306.016399,269.150334
-496.551148,-438.236205,78.487734,32.055008,40.493869,47.290766,226.339033,324.389991,141.521146,242.818791
-375.202507,-549.408014,133.721001,33.760379,92.019609,-89.392839,205.164691,253.025635,261.820895,213.693796
-279.798924,-495.255757,-36.314281,-137.206533,-97.222044,47.152765,479.727131,263.675739,227.254594,177.723369
-409.864696,-590.441953,52.517008,34.370691,-40.933124,74.589481,233.667619,282.963428,247.799684,250.219076
-533.968591,-407.759837,35.366952,-34.692193,2.979021,114.763671,238.002917,153.713278,277.235652,205.276088
-335.462633,-471.039100,-56.550316,7.514211,-21.935413,-168.396978,332.821061,466.058280,273.412391,191.427308
-356.386043,-439.438715,-248.412394,-48.816032,-46.262360,79.092631,253.301159,429.269930,220.244268,288.190757
-540.003624,-491.793491,-58.159979,130.981561,145.724179,72.566553,196.545600,201.325040,214.890895,199.496299
-446.484114,-440.167242,-50.634511,-69.484529,-4.839567,145.980867,342.936485,217.077487,237.671440,265.600807
-338.805917,-461.296835,-85.317953,-227.356460,-11.400430,8.824856,466.337321,315.152364,205.604901,292.674103
-464.771112,-406.642989,-25.514737,-81.542529,29.900482,-28.317748,307.703699,294.673393,240.591474,182.867999
-564.679508,-442.598886,147.025188,56.199031,-75.694090,-96.783019,201.306405,349.716660,306.215627,278.131021
-377.261203,-440.451807,-32.908903,-2.035730,-67.799380,12.944671,134.331694,496.368492,231.060549,178.162994
-471.244499,-372.513850,-189.303995,40.356360,29.851520,88.994565,170.674760,305.356313,272.056242,230.271171
-356.686937,-414.935516,-55.913222,-61.946645,33.577840,-143.414897,209.633189,517.206203,265.988243,211.153709
-287.196077,-383.367392,-76.877646,-12.738542,-88.951968,-70.057503,188.033566,356.011839,276.705556,263.826386
-471.709342,-532.711132,65.381874,60.019430,149.190438,-20.788569,325.983184,173.320734,211.304634,221.126892
-412.689223,-417.861798,-17.086353,-85.281478,35.258384,-6.695692,284.949181,255.679006,263.932542,269.512159
-373.467620,-478.879290,21.032145,-82.641596,26.774067,46.707284,291.906490,288.581582,249.723174,194.219305
-414.932620,-508.441073,69.092313,-37.737657,77.218389,-4.746696,163.276389,401.408670,211.959139,155.341276
-526.077358,-385.242767,-1.709717,-64.798735,45.787467,78.687969,314.526193,294.991945,270.489195,170.168257
-324.991282,-470.498750,-0.455265,-49.607577,-23.138200,-111.091439,265.551293,466.213568,203.578904,196.343833
-365.784873,-436.791769,-152.450135,55.700685,-12.755812,-25.883195,386.463555,286.586527,259.308590,189.913984
-395.168705,-510.034849,1.513934,-50.607493,-1.018625,-50.793116,308.894684,417.681905,219.796004,196.979375
-401.888595,-543.823670,43.378527,-110.713741,63.473778,64.344431,309.424108,283.458787,279.762506,174.117526
-387.277884,-434.205029,-26.933622,44.200780,2.511878,-46.323449,246.760136,302.641715,218.146484,239.525586
-313.165352,-496.998752,-15.465603,-124.295887,77.772077,-19.725374,347.985216,296.757783,266.761179,188.255544
-342.034680,-547.112480,-65.462582,-9.185390,57.367242,-37.065927,317.586649,360.782437,183.803621,215.805501
-410.763966,-413.466196,57.113922,20.316879,43.833820,-25.198774,80.311604,313.175494,261.526982,307.748052
-416.366773,-506.069200,29.149051,-87.544962,47.480104,18.562487,274.093080,394.180343,222.558163,184.816313
-447.321361,-470.491683,-12.835915,-40.920001,-37.434348,34.814762,187.726181,436.282143,261.931069,196.362091
-543.076936,-331.392638,86.177485,-111.438544,-49.237152,73.492073,122.129681,234.901898,316.218326,310.195634
-413.755215,-421.954194,-51.299177,-101.541353,-27.372112,-36.356035,504.147029,274.058074,245.511508,210.475815
-429.071828,-368.884260,-75.291426,-91.974952,-4.337655,50.751238,314.561146,316.401297,220.793848,192.455409
-398.220855,-432.913402,-68.356575,-49.678895,-25.493124,-24.893246,550.570704,269.124365,166.399419,184.604064
-304.669317,-486.332760,-29.008134,-119.179369,3.583030,-50.770986,228.378802,383.136696,248.516584,274.189345
-388.747469,-412.477044,-47.218497,-53.695175,33.541632,-59.893547,391.246971,158.573831,202.455814,341.233769
-364.597710,-433.283823,80.244997,-75.434723,-46.590266,6.283882,160.866799,387.449027,196.250133,279.919818
-422.590479,-507.520616,-142.360758,51.390319,48.732868,90.146466,326.497360,250.830761,285.185109,239.294762
-493.969145,-406.368152,-7.559335,-6.885369,-7.255513,42.144994,281.218190,364.108907,237.616144,218.616911
-479.799130,-414.727141,-49.584349,46.802497,59.574683,-69.574993,163.224601,323.423694,258.467065,295.183146
-278.465476,-597.842347,118.736475,-57.409223,-10.583042,-118.488528,273.944971,263.448982,251.736046,291.315503
-333.265859,-506.613593,19.408983,-42.089594,23.045219,-65.863431,295.471032,227.625652,291.424194,254.201540
-394.831743,-491.690525,-69.966347,51.796267,-91.846803,-47.320510,456.747594,313.847052,221.859854,151.479327
-393.424073,-593.043660,25.891189,-65.869865,62.640719,74.434486,227.187493,403.781208,255.836894,204.084001
-440.260383,-497.430296,-19.988538,13.451114,-11.175860,7.852979,330.087382,278.482123,221.284286,207.879858
-458.729226,-526.886780,95.959358,84.095393,11.652752,-22.121649,79.622324,412.225787,226.796421,242.307715
-470.331210,-446.099787,-48.994671,11.382855,182.707376,-75.618804,399.856532,253.791093,216.516603,200.878677
-341.145911,-476.549400,6.949194,-149.297979,-9.121590,-44.240182,384.491517,322.955160,202.232712,195.997818
-449.016299,-441.558792,96.491311,-50.803070,-35.528591,-21.834786,322.632374,270.471939,250.347916,239.287343
-416.851894,-309.245834,-51.803985,-84.101060,-18.956652,142.485269,205.155531,255.917941,293.591907,207.152928
-404.805152,-477.622070,26.115632,22.746168,45.024753,-10.491311,201.743130,350.526990,217.010579,211.717375
-383.678579,-357.612198,-60.020379,-7.319272,-31.384041,-43.434081,194.933258,440.983701,218.683576,167.181036
-413.330409,-417.266979,6.283158,7.967714,-30.940977,-92.591712,268.277103,296.701918,314.118888,191.080133
-467.426591,-381.954383,69.445601,-49.087245,-3.177510,61.301578,210.184115,335.858778,279.516958,174.840449
-392.830647,-471.464720,137.536631,-110.153204,-24.853900,129.857034,179.753036,272.797275,202.877861,300.630655
-468.512302,-468.481165,18.792835,28.954959,117.895862,87.171388,233.418550,157.529651,210.719465,223.698021
-419.178765,-473.470383,-48.884730,104.487562,-15.983461,73.534246,229.483044,278.684034,256.189428,164.333687
-488.252568,-401.219818,-25.946483,56.726621,30.394513,5.661510,240.466294,378.811829,262.986215,154.614678
-445.944604,-358.776550,-110.754522,5.530238,-47.883971,-36.411542,291.429606,441.292638,263.122340,195.113496
-393.637801,-521.762742,-134.248382,59.973575,129.084665,77.801262,139.373525,283.465108,278.902469,305.298726
-505.743464,-498.034603,8.736298,49.857570,-21.095809,-32.173240,359.937871,303.156329,226.025777,221.315014
-412.239374,-447.917640,148.237487,-152.052654,-8.653532,0.656652,75.938170,497.149186,236.517278,235.020437
-332.143267,-446.725998,-35.649452,5.929844,-26.493218,100.089065,168.411260,194.358304,287.657932,234.379781
-482.526033,-355.223792,-78.599802,55.453414,70.413503,-49.652918,195.649611,185.832685,322.464763,262.307426
-471.968403,-499.320305,89.114383,-30.170787,-83.149576,122.424557,304.548057,409.172107,173.257849,201.482838
-279.901916,-497.375456,-29.985003,78.751768,-8.314288,-79.575662,222.883905,303.851018,303.558554,222.615672
-464.194106,-350.257924,82.347101,16.372281,-35.341557,-94.358542,387.283872,252.410039,202.892887,158.073497
-329.516734,-532.592886,-89.889835,-44.573942,58.413376,82.131197,199.102063,363.583681,379.199164,219.560366
-436.225570,-362.249288,-9.086716,12.971867,-101.325788,-91.651686,316.123346,139.549419,317.487501,299.461886
-313.769266,-469.746530,-85.477805,-92.146689,-65.783180,83.640278,363.632650,331.436492,253.952698,164.582122
-363.091847,-569.329274,35.237656,69.341369,-66.982073,-15.969118,159.559198,346.237796,281.499362,252.058681
-303.650018,-361.892261,-176.124513,-145.874536,-23.301832,12.049069,199.421451,399.729088,307.087752,245.036777
-375.798822,-459.816438,-53.891244,-15.976019,13.702972,99.838945,181.770453,306.587409,283.598453,182.662763
-450.886271,-532.048700,-53.877729,99.786680,118.418838,-1.993091,119.514908,234.730254,362.539098,271.770515
-388.980683,-337.691974,-39.894624,-68.314094,-23.451380,-13.595022,276.492651,290.833328,283.358288,171.040219
-443.832847,-399.185773,-65.457360,48.813805,-40.718015,-68.469039,350.256835,246.688315,280.082899,207.683398
-418.524799,-362.119164,-25.663343,-231.133227,56.400743,45.092023,402.055234,261.173352,297.385964,192.725340
-403.861891,-506.649550,27.261109,-101.915606,-64.277526,39.601513,230.415883,406.810029,286.313309,151.875344
-358.812591,-541.543490,-23.018710,-30.452870,29.922111,-34.712247,164.232311,329.199168,305.553256,270.287912
-455.194181,-395.583887,-47.469184,90.475397,-50.295266,-53.606517,288.156792,174.648534,335.678428,225.241098
-447.438929,-467.941911,-49.510974,82.263867,128.361438,65.601136,207.392592,203.253596,203.212059,249.725438
-426.344053,-378.970913,4.786781,-127.583586,46.505446,-15.785009,303.554385,455.365123,232.313255,168.814072
-433.458141,-544.325534,-10.792977,-10.496658,60.881962,32.416706,350.481405,378.781106,213.645550,188.236914
-366.314525,-513.607868,-23.357029,-60.354649,-21.363121,53.373257,248.059640,460.029645,267.296921,201.251954
-489.539260,-413.091679,24.732191,-43.444451,11.242183,21.229797,119.646220,313.874467,296.651212,214.119080
-418.202322,-402.876944,2.023502,-52.898168,22.026388,2.102078,329.857651,351.968809,170.473229,197.768783
-377.043889,-406.609529,-92.031094,25.935424,118.298783,20.487553,10.486196,239.341339,342.185990,308.388304
-430.073127,-523.476192,70.318801,-31.974875,-22.668177,33.681619,239.179431,309.344008,239.527468,266.400501
-375.203255,-510.624819,54.597537,76.508949,80.458902,21.278390,215.955962,213.724508,230.663838,299.642272
-299.937429,-531.141100,-100.293384,-164.095380,49.423478,115.873065,216.934449,394.689792,264.533415,173.973656
-568.698415,-392.819583,-16.667439,-76.878512,142.183349,42.805130,243.337225,386.778204,273.586048,163.910255
-358.237848,-502.271398,-152.908226,58.295761,9.649631,-123.902282,317.535842,346.502831,272.595707,283.903186
-253.931684,-500.301834,-37.475592,-183.952072,30.435080,60.609420,352.124426,191.240787,270.472981,191.095108
-387.877200,-515.318006,135.441620,-109.774536,60.123162,-48.188623,357.572832,179.303296,297.496198,180.935977
-330.788424,-556.809897,-68.925667,-16.715896,45.522165,7.969278,258.659497,299.391264,296.100607,222.144837
-363.293515,-565.277512,24.987795,-9.880863,-6.969965,75.941170,223.627913,215.618565,251.850599,208.875669
-427.248931,-427.558303,25.920439,-41.065918,-3.911076,1.077706,279.869686,289.616552,163.412218,305.402806
-417.891298,-441.292163,-88.488653,-51.911149,79.981253,18.549199,248.504912,221.123951,314.398760,244.614748
-441.643476,-386.457024,1.595143,18.756191,-13.498074,32.107998,167.038243,209.997324,261.726246,240.760383
-482.530423,-499.119528,-77.374784,8.621022,56.545203,92.935819,327.630906,262.190833,194.798371,219.701585
-422.606987,-423.356009,56.553835,-124.764621,-52.473898,147.862141,200.210150,276.897665,236.345499,283.210688
-387.994399,-478.385685,-20.931099,-51.856603,41.324233,57.720496,212.401409,256.798713,254.246361,195.806393
-294.408394,-479.018862,6.330186,-42.449460,8.410999,-65.585438,258.112067,253.127817,330.936029,210.889444
-431.400420,-408.644348,-88.867085,-46.329943,-67.158239,-128.921873,409.402153,296.091027,276.264987,284.660624
-481.577563,-354.145396,-20.682570,20.273768,-37.132714,25.107493,108.549637,300.352430,353.692986,289.042929
-530.656044,-365.538089,66.073548,-36.503628,-50.767227,72.383930,198.823245,282.206543,311.920770,260.019804
-395.764365,-414.696335,-76.302963,-31.590564,-62.969311,-207.655279,344.576220,461.222719,233.594768,203.902780
-539.722034,-413.617559,97.812790,-138.228161,70.896197,-55.967537,269.922509,466.762395,262.295650,183.329355
-493.128542,-437.004494,75.009792,16.158911,3.509913,87.830615,340.342373,216.404484,246.928177,138.831540
-444.187502,-418.300454,-53.361873,8.397782,62.794997,47.058810,254.354190,233.807414,237.557178,214.932666
-420.845598,-468.533859,-39.123661,-8.467587,23.297847,39.311849,247.282325,326.129825,219.337330,225.472771
-378.508751,-511.029221,18.290205,-92.787120,88.506204,-5.689271,203.173390,333.700933,220.235641,218.434496
-485.630613,-372.878272,-52.305652,-46.343256,-47.395203,-14.352145,357.498123,278.212735,166.425177,264.738954
-453.639960,-492.536760,-32.791111,83.326370,143.886511,3.337464,312.281648,278.207358,182.612457,272.695307
-378.737689,-380.040152,-3.330978,47.690023,-76.780649,-19.533886,106.330333,482.354723,319.851911,235.300760
-314.426530,-466.132629,22.471526,-133.950975,43.777771,-86.855513,196.470145,262.172881,257.498439,273.148400
-407.055847,-419.798486,-14.118237,73.999393,-47.464037,51.003399,94.651621,397.808838,199.792027,285.461415
-366.843358,-507.794326,17.874590,-37.176029,57.909089,20.728090,285.164937,159.057129,253.635573,280.767342
-463.469031,-479.475834,47.992657,-144.670779,16.946483,33.607040,355.241389,200.003675,327.679670,218.340246
-348.663243,-513.192685,-54.188343,-34.937878,50.126274,40.463946,268.043441,266.130238,309.432004,228.750251
-425.725707,-441.915132,-13.124034,0.997661,-5.165666,-123.055878,318.013979,405.818016,223.994587,214.333556
-462.995400,-535.293994,21.124974,-38.986324,7.032422,26.715600,238.022839,430.330635,269.819932,155.255643
-400.927821,-503.621662,-91.162813,158.159847,91.252882,-115.933504,178.189219,279.119078,297.577054,277.605388
-426.721057,-507.443393,-16.975145,13.087453,-41.172841,-31.653497,438.784878,236.641011,206.879289,245.997994
-368.614167,-447.131688,-18.949925,-100.944692,-98.293670,-16.232342,169.751550,482.802806,262.034461,286.878821
-389.670675,-544.911992,-131.928594,62.736981,120.338120,67.518662,217.138505,165.664703,369.003273,262.286282
-458.322714,-377.039213,-27.682984,37.194009,5.740504,86.174857,100.834979,139.205081,258.891847,346.853794
-443.567476,-354.141285,-89.262510,15.484135,59.155934,-46.083770,238.692563,240.784467,225.830525,241.137710
-452.052733,-289.246497,-30.116447,-66.609749,-8.675386,28.132698,254.441857,183.856131,313.649703,217.268098
-450.285920,-393.419635,51.921018,81.312589,-29.374918,4.290347,76.393184,332.392102,235.665913,253.804947
-482.476586,-465.124383,87.281769,76.413519,-27.781268,-54.548409,265.209733,275.610746,270.343795,222.092233
-448.329888,-393.921176,5.866632,-49.118120,33.683286,29.369528,200.793625,254.638345,250.621747,205.064488
-549.992966,-457.861121,-36.818409,95.882174,-4.616470,6.485720,195.916222,351.399180,314.441383,238.210367
-516.864832,-529.889389,28.931579,99.975776,-19.974352,1.667288,246.580660,297.358167,213.617118,188.942558
-575.765475,-443.193607,18.344348,-18.099534,2.333425,104.551507,247.797444,263.430271,313.992963,217.309768
-382.290103,-348.301503,-13.174211,-78.947019,28.763833,34.201950,276.772674,229.111529,240.860589,224.656845
-426.868475,-287.519827,-96.417992,-97.711653,-8.423159,-71.174839,355.240469,303.530352,201.303513,249.444239
-517.647942,-406.009408,-82.147629,-29.343106,25.689077,90.733385,286.292605,151.653282,305.439592,233.434140
-322.295638,-377.205628,-99.650697,-135.979064,15.999215,-170.327710,405.669183,405.284359,200.211146,235.657276
-344.593477,-457.548775,30.664046,-87.280755,-26.662554,50.771763,290.304394,288.165795,162.917258,268.013393
-562.432498,-384.732239,-72.547927,4.391180,32.346684,0.885655,285.038968,421.701280,223.229880,184.820664
-423.572556,-536.979605,74.297267,72.152844,-31.494436,-21.985758,245.355536,304.679704,245.948798,214.196869
-234.459856,-469.679651,-78.778277,-57.438767,-69.208366,-136.509671,249.495085,428.925609,281.799200,211.314258
-338.869204,-471.470639,-17.547609,-131.953524,-6.503332,-9.546282,263.919429,376.394913,256.638619,219.229993
-420.008636,-425.957745,14.076841,50.866755,38.805730,-49.170610,508.283443,236.579007,210.377944,208.150192
-403.102279,-462.688754,-95.403440,-106.124478,27.488889,-9.285082,324.284167,309.318051,243.277992,221.427564
-316.466373,-465.415002,-100.647792,28.400150,89.520280,-98.027464,272.043872,378.945069,199.570424,202.113397
-520.803927,-366.604396,39.071362,0.083076,-70.180873,18.828700,400.780142,136.893073,319.764894,210.615982
-447.787746,-463.395800,167.486540,19.583578,-99.741511,8.214050,66.153810,312.358834,304.422821,243.163225
-415.626329,-431.155504,-55.168379,-75.555319,26.158501,8.533129,415.398204,278.861862,181.602581,270.936656
-479.057061,-415.849403,46.505732,89.723383,63.652837,34.116987,144.947283,167.893947,281.267235,207.691054
-374.001594,-456.491854,-32.204997,-56.013106,-10.965479,30.137612,281.637367,255.371164,347.992944,201.953607
-541.299571,-403.344443,-26.089043,-94.354826,-8.059830,-30.056563,396.376156,290.918053,265.199243,240.476860
-533.989969,-489.690562,-50.795754,116.317155,-53.280641,84.387753,372.598286,213.273992,236.828733,257.427515
-473.352703,-470.876853,11.094500,69.741442,-88.247796,17.638321,107.854271,360.338861,357.773396,230.072938
-510.985596,-555.100786,7.155023,64.761877,102.065340,147.138588,202.383429,194.290236,219.444845,246.857801
-459.942115,-493.737918,3.826392,18.222663,65.325402,63.797882,158.131904,325.025996,201.688141,209.830956
-393.405495,-427.764406,-20.116055,-68.025549,29.471615,28.570979,203.901156,249.797265,287.381886,264.373652
-397.192763,-427.318001,-3.994526,102.284197,-36.228549,-116.795440,530.651520,220.887961,180.710949,199.740593
-433.519154,-416.285215,-53.780472,114.218564,-0.769443,-41.872549,169.430658,338.970695,216.928118,225.458645
-406.727947,-563.988200,-118.302505,131.002168,135.275224,-10.097761,278.951576,277.914958,175.494850,231.545743
-414.705648,-601.438495,-38.436609,19.150345,39.212482,19.080674,279.237753,444.584393,193.119111,213.594324
-424.256770,-470.548278,-5.598088,-19.859236,-74.700602,54.609283,155.208319,337.537190,308.063348,192.118263
-477.877648,-369.585875,-71.075673,-210.297531,2.172594,-21.498106,353.906554,281.198212,222.326729,240.683083
-381.610823,-435.417785,-81.240269,-49.029191,-14.923278,18.129884,164.229893,446.068854,250.055708,222.386262
-424.649927,-448.691845,5.548170,-107.141497,-41.410365,122.211359,388.272688,273.985020,190.954575,239.115437
-366.511441,-301.496650,-169.334808,-118.312165,43.492621,6.868876,297.617855,481.041864,179.321644,164.534278
-523.329211,-372.982998,-25.843902,-175.519842,24.117622,89.129149,261.744827,315.433177,216.611990,253.712440
-479.537761,-394.744142,34.472826,-1.441493,62.409074,-20.290332,218.979949,304.101030,241.649585,225.990174
-464.568178,-435.770967,-19.625412,96.353376,26.340552,-24.764128,323.595251,165.697217,295.584741,178.597617
-448.515516,-434.350678,67.407403,42.876299,15.048064,39.362049,80.822512,292.091026,304.079734,199.585933
-414.118346,-521.057685,-46.012558,4.467932,30.409703,179.125009,191.726480,297.930009,215.582030,309.819885
-417.689137,-416.883223,-19.388734,28.737490,101.529124,90.275450,236.616937,163.999685,213.719454,286.949843
-367.369184,-439.368446,44.933876,-69.033191,-1.960826,-45.900125,308.439511,231.518883,323.770861,192.880799
-429.533771,-454.244223,90.249943,8.481982,-73.274932,-97.941100,373.373380,324.182155,254.899200,179.034518
-492.401204,-368.131945,-16.376821,-136.749950,51.630479,24.352720,190.982631,482.328802,296.622996,166.556844
-394.092741,-409.203817,-13.058193,79.294094,45.748563,27.825975,68.542984,310.826929,324.532979,215.481670
-347.272024,-495.417321,-27.257113,-28.956084,18.167286,-82.220861,445.138537,392.340720,202.775110,173.351325
-424.484974,-521.093016,49.723336,-115.132540,-91.243301,53.734516,219.803722,428.379474,260.118404,269.706291
-405.305374,-430.071766,-2.741055,35.751814,-31.635412,-112.317467,488.101921,116.528481,231.279300,292.629962
-429.039475,-426.756217,-87.802901,-84.634571,20.433647,6.097598,278.005018,371.150676,319.817814,174.518166
-381.265578,-549.173412,153.062015,-51.992338,14.774978,-45.276027,132.532026,413.377615,246.608366,247.206165
-305.031143,-426.159697,-72.696484,-80.032480,10.898847,29.897855,91.684642,258.287555,307.539569,261.601500
-397.838111,-655.747362,89.331856,14.016650,19.127418,-3.290407,205.030468,390.948477,233.229772,252.512361
-406.711451,-425.021836,-33.336510,-54.515413,1.615965,-56.621379,266.475857,297.244426,312.164494,196.339003
-455.701186,-291.892018,-83.803726,-46.773103,68.860106,-1.097128,319.342656,126.046459,275.786335,255.486788
-449.184666,-457.197502,7.815974,107.953983,48.651766,-36.956169,224.562910,287.075823,274.424073,217.319090
-389.655903,-481.925489,93.798120,35.630287,-65.129075,-31.835430,296.354097,225.386995,252.034224,273.703221
-436.547283,-468.084434,-75.794327,-2.726310,-43.883876,-114.430081,516.812054,259.441890,223.346080,243.655519
-382.406978,-403.135059,37.304024,50.541734,-45.153630,-37.688943,259.773278,291.383053,212.906772,166.287845
-311.327727,-529.570272,17.330877,-24.076650,-92.669092,80.769690,311.830636,221.749165,262.520925,218.493179
-414.569118,-363.476554,16.970768,-111.163868,-14.469952,4.723444,125.776759,512.067644,238.015645,274.372924
-416.597123,-419.779482,-84.131997,-101.754425,35.895587,58.132081,292.445723,309.199802,254.018457,193.263708
-455.157359,-456.044227,4.432808,3.525767,9.270878,-121.382345,339.322937,378.473488,215.940832,259.098448
-402.457564,-462.894520,91.844137,-36.211055,24.832536,-19.037670,312.651099,230.496524,219.744871,249.782929
-367.297443,-408.606115,-192.981257,-39.799823,68.573630,73.156264,237.861312,301.442974,254.562499,204.577370
-348.062017,-496.826978,-61.680844,-50.054673,22.731425,-95.382177,212.823902,456.380628,233.541294,295.677732
-394.450799,-444.427968,-0.789877,72.408882,-109.893274,22.937434,168.513354,342.734173,250.409981,251.527136
-381.273215,-487.554214,12.123365,5.471788,-73.442327,-3.971644,504.839330,195.477829,251.071557,207.615187
-482.931876,-405.341832,-39.531043,38.801489,56.194436,-16.925719,382.818608,325.502780,196.288172,211.456493
-385.672554,-512.766846,83.314339,-54.499037,-23.216225,49.586811,296.315580,226.447009,307.266643,171.011338
-350.666880,-519.987629,-28.750129,84.075998,-49.782897,-31.443840,303.045408,283.111053,207.388722,230.900884
-547.055238,-409.673769,-21.054123,32.745547,97.451369,95.110539,165.990006,215.475264,222.280060,250.655924
-361.721443,-505.777085,-89.306974,104.157536,-23.445110,-2.871269,268.697334,338.637784,214.626698,249.078208
-439.268901,-519.832288,27.761242,21.383249,-32.852919,-97.330743,345.719557,267.770844,242.825940,287.660571
-457.944540,-478.547367,95.293272,47.239911,65.660322,-78.690253,183.935973,152.169612,268.992904,294.201457
-423.923375,-401.117917,-173.665073,-67.696400,-39.936671,141.046591,384.313220,290.596378,248.346134,212.072550
-421.984434,-419.670989,51.017110,35.312744,-17.472102,-41.858398,187.973519,291.007028,200.855504,269.949547
-428.797571,-445.026325,18.964858,2.716675,73.757804,20.180581,330.409015,152.747535,221.321807,236.049518
-462.395619,-499.663689,-18.399597,-49.153199,16.968365,72.638770,236.520783,379.108081,241.050846,207.922357
-490.046091,-351.786245,9.627982,-8.187023,-10.509154,-116.989184,107.285130,425.974343,285.729729,225.701719
-354.841015,-469.914208,-18.118995,-9.061826,-22.090334,-73.253104,256.339157,303.473461,305.388638,215.737886
-526.773470,-378.198302,-36.358729,-125.493895,111.071211,12.942829,445.676981,312.916356,219.155422,154.140038
-361.056319,-380.277402,-128.577676,50.752914,42.604568,-66.745383,210.316572,354.728203,276.490668,250.171505
-466.418733,-540.466995,-35.105639,32.366353,29.697054,-70.987359,367.543826,303.012078,312.385865,206.024361
-461.302750,-427.784485,-59.649441,-75.260340,-81.662247,31.885431,195.393414,426.556816,253.672959,234.119376
-384.814248,-455.082265,-20.391484,-96.904408,-12.495624,130.221246,222.720505,385.333012,227.432692,217.077196
-383.853679,-424.198826,-24.141467,-2.129503,43.412917,-60.811450,393.807480,73.718105,309.565688,287.508331
-326.355857,-505.707296,9.247136,-38.661482,38.786073,0.638069,357.813349,169.254226,212.232925,296.679051
-398.569954,-483.194724,59.203839,13.665552,-30.219262,35.900570,288.579746,284.570380,188.816972,213.477470
-551.252036,-485.343859,-54.914606,14.842275,63.462075,205.521458,220.453572,409.348822,271.792167,144.124913
-419.521481,-440.735209,22.063359,-183.716932,11.740973,18.017726,211.197398,270.050370,311.603497,348.392922
-365.063866,-525.830809,-75.311782,-28.249692,86.122796,-50.254612,359.527739,375.061941,205.960350,192.457752
-342.366780,-381.911457,26.313731,-118.579530,-107.238403,-138.047374,270.542011,348.316972,222.909732,327.957349
