-879.286777,-198.527652,137.095575,152.740592,28.537493,-77.736168,355.177115,202.802304,288.443171,198.881773
-614.877343,-243.491611,-61.475021,26.691610,15.936650,-80.546924,229.318019,409.088651,193.290953,230.353911
-798.062123,-205.181636,-5.802470,15.771840,71.502646,100.073117,367.545319,280.169750,215.768707,208.113221
-805.452141,-178.360457,69.076619,13.533815,51.312973,-74.978086,264.242531,359.369495,239.061008,261.779248
-777.829266,-231.114903,113.324853,-40.275590,-42.939218,165.126904,159.922009,229.368847,302.043886,220.884454
-762.696527,-301.914781,-5.844244,5.988112,105.017639,69.811834,106.814401,397.096772,200.277692,269.409222
-865.553543,-273.012311,189.462249,66.753017,67.609623,25.677485,30.226084,286.618476,295.907406,245.733793
-895.300464,-204.891548,136.778321,2.133541,70.165424,-5.631816,252.140817,252.756813,252.623464,265.453085
-798.119289,-188.021622,130.095158,89.515376,87.534439,-51.477854,149.393683,427.903568,310.382614,207.093574
-674.411398,-319.340970,46.844689,-59.033263,74.195981,-29.392355,418.292328,414.089963,163.122128,209.500716
-837.546048,-193.073443,18.941587,85.533250,-12.130006,56.070029,222.802231,186.196750,300.649316,232.391461
-646.550441,-250.737023,-68.590530,-39.992761,46.766390,-54.403889,181.831713,494.025654,220.542045,216.984590
-775.397661,-207.957986,8.831456,-0.811586,22.797100,28.685290,237.966904,293.430822,289.835694,252.204901
-883.958921,-269.560084,-15.192866,82.110984,137.119945,17.598055,326.648704,342.255058,154.963053,262.849670
-787.402393,-262.776952,130.450152,114.182978,88.721263,2.320993,193.885716,205.487649,276.207539,225.419827
-767.439896,-256.742414,45.523518,74.859379,11.826014,-13.182043,397.338552,358.103932,191.207819,171.619354
-841.263153,-235.561932,-28.578497,138.147699,0.592466,29.457081,410.961254,173.850878,261.974482,232.180706
-882.113065,-176.245405,90.090979,2.397618,73.977144,134.257534,351.581033,201.544834,217.082651,221.409940
-849.435757,-166.043316,123.708159,-56.244195,-30.890718,10.865205,279.401055,371.843981,220.569779,287.983464
-809.145970,-230.963472,206.297416,67.725919,48.103439,41.219689,158.463225,208.438525,186.811440,304.900910
-836.969748,-385.432048,117.083559,175.314257,166.704349,63.447448,213.368923,184.322222,277.270387,231.308029
-647.125942,-316.095301,8.588404,-35.412400,-15.897101,-59.869205,395.516750,294.081342,280.534219,225.691235
-811.307312,-318.219079,-20.293653,140.165271,107.806725,48.370802,48.924290,320.870430,309.872713,275.104351
-786.372376,-240.646597,-7.430683,29.131093,34.382439,21.581441,228.496830,363.890855,246.830738,263.669097
-744.901842,-187.808887,160.493940,-123.654262,-5.986889,42.759956,142.897864,259.726164,273.620539,293.074017
-759.637081,-213.027411,20.679309,-42.701072,24.799073,87.496416,326.080204,407.599554,243.603018,184.247542
-868.071878,-173.208947,165.081135,31.859631,130.585935,0.965528,152.123833,150.651321,317.931632,255.869434
-783.869401,-275.031577,134.229548,-33.348967,-155.747504,78.527083,322.627638,316.729777,225.866026,199.414264
-758.933677,-356.904704,-50.800404,68.146067,59.074477,91.876434,271.510634,333.180405,190.986568,202.720123
-658.098367,-253.186799,-8.029893,6.477320,-9.069116,9.223535,315.469532,376.397681,128.013470,260.616853
-858.056326,-190.982151,-32.316580,37.333537,57.684636,47.150853,281.505837,317.340348,259.246209,248.889489
-904.374887,-182.716587,-43.954815,102.996593,57.740188,70.806620,182.874262,311.882440,303.202039,225.698784
-851.954393,-151.199500,126.695336,64.015340,22.917847,-14.070360,183.201992,386.800385,207.961230,260.828238
-709.372945,-259.851461,14.508302,59.914011,-70.778907,1.696708,502.776996,284.723509,176.068987,203.765018
-831.253566,-247.570374,58.971045,25.851860,86.100398,43.047608,135.663661,364.249620,299.726056,245.291660
-876.867905,-298.983485,74.948903,76.501870,88.090688,121.080874,280.591160,290.519034,183.847384,215.603715
-857.101328,-243.048159,178.492505,34.772991,-20.834999,-45.176065,194.298636,408.582663,247.208304,216.663685
-894.217118,-213.388907,119.850483,92.211500,-81.664526,122.285118,229.537446,302.799848,260.913225,265.672017
-736.759833,-216.712279,22.111090,-51.155315,42.659233,26.291011,256.289079,107.553728,354.477150,269.401921
-750.956415,-260.189122,63.525786,99.175842,6.092951,-1.482567,281.256030,196.700204,270.897380,248.562026
-871.075228,-233.313620,71.252481,-44.221811,84.023147,120.322053,276.788661,309.416442,315.030520,191.439123
-851.831391,-225.674888,141.047545,15.057868,9.659385,79.886128,94.396094,349.997592,291.753153,250.280935
-606.748803,-316.910438,33.171535,47.949333,2.701575,8.636850,45.345591,340.544642,312.992997,283.331750
-794.129860,-208.164168,4.682424,67.449452,-25.638885,88.538853,350.595431,177.119220,185.659099,264.851503
-764.225043,-297.135842,126.392903,-56.877697,81.279379,-36.724014,188.938956,411.311426,233.881042,297.591627
-761.824743,-272.928309,28.643976,97.508137,46.569915,71.418464,232.900832,235.318232,267.035231,236.363347
-854.601869,-260.294595,127.979498,56.715984,43.742943,-5.642643,185.613131,413.481311,185.888590,300.167557
-916.826076,-193.613209,83.320597,-26.363508,59.116537,49.408998,356.772187,280.977890,218.807822,251.342287
-684.742824,-331.274974,20.417452,40.560354,-29.740282,-56.265633,256.926536,395.923973,273.347235,261.112873
-755.275590,-274.306295,49.360358,33.756707,33.757832,-16.604802,317.045664,171.040101,204.105821,299.310223
-855.541668,-222.475094,93.644571,52.583431,17.526449,5.911080,233.117725,293.994842,274.551599,252.954264
-605.121469,-297.574396,-77.800271,40.535321,47.180801,-27.635766,188.201583,276.930416,324.185084,307.150105
-848.246412,-289.867773,137.317203,141.530087,62.740881,-13.894638,285.815238,326.844517,206.399766,181.176047
-759.155288,-219.753869,13.935229,-61.569885,-129.015792,115.803665,278.923275,354.166002,233.491794,259.423495
-829.252425,-344.039886,84.361787,175.650156,46.685513,80.640308,50.575386,278.992106,290.756563,292.714152
-731.503562,-221.490222,104.453148,53.147967,-3.375466,-130.658343,456.320269,299.130068,244.616257,192.647755
-543.015473,-270.403841,-87.038727,-72.645020,-76.253731,-85.061889,305.883927,406.926666,253.486100,207.734674
-759.519234,-271.027111,45.115408,-6.425742,-20.863329,46.676695,392.760636,171.024809,257.940197,220.220161
-833.241641,-99.956802,113.795547,-37.165542,41.208005,-34.485858,335.217599,267.688297,281.804710,140.444956
-674.904489,-319.493293,96.656127,-9.417932,-4.744032,-27.820034,332.470806,318.186298,208.790462,232.510557
-711.119962,-315.558913,105.920763,-17.642830,62.692587,69.312137,310.123595,280.451455,173.279654,271.470576
-791.965178,-302.900714,47.942496,7.555665,71.015256,95.998668,227.359896,273.361199,288.077314,239.626236
-728.284741,-300.416121,-113.497630,12.759242,138.186760,98.561818,254.582391,353.751798,153.876615,234.889973
-803.791980,-183.475858,133.012647,-84.823481,20.938739,41.568668,189.503858,206.434275,280.614822,291.383497
-784.970904,-319.775678,93.677660,0.181361,80.235876,140.904959,221.732511,155.194639,261.698137,267.943844
-617.614561,-145.497540,-184.531294,55.313795,-88.031497,-27.220079,383.830075,314.205737,280.571061,193.719590
-695.923179,-229.849662,146.928123,99.454221,-18.557155,-73.199306,231.036725,202.298653,284.978057,166.637133
-770.469991,-162.920011,60.165481,46.448876,72.397523,2.055099,64.387188,309.411630,269.439300,314.898995
-859.126580,-255.381777,145.332554,36.247708,103.026736,50.594319,218.750724,342.168238,254.770792,203.819702
-766.559515,-294.773088,77.612064,-111.033322,-8.263048,-3.091458,402.140170,363.366777,202.549244,352.966622
-767.236079,-203.475705,16.241796,-2.289500,42.274872,-27.064464,209.612184,295.471048,251.761231,274.701947
-646.822747,-296.816373,45.912492,-92.168343,-46.401073,-0.160877,432.524249,300.379017,214.383044,210.563165
-807.995779,-178.530252,20.432363,66.725599,-32.441229,-32.741650,285.589186,368.770328,220.017854,207.993581
-700.657021,-211.851405,94.526992,-73.200833,-55.169958,31.344813,198.341313,408.514220,234.715428,282.326499
-781.970014,-308.544836,142.683125,-19.077551,66.337890,-56.667770,337.677991,386.906886,211.333087,175.947454
-887.734908,-222.182195,94.922359,119.875942,-25.513377,97.434614,385.567786,133.352863,218.838395,206.286582
-853.215344,-260.915862,137.882727,131.990171,18.287373,-11.985277,228.825417,209.781565,302.346962,237.194532
-772.007684,-225.702945,62.548785,8.745116,-115.034688,85.596855,66.640783,420.420436,309.947541,268.608302
-816.722060,-238.923129,102.568777,-28.533385,55.347988,108.923868,175.349582,254.906316,286.450658,277.189740
-839.686757,-136.969753,107.817782,62.492571,119.546494,-8.810008,198.241288,374.293380,211.128418,215.730492
-864.261455,-312.703908,79.021920,124.765546,-36.771773,122.925723,92.633964,457.939487,210.442930,317.279390
-704.595215,-242.112942,170.496200,-78.235390,-67.580222,28.361757,129.996300,345.058715,263.901542,231.900396
-801.427246,-232.011735,100.214149,56.744648,57.474955,-60.719084,268.595302,378.770971,183.770202,190.372536
-835.247911,-239.069112,107.983786,56.881101,-65.579230,139.586756,196.179448,143.451411,362.072827,219.593987
-862.402611,-179.319447,67.698892,-99.894808,-38.712931,128.046033,216.600856,325.478166,191.214121,284.872439
-801.665660,-257.804581,50.334071,120.586402,27.083404,-5.157553,228.515433,260.142606,239.218290,312.235966
-881.617921,-229.307092,-7.375662,-4.845465,91.485586,146.932444,177.841442,368.970492,304.370391,201.793535
-825.483203,-319.938128,106.382649,-6.312131,62.593740,-25.455342,325.437906,284.054581,200.462157,267.688075
-713.764957,-370.513520,99.317040,-126.568669,147.600836,60.033517,283.847298,431.237554,250.079847,225.318289
-727.009968,-310.971680,72.409995,-36.602878,56.240749,118.411012,383.413347,181.822187,285.671354,169.752165
-921.805414,-223.379394,-13.422233,-2.292506,25.378797,175.894394,387.818351,232.206618,243.399931,200.072073
-645.422880,-372.072356,113.458548,96.478565,-36.590751,-111.719527,425.448058,370.697235,221.631384,209.830897
-788.545424,-278.076879,83.965648,121.590974,84.566899,-9.600770,158.585333,270.936024,227.780523,258.132635
-740.405298,-280.313918,7.091889,43.810549,-24.024752,-39.127936,345.457205,137.330776,216.054675,356.173388
-756.723007,-295.758323,139.423765,-45.452760,48.287758,29.833068,389.958576,215.414668,190.768079,197.503891
-862.464753,-252.795303,58.300557,109.995249,80.084958,76.291237,211.880085,273.329724,305.510233,180.216463
-652.406865,-223.658466,40.596829,-9.707641,-34.058085,-92.108847,218.683465,386.311291,263.578185,205.509389
-861.786145,-182.354425,45.330667,-84.158275,-28.235456,88.000384,442.110058,246.290942,247.008889,196.145745
-852.478357,-206.467567,2.632004,-72.633333,110.425485,-58.441235,381.476462,442.243637,207.564124,214.222095
-892.523089,-270.606716,38.387794,190.623665,60.424399,-52.060178,326.582213,292.831776,247.190048,197.059446
-786.912051,-207.791583,-67.665996,51.179783,22.718576,28.065212,286.457263,352.477765,314.797284,191.099016
-825.828464,-246.060048,54.326923,49.392834,-18.611918,-12.782057,379.563353,316.274104,198.824372,251.966819
-847.548700,-222.884194,-52.014304,96.214363,71.405295,105.933261,325.248726,167.832796,260.531755,192.954215
-650.244889,-216.772984,-8.725952,-161.058747,19.645728,-47.785449,498.256131,288.568549,219.009500,185.608200
-902.721127,-362.115317,116.903550,96.410248,80.466100,46.562946,498.535053,120.426423,277.104114,178.141397
-765.283781,-276.703909,-13.151243,182.535063,-18.304946,-27.289883,385.385535,346.011299,213.487786,231.190561
-807.839378,-205.260258,102.714111,64.927583,43.536834,-29.313653,106.973546,283.389548,281.980009,255.007740
-726.533727,-310.192692,66.428228,-33.313289,18.835917,41.485572,223.059573,328.499687,226.266234,275.969393
-831.929932,-272.026403,49.915794,29.689961,136.797133,49.421393,256.033645,256.968458,305.984096,238.937383
-915.339532,-263.509436,189.180541,115.121392,80.378460,64.480475,255.904159,376.816186,253.639668,147.352622
-868.875049,-281.118966,129.261341,15.004627,67.140471,-17.751829,202.410379,358.094933,276.712485,207.078545
-658.281444,-329.547245,40.195142,-32.744219,39.192781,14.716289,226.246149,323.177422,282.202676,225.807073
-871.197478,-290.710893,113.960496,156.026049,122.691022,-24.009577,286.593825,283.622169,190.233897,214.084275
-882.012411,-291.195341,107.747445,163.997833,83.599940,19.421498,386.849617,184.400839,201.550007,177.700932
-759.437916,-221.087875,18.052730,-54.898599,52.868472,-28.758195,259.007894,331.529998,183.787042,262.439108
-887.613867,-211.478480,118.422496,-38.337222,-45.242120,-24.673147,345.639386,302.658001,251.730126,203.887308
-835.968346,-212.287899,147.736670,79.448707,10.982841,36.455673,246.082769,228.556546,293.573452,279.035577
-786.364861,-167.005824,37.071918,-5.090929,97.166312,121.524573,168.641144,257.063012,257.882190,269.527289
-917.603587,-216.260166,175.259724,-27.754974,15.281751,-26.847258,199.710817,375.149366,239.215822,256.946771
-792.713681,-202.726304,66.434276,-39.429287,4.144334,20.134105,396.108369,288.662467,208.295212,212.806041
-862.917331,-262.694228,112.047723,-81.705733,63.942763,134.999513,410.139897,224.844256,282.724226,232.050273
-840.709027,-247.414017,16.549025,140.367681,93.631128,30.945492,267.057163,266.017808,197.308752,240.552711
-823.874277,-186.359266,179.977818,49.379817,-13.495173,24.647362,212.692398,361.156251,240.357729,233.471055
-809.404216,-305.380841,130.398283,92.392255,-51.125592,99.139056,238.282475,317.892413,227.182997,266.134770
-841.912868,-189.300875,61.686993,-71.571277,104.449083,104.960093,206.013311,218.414036,258.049533,222.996573
-823.994889,-277.095405,-1.437329,91.065191,111.018124,26.305320,317.774343,320.997425,233.022471,151.322393
-759.334080,-273.048458,50.793762,35.273107,10.896756,-54.375424,453.786423,305.219645,202.364958,197.637169
-771.352244,-319.512781,129.605342,17.837044,34.149177,7.475539,175.578141,412.511273,229.219797,219.888939
-716.797725,-241.076155,45.302466,-100.397680,50.874831,-55.214298,444.403187,336.258492,189.812675,204.509475
-798.084602,-339.414746,1.512840,-19.598894,137.565543,121.671059,258.070557,237.418076,310.354655,182.326700
-713.885338,-342.990928,-17.658212,176.054651,164.125519,-59.780707,135.536233,228.613693,276.763688,286.603497
-808.389921,-260.101122,39.290851,144.626635,-51.415428,-20.826481,360.441698,320.229119,309.116889,181.308226
-813.090301,-217.613669,26.294560,59.364816,83.448431,32.442508,181.289584,303.715525,262.137285,241.687133
-808.496190,-345.565371,118.930667,171.234334,-6.381548,-98.552195,232.852450,324.176619,220.049166,275.672525
-816.620929,-219.471937,66.030784,24.709728,-88.472129,40.383959,292.056634,336.549395,272.279807,214.201321
-790.718509,-71.897708,-51.698590,-47.995092,84.514808,-12.164572,194.852029,246.555949,330.584596,246.570152
-957.340742,-188.738226,0.079159,106.459084,93.005377,80.402109,203.072645,349.533546,328.054275,215.150632
-791.182030,-332.336636,130.331863,62.048730,57.744986,10.875199,191.546310,298.586241,387.323347,210.663777
-738.314569,-265.011728,108.888825,-84.616255,-75.330312,44.359666,264.085313,316.271564,312.052731,163.987126
-654.773641,-204.797210,-73.465421,-38.041477,56.623023,37.336227,181.946007,365.463045,296.491603,284.029055
-763.119144,-275.800053,52.311805,39.248377,-91.468049,109.669290,289.525668,313.315368,230.007646,248.097780
-713.041772,-444.554047,126.673988,105.316917,25.370700,98.228890,195.920494,228.143725,244.662911,241.661896
-861.539669,-218.627632,13.839592,87.233939,93.346048,42.586815,161.685404,274.611538,307.993543,215.545978
-659.556998,-254.431215,35.480244,180.444061,-4.225585,-69.685719,167.299907,205.621626,385.993092,205.679437
-825.902240,-292.015122,97.216393,103.003142,104.300008,-36.501970,309.001322,322.396221,264.503535,209.211408
-742.982474,-278.161990,142.087758,30.657406,170.264717,-39.675095,235.086647,286.141425,192.548286,244.173604
-857.048509,-269.873053,108.210764,-13.454732,78.098556,87.811582,232.747740,367.373860,216.847510,263.300268
-876.730771,-258.064678,37.516265,168.186448,21.313226,-26.818141,321.902893,249.499752,222.230196,191.289222
-722.671094,-251.628011,162.427024,-38.334673,-65.764435,46.733992,266.564652,156.015632,249.051149,303.332955
-593.701164,-326.490048,10.821749,-105.473324,32.819495,11.856808,486.398344,286.493444,171.734049,230.652992
-771.520196,-324.500153,38.705642,28.400608,80.530949,-46.518375,288.530202,421.548938,270.632873,222.635996
-803.540979,-343.252279,94.766210,7.557664,35.243643,66.917413,149.508302,296.346533,286.411228,248.003663
-752.212975,-248.861997,17.873842,-94.664640,122.223773,-57.472506,413.131043,328.792423,192.824001,234.499023
-767.740562,-278.734146,86.016228,-13.471760,110.559080,49.406853,254.420383,316.014372,297.052067,179.656076
-912.959885,-171.136154,104.635972,-22.894582,112.251390,137.750812,206.130054,255.348614,268.923037,254.235385
-784.019826,-229.233920,26.532730,-63.885982,93.392314,38.778010,145.173921,365.993969,329.663644,241.852127
-730.200300,-94.441406,-27.809541,32.172712,-38.245539,-45.224146,203.060136,362.665773,219.776003,255.685209
-899.974084,-251.048159,166.670881,-37.625682,40.502082,176.071741,83.077486,386.765669,253.036148,227.360335
-875.796061,-195.933512,-0.816150,39.888953,68.093839,17.676743,349.823610,296.694382,183.361107,200.487171
-720.133574,-280.093858,-69.151233,36.214956,11.600127,-34.744364,417.772282,346.797178,180.228781,196.152911
-721.803907,-218.410213,95.928483,29.026462,69.867464,-15.541655,221.197976,114.907840,300.211822,220.144738
-815.194287,-302.038809,147.421216,-1.353651,105.983415,68.007773,195.217140,206.067468,225.502318,292.679810
-816.625512,-262.169420,40.177313,-31.791403,181.857611,72.606967,180.156458,380.951807,198.675968,202.164376
-774.495998,-298.580893,35.076458,-15.916667,66.340932,120.262110,292.676464,314.655599,190.327276,180.535241
-756.430530,-300.089079,58.057725,24.670487,-31.693992,140.736521,383.096206,225.580085,267.722059,205.113012
-684.163099,-296.428773,19.156605,63.691750,-40.505090,26.738926,215.697614,302.677154,250.133685,270.216596
-805.509114,-331.704377,15.321097,46.829379,37.496661,101.569392,263.021935,332.762296,281.187100,244.461536
-761.772218,-243.351432,13.125666,106.230444,111.158318,-1.716733,257.476508,195.701893,255.887229,246.399520
-872.582599,-258.239216,36.159233,43.377968,136.275448,-51.026757,392.905857,291.607443,264.845438,138.247896
-823.560117,-213.162125,66.946695,57.884467,92.906160,71.932347,281.349258,224.752578,230.414877,223.519048
-779.021343,-238.832377,-45.546232,97.941826,58.921764,-72.699612,385.273701,364.569254,208.457129,161.496468
-845.037132,-332.644856,96.857281,96.061730,15.123649,64.132985,299.330188,241.971479,264.638196,214.077754
-911.457929,-319.083497,156.272028,55.011268,22.751583,71.867616,198.047490,335.040723,259.289861,227.277835
-717.821139,-284.181335,-53.569009,40.314296,42.402088,68.155712,115.043882,308.668943,300.193335,303.095273
-920.047114,-336.326789,186.839658,206.143781,-8.353252,126.258939,134.926267,118.106375,265.423420,360.346154
-853.708123,-237.217221,218.197905,71.422320,62.659346,-18.639745,130.964474,329.414615,181.574420,257.443676
-754.603612,-196.928308,152.409317,-0.986685,1.300202,-134.182216,242.903703,387.008261,259.060178,238.525859
-678.178976,-271.077034,-5.813835,-12.729622,7.807312,0.232522,332.292823,378.599948,205.988674,203.011232
-872.905089,-211.987408,132.462004,157.837356,2.265421,20.679389,114.479559,332.475909,257.869675,249.986601
-836.398876,-255.719047,64.910971,101.217346,5.060713,100.335515,261.425890,189.193235,280.229352,178.459942
-704.647571,-243.033352,-29.914423,79.780700,7.749995,-68.866418,258.367318,305.762975,304.246442,233.403739
-857.814123,-124.271361,-66.524566,59.132798,23.249236,31.485473,158.890893,378.228028,250.304479,289.947295
-813.061760,-226.023358,-13.244521,108.715048,121.311659,192.043681,190.906093,151.095856,257.994233,156.775425
-766.419491,-266.945618,7.477707,54.962445,68.514569,73.146428,250.562982,130.677840,185.270770,271.408807
-738.616298,-193.016210,-61.050548,-66.883204,75.340483,21.542798,215.235360,335.011259,252.432806,326.268376
-817.177295,-299.809195,19.559003,-70.196934,171.896378,95.519302,210.057914,362.576209,268.192722,181.463529
-760.186342,-310.493000,4.421645,77.213311,-18.092442,-16.232199,102.266364,298.065387,317.058983,290.269063
-830.659251,-259.269242,62.183781,-70.718952,-29.480628,47.397662,342.597323,422.240664,234.932036,193.034087
-868.047560,-251.152300,27.487919,176.441256,86.415035,32.099027,245.471865,260.654504,252.955001,158.458410
-812.255526,-303.458371,242.981893,-62.725285,87.084266,-122.831477,214.285756,478.459118,222.475250,234.320557
-679.978468,-217.441607,-50.634980,24.523940,35.172791,-85.308661,116.092195,361.298020,263.456648,310.651194
-930.770422,-175.439106,178.341496,139.355001,-4.048668,32.439424,340.318933,203.023209,187.662590,208.162672
-775.725452,-250.302723,101.402974,-4.079661,-18.546811,148.167507,372.732445,186.656427,260.723109,205.234154
-740.826681,-279.933220,-100.258661,-145.295312,222.922895,67.308543,337.300895,433.976237,225.889708,189.329814
-891.581722,-323.610116,198.764819,-99.828678,85.592960,9.329511,231.112210,455.724474,240.630876,185.640335
-756.415685,-284.689681,79.392533,167.424254,83.156645,21.172498,161.080572,342.373537,270.881387,175.301478
-662.064196,-291.714630,122.428372,-14.078454,-57.825025,-54.908693,341.678858,384.368448,180.616639,166.542011
-904.690155,-373.615740,63.812246,237.944412,68.205336,133.361498,305.456920,227.147514,211.002803,181.055692
-761.739933,-286.966209,151.988734,-55.670286,13.028203,-97.601291,410.074325,396.989162,209.158752,201.308953
-795.782329,-174.485419,64.697327,-50.919729,125.543289,-17.998001,314.030313,285.521407,205.725484,246.385795
-775.739791,-320.221658,-45.192017,163.144713,-2.828450,28.803295,262.359062,309.178897,208.198597,240.031428
-890.575047,-309.848894,159.811737,-36.231425,103.237410,90.091956,342.223559,187.532380,242.818084,220.383744
-831.672330,-246.994276,28.383664,-20.985058,127.585063,102.836008,489.952495,217.328765,201.318038,184.354278
-811.892723,-209.047706,132.131995,86.852401,67.147319,17.308032,147.790182,297.114069,264.088217,300.718935
-916.194811,-193.416773,-75.369394,26.704403,64.046052,107.862106,329.123981,465.339054,225.999347,229.922209
-901.500967,-239.611091,0.593360,61.587956,20.374015,162.496218,169.314295,453.798250,314.671532,184.952114
-874.676858,-200.822710,96.558045,-0.354164,-10.449125,165.841122,229.643257,191.160409,287.371725,328.561075
-955.309905,-121.856574,-39.148300,-32.641788,37.057802,53.505480,359.605545,392.876710,246.012059,207.517040
-820.593957,-222.935598,-4.473423,-20.152441,85.777121,-3.504199,381.436191,390.150011,240.102365,195.376908
-830.388922,-164.762581,-24.285355,-3.263701,33.450758,20.162047,505.159442,196.338620,201.635168,206.169577
-777.106714,-218.063395,16.282805,16.633230,9.714025,23.139058,170.682641,345.091623,268.340538,279.547615
-958.008542,-169.342786,109.192882,41.529532,52.668451,59.111555,289.816526,217.485161,202.817262,312.219244
-769.568847,-206.378782,84.135139,38.959797,-37.959563,-11.272619,268.125425,280.794821,237.385561,244.273995
-904.347751,-323.655716,82.547264,119.043585,78.467788,30.768835,227.920109,286.446924,252.043240,233.600204
-764.224307,-224.342123,1.837960,60.262097,-31.187204,-68.373274,294.751557,440.442000,229.940739,195.120470
-781.692565,-217.435377,158.596311,114.301355,-97.704757,21.592992,85.458296,301.671839,280.580849,306.013002
-637.536229,-415.001552,62.765884,-53.713689,17.979497,48.792936,400.320901,311.753544,223.348652,254.904510
-855.840584,-165.244319,40.909592,-7.811720,-10.501813,-62.713599,325.348757,223.777398,323.570017,228.778763
-687.247969,-329.481371,-0.294944,62.564726,-35.538829,19.503815,426.796665,356.544517,182.246927,181.906543
-711.774448,-276.841608,-73.766041,35.306038,47.531386,20.750447,267.397692,336.648697,249.902973,206.931864
-802.818893,-314.046042,100.914994,52.220017,55.469708,74.738483,364.533311,274.545388,213.390448,187.578368
-858.649358,-140.642591,213.821392,-13.045341,71.998859,-0.583178,199.863931,180.924320,235.267515,271.627977
-917.545832,-228.214269,88.001754,26.034909,56.708495,23.192244,483.614086,309.972186,199.723358,155.377387
-830.920478,-322.045809,83.981877,28.001136,-18.183983,74.206615,360.027850,383.149968,234.542950,178.807079
-716.709796,-320.038793,73.336586,83.459768,21.244247,17.073049,196.094794,307.044279,243.572091,229.225350
-850.578472,-135.606540,90.782677,3.693718,28.272889,186.947870,163.824469,227.882902,297.470816,203.404699
-701.549356,-380.757645,186.882572,102.487690,35.337601,95.005410,76.004754,312.795340,179.286560,232.093146
-843.647643,-202.814270,1.492998,139.892072,-15.100200,1.091176,177.946603,429.991318,224.481887,188.602251
-747.980500,-271.267538,118.729950,-25.599021,-3.213183,35.105972,288.172218,219.810079,268.751354,195.180714
-816.703555,-265.807317,99.755445,53.812814,35.383052,97.768226,280.591422,278.785358,275.129170,182.055076
-792.148994,-351.096638,102.963898,56.706882,10.286881,127.909852,150.545778,404.194850,190.774014,279.757126
-909.266118,-237.035454,91.965118,139.368285,123.001270,22.085020,191.069132,296.131232,301.818564,187.213367
-818.841966,-180.256364,-95.162039,56.774518,67.078403,94.846642,314.616066,272.643587,245.140345,211.706950
-789.058969,-171.008474,85.023862,23.335302,33.169604,-27.984243,178.212410,322.818765,269.860827,222.608152
-905.259548,-257.332088,90.146372,109.144988,-61.017227,-12.394161,313.678975,458.084185,246.673560,193.156822
-874.946152,-362.661834,-24.610311,144.614854,150.742702,120.738057,188.926151,215.806976,314.895459,339.218353
-790.154317,-168.892258,50.483689,8.618053,-82.313666,75.155180,400.283822,320.222200,163.664125,188.766840
-873.528454,-196.845098,103.496418,-47.583553,84.418892,-110.905618,125.007439,541.721891,271.484097,225.929632
-851.310634,-190.594377,-41.964639,52.662703,21.222495,24.126223,273.366573,298.193419,291.246570,261.381248
-910.502924,-311.210729,135.299445,124.133204,109.105569,32.057172,9.421176,295.511059,293.399214,291.521605
-717.908390,-390.191226,99.380048,-23.247971,111.019760,80.734720,295.260244,284.687128,209.883444,212.886721
-869.080953,-212.508295,93.895964,136.681871,15.809849,-22.555569,250.199180,273.991258,311.432541,229.884066
-848.757477,-188.201335,101.166924,43.209331,5.353860,63.361273,289.156326,296.111177,232.299402,167.610096
-727.502215,-334.098036,24.592598,-47.250817,6.205094,132.166963,239.549897,330.640389,323.591149,155.713610
-686.733380,-192.421735,37.057768,32.653500,74.354757,-112.632657,313.637577,113.497815,316.852299,288.605027
-711.754374,-217.778894,-34.336649,-101.871884,1.170641,170.971937,442.694758,270.062734,240.942009,178.897754
-759.427840,-226.724233,-38.597165,-47.317065,6.844784,62.619631,232.715567,354.765148,258.413170,274.002627
-710.852665,-300.528009,1.571562,24.080206,-36.485262,-28.371062,341.717128,390.860282,240.459255,250.732521
-824.932378,-264.718418,-77.247983,116.482349,155.797712,108.551751,207.125114,228.501459,278.996468,201.001487
-694.415247,-320.961570,-80.408445,131.463233,39.667556,55.477967,127.216113,314.478801,311.971012,230.804794
-683.770391,-231.852406,102.925771,-95.999351,-8.017784,38.536185,274.859938,290.795382,286.084368,182.808238
-810.145802,-260.146395,6.448538,82.279558,30.273252,18.233111,336.362904,195.694123,288.352249,218.352010
-833.786193,-220.275105,74.182734,-81.212537,-40.507028,74.306828,353.778670,252.245840,275.922435,173.574789
-759.360801,-223.261593,72.679183,28.877205,-51.125304,-60.195289,250.756925,416.236278,229.685308,218.422817
-712.345356,-366.128246,38.543063,29.232623,18.873426,44.766438,276.150083,255.405431,276.794045,313.970127
-625.079582,-281.838851,-49.028030,124.222651,-37.530833,-142.043695,283.494779,331.657508,282.815842,204.469661
-929.116292,-208.908558,150.383675,78.381269,15.108321,92.746183,300.085221,228.101458,220.099549,248.595335
-945.654045,-265.140696,109.862788,72.081203,122.009414,84.944305,223.121719,335.365720,257.669695,218.096109
-809.622405,-344.256557,30.928659,62.253208,28.540543,9.478381,399.070885,405.624062,207.732506,181.917345
-867.537758,-242.237429,155.144595,-2.040895,-74.528473,-44.838618,221.785516,481.127384,274.440007,218.585095
-834.932513,-271.657027,112.105383,-80.843255,25.690368,157.785401,210.284101,303.862313,290.036039,237.596048
-687.684849,-243.626419,-94.543372,158.828424,46.025948,-45.249285,332.440858,304.275042,196.842785,207.548173
-888.832937,-245.279214,17.710499,145.703545,122.220061,-24.344233,81.374311,370.291204,254.112450,324.671357
-705.901115,-379.473847,105.293225,70.484174,66.162193,1.809318,234.670231,274.462380,257.980307,227.933342
-852.927243,-272.605059,63.463235,132.770211,111.895742,40.303047,290.506312,218.779028,179.439352,307.144736
-760.573155,-227.333298,-27.834045,-125.796893,137.778407,84.326551,243.181806,353.955287,259.888852,193.537477
-893.317428,-188.355769,125.682756,-30.290338,122.744950,114.537291,232.021648,257.393057,247.844952,195.784115
-684.583542,-278.043149,-31.977805,59.819018,21.098085,-100.883071,351.303565,389.327909,262.091500,237.714151
-753.307723,-213.407701,87.974258,-81.490547,37.361436,84.297331,225.850576,352.797449,231.443746,169.410170
-840.314991,-298.968577,238.320529,28.539721,-3.541226,-30.537191,358.820863,249.735920,311.940643,205.237485
-664.802650,-309.670537,126.319657,-114.377962,41.676143,-68.552338,336.075022,342.904427,301.480111,271.119314
-695.780813,-271.946490,-21.445376,-3.581435,44.413617,-1.387407,255.571891,392.134056,281.052613,193.345825
-842.525230,-221.426369,111.800380,56.947825,48.810060,-105.289640,300.168205,282.722149,175.167264,367.967620
-865.462786,-222.076492,-13.085926,-12.726819,156.100350,34.848183,198.408421,315.982908,282.487521,268.579731
-735.195829,-319.934066,143.555038,86.403555,77.471878,17.928706,97.692174,273.311909,305.506353,251.140891
-809.243478,-239.933263,29.162511,119.164981,54.047966,105.048884,248.164715,289.899478,177.433216,227.417404
-659.389068,-312.634988,17.488222,-36.591222,76.085976,95.252136,239.103124,301.520086,239.663910,279.476117
-832.088587,-204.110870,44.536975,-97.684304,101.231908,76.502827,267.802418,296.878724,264.125219,154.309118
-688.759270,-277.852846,136.218040,29.299137,-16.166222,90.969488,217.272556,143.803104,333.892158,227.437483
-728.868898,-236.458662,154.365581,51.283298,-4.049101,-103.509969,265.974291,285.409181,277.840913,256.918691
-912.776922,-223.396167,82.870152,57.449780,35.481736,91.968934,155.988874,247.287798,339.133128,301.542474
-877.789632,-231.707708,101.535225,21.515204,-25.558363,90.685142,213.939235,218.114129,340.272969,300.497394
-663.472157,-220.501328,16.231757,11.147742,-69.358528,-108.539620,387.333415,300.816716,237.215839,226.945036
-819.186114,-164.111916,155.395381,-97.158933,44.052418,-148.621900,285.246184,451.465760,260.758577,235.527787
-751.839860,-298.105840,50.612709,26.377885,23.009824,-29.169439,282.204405,344.141385,256.475222,166.388606
-763.130864,-279.019238,30.213262,97.384825,13.216372,32.294532,396.954084,232.186261,250.337382,209.153551
-783.354031,-181.012227,-18.340144,-7.188433,-21.495690,17.449610,176.782422,460.005635,238.383737,174.320651
-787.634016,-190.777699,-66.646715,-6.509631,129.106644,54.705123,61.378838,480.088678,292.695200,194.739296
-730.099372,-244.222376,66.176490,-40.567246,-9.952489,-72.011570,348.080582,370.803883,201.605713,229.415019
-858.172135,-235.146043,53.283833,71.844329,98.850494,41.041490,215.842942,230.623812,251.322891,268.684093
-764.648740,-239.025917,-9.667830,86.279546,-52.902649,-13.236380,158.872555,449.920749,262.153578,238.196376
-679.342691,-269.159947,76.048455,-66.838495,36.670894,-31.503070,258.607609,260.253457,258.382797,281.746264
-818.919424,-367.707807,124.049414,91.532061,20.205881,32.247225,171.193846,320.047098,194.426059,309.042119
-818.176825,-210.005061,35.181461,53.014742,-68.508469,85.284938,272.877984,203.224380,277.021199,292.082239
-800.336284,-244.612656,1.099191,-23.500740,96.877385,-53.624496,375.724676,243.244154,297.419680,228.312532
-773.219006,-268.409380,47.842888,-163.398441,44.916381,153.153205,259.428464,364.132022,250.812440,253.340373
-829.096534,-300.589984,22.174493,127.001851,-42.903395,0.735672,259.762398,390.371342,227.748549,235.144838
-992.735990,-292.814528,195.074475,5.172140,93.427466,-0.999784,291.330561,443.557298,196.663257,184.769014
-762.511988,-180.383011,-16.502547,65.842234,34.229454,-39.844499,293.360136,240.215295,270.750532,330.867699
-785.164508,-238.673169,197.655578,170.042994,-145.656758,-125.934709,247.959305,297.266408,242.590547,301.190766
-609.389791,-249.679586,7.561520,-32.207166,-75.432597,4.400827,257.428748,304.210169,277.159151,335.927368
-634.013990,-269.031242,-231.955986,40.800852,96.082368,-48.943429,233.117905,230.456247,385.511988,242.989058
-858.556575,-255.350732,49.354568,179.134446,84.754879,38.136486,112.544179,189.847298,239.710311,296.644052
-739.915012,-347.044360,28.329194,-18.100714,12.541445,20.358967,252.311679,327.665388,247.929123,262.378722
-772.023818,-251.928455,148.217108,-57.537067,-63.522017,150.405435,177.807536,379.091580,303.333484,195.659616
-780.329295,-229.115213,41.066539,123.196742,99.837847,40.752477,197.224640,305.375253,215.358845,228.567733
-733.775505,-377.613264,169.975637,70.510141,20.064357,53.747660,259.278835,205.581396,209.965310,302.372799
-856.747111,-178.821956,61.410692,130.863552,46.542208,7.611948,261.773912,206.291379,234.473048,215.595499
-913.396047,-317.729509,-0.073496,157.586738,144.225105,73.061778,179.974486,289.511063,263.826318,251.295067
-753.220198,-204.588563,-18.507489,38.094798,-44.903334,63.038894,455.189366,272.087538,208.191842,197.105590
-886.355147,-257.039021,110.808725,60.494437,85.676203,100.590914,177.156193,296.752927,232.923311,257.231789
-784.434611,-304.302637,24.552995,85.534901,173.470311,21.134020,148.832985,290.765109,270.695104,245.090333
-859.109413,-201.421671,59.181020,-47.370246,134.814785,-18.979519,376.402411,263.211151,191.686720,255.303799
-823.455737,-222.179306,93.438997,27.615008,-23.106143,208.371491,196.817153,186.609756,308.683729,210.015466
-840.871665,-223.054168,-17.949997,23.007654,88.356059,7.489676,365.918479,385.218033,168.270935,232.298321
-727.013142,-395.934905,177.111971,111.375002,64.864052,31.559963,141.626610,256.939780,233.175852,303.212218
-722.132611,-207.055250,72.338816,-38.061623,5.991406,-5.140177,215.947897,399.541989,239.018887,200.430867
-672.073614,-324.783517,129.345349,146.147505,-4.246321,-23.608864,311.271612,210.007443,230.174396,255.075695
-625.897286,-367.459747,23.197433,18.285259,84.165567,16.532920,212.021513,323.899920,301.668351,185.445955
-781.933996,-347.376241,121.871792,-90.936494,34.176304,169.723162,263.363816,316.909780,254.547354,199.958644
-923.378862,-120.637654,155.709130,182.254063,22.327551,-53.131308,377.258602,267.728224,204.236735,166.184273
-804.175250,-275.216136,91.382861,-63.482769,19.362867,31.561844,300.466983,281.043515,286.531787,184.388658
-735.043441,-212.448498,115.113376,82.793403,-16.490417,-90.047598,340.287054,225.242756,283.845066,210.354042
-876.922731,-321.128841,99.746448,57.549701,123.078108,65.943068,369.566950,148.446519,350.685601,210.797442
-746.297770,-301.190036,204.187279,61.305076,-88.052588,-49.089658,265.115583,292.852291,258.283715,251.573103
-739.868438,-267.238617,169.348906,-29.984858,-17.629101,-73.812650,353.531911,251.897181,263.738460,277.575635
-728.153646,-300.097559,54.075714,-8.576312,38.589401,109.740856,174.294531,268.046320,287.291524,216.772789
-886.252868,-274.547064,11.769786,62.775929,0.690004,139.933711,142.505163,386.273769,346.891073,215.773375
-833.582026,-224.782400,38.815213,-29.077342,-62.229756,7.194740,356.113312,398.554950,229.478517,206.844192
-832.606840,-165.520333,-102.269459,183.800678,56.108850,-1.611549,332.751311,276.975087,220.301617,230.745768
-772.427281,-238.991094,-16.655687,63.069880,24.376644,-13.734481,128.950485,496.138665,314.206927,220.437373
-730.877789,-345.191796,65.496825,112.163067,73.348414,107.939662,267.294918,165.756644,173.013681,283.999878
-806.719792,-349.877204,83.056613,79.809463,79.672576,113.544933,169.993004,328.434859,212.781718,239.644437
-799.168158,-252.910561,92.747660,112.075237,81.065212,-19.059327,142.186994,138.045441,342.635836,250.984330
-746.973477,-311.552424,104.147243,-0.965974,-33.076840,-16.143603,525.602693,295.844553,139.994808,203.448192
-731.295815,-301.043060,-23.332451,81.332984,62.336260,-51.375191,230.548825,347.153428,232.925758,202.334227
-760.236336,-319.419614,-34.759645,132.384649,133.468312,93.234914,284.163374,251.443755,171.989791,233.003919
-886.497583,-225.453690,141.033000,164.538371,60.189731,-44.458774,237.778499,333.391725,217.279623,229.349064
-857.377312,-258.820033,72.160451,73.421264,29.733872,146.838368,211.555314,286.047534,307.472927,203.803944
-912.373221,-262.702045,-12.599666,-52.667301,150.207630,85.608945,276.414870,369.147274,221.872336,248.650543
-809.078551,-274.285793,21.511812,27.726601,-41.207352,58.455895,248.022579,512.225270,228.279681,171.559975
-830.625551,-244.417963,180.199888,-97.198049,46.354829,87.862664,335.440560,311.251349,183.620084,216.147403
-841.979335,-308.590317,34.215488,-38.683380,42.855713,80.354340,317.453962,458.983622,189.094390,166.973410
-812.842667,-341.220780,145.596981,-35.613621,102.690016,117.771633,132.135251,249.723491,297.162995,228.943582
-866.723804,-250.726347,28.813137,106.173003,65.815359,118.986444,73.781381,353.174130,236.762505,217.467974
-745.393037,-259.638237,105.201899,76.705453,85.635164,14.006765,253.247734,246.593964,292.575113,160.048705
-888.216791,-224.329957,114.870485,-16.656360,20.655221,44.489012,150.970225,374.179284,293.112715,185.728502
-804.320006,-238.835217,117.805039,-30.838703,-21.968377,51.452668,219.803674,374.225578,225.336969,264.519989
-944.857274,-235.561744,54.421383,68.513226,90.074078,152.918800,234.079770,274.366256,224.985729,247.031882
-770.086296,-122.687570,31.354541,-33.708646,38.938282,-45.163407,291.460949,228.071738,298.312668,207.817223
-853.393395,-292.799018,159.318654,-42.163643,58.907158,1.657287,434.265251,219.264119,257.002606,183.122125
-841.105665,-116.072645,40.515543,-42.580624,-3.907593,78.138807,205.526858,378.911399,241.796953,288.731383
-782.260066,-228.770122,-15.056056,61.577192,95.579008,75.953527,182.305976,186.877755,288.214967,264.847968
-813.652510,-307.917427,31.092801,11.682951,27.794465,-81.132531,288.404690,475.508899,274.251875,162.017382
-564.545292,-329.998998,46.113834,16.900638,-31.318782,-0.055298,189.717633,319.635594,263.602489,230.524648
-764.011983,-290.724581,-48.928601,7.415178,-2.049013,6.194883,421.856557,300.565996,232.498671,259.481600
-821.748651,-163.482102,-85.826000,-113.361374,34.375489,88.695205,293.465927,369.190757,337.035929,170.405768
-922.364772,-229.607183,191.745334,34.054026,80.778185,-9.662414,135.937518,373.263705,300.457961,254.948059
-807.719530,-129.494631,49.378158,-8.838981,73.633446,36.308196,84.271712,223.179187,271.492420,315.197124
-704.030228,-347.062105,3.986355,182.294695,-43.096174,-145.584189,163.167385,439.309759,274.106821,248.890536
-743.867711,-320.492905,87.171373,11.965301,48.898175,-7.105706,217.635433,255.661602,266.297980,236.879208
-768.093646,-192.054863,12.649097,-84.307454,-38.300797,76.044092,384.586462,211.510093,271.094483,217.582138
-778.092872,-315.346774,65.398028,85.628944,99.806626,-37.618724,221.313927,293.701869,274.054599,224.143747
-782.937606,-210.930089,101.526801,131.769188,-5.970468,-102.103415,249.970950,215.882470,230.997800,321.837875
-796.863239,-214.977080,49.349545,77.426421,-53.770008,-19.376748,407.519016,143.739979,246.191075,220.739896
-769.767595,-311.819821,61.684529,183.160322,46.853406,-83.257397,187.322782,272.916635,175.039141,216.003814
-714.336676,-411.054213,107.085791,73.092119,31.091519,0.748514,268.984402,250.237036,208.048296,281.073776
-838.577097,-254.537721,144.600046,-96.641097,-11.643697,59.672814,86.655510,519.661176,216.087816,249.090522
-721.720649,-299.335893,28.885960,-62.482549,28.875266,-2.806328,609.759241,270.575430,238.952905,149.138596
-792.911190,-160.152261,61.379455,107.717166,-15.572306,22.299181,320.456832,221.835180,226.524081,264.585614
-824.965428,-286.494956,23.561487,88.496586,132.213891,-23.069196,217.737139,398.740592,196.418192,250.197423
-684.508015,-392.674295,-91.637221,41.350886,50.030117,138.034664,284.162503,328.783095,231.229157,199.258113
-687.355927,-259.785107,3.073333,-43.858203,-21.928106,-38.621418,280.789751,432.580165,249.113526,239.583865
-849.468666,-269.664153,100.146036,90.237970,-57.274489,-6.027861,240.789641,299.087373,224.691649,297.044310
-765.334990,-276.019512,44.871128,58.899675,-44.761029,-19.302864,465.181137,171.457130,283.021542,252.568109
-771.845671,-226.464494,191.192287,15.501600,55.502568,12.344016,192.751252,267.862053,254.748917,188.507984
-761.025536,-273.472240,82.715637,52.120137,112.277344,-50.046598,455.660881,155.871581,256.315128,202.062841
-811.774704,-134.483574,84.487334,108.602226,19.276039,-40.878193,350.940314,197.407398,195.676436,219.839823
-894.285281,-233.939245,133.008451,124.049449,95.763832,69.417942,216.777784,213.109507,239.071846,225.761241
-803.879378,-218.472270,-66.204799,71.439222,17.510955,34.397301,254.722672,351.387616,222.000894,247.642286
-829.916277,-287.447231,209.986428,22.086419,-11.750663,-13.449442,184.971214,248.099505,263.404197,349.827684
-993.065509,-215.006020,145.988433,102.116947,57.279012,73.546387,170.537961,180.438771,285.904609,309.833206
-663.323761,-270.898004,-62.716944,17.078101,48.836143,101.346870,263.037764,312.471549,267.378435,225.201189
-902.506645,-212.128983,59.172017,107.565918,13.646148,55.941005,286.308479,225.610391,227.424054,286.842518
-820.143494,-166.020497,71.540783,9.631619,-27.666514,-28.612616,350.596103,258.206323,200.193589,257.945735
-857.787716,-317.623019,127.153625,31.778172,57.508201,-3.330185,277.988109,367.201382,254.913084,202.443992
-762.152431,-238.547514,127.481534,36.466679,-40.561539,61.272561,121.975809,324.296682,284.741660,237.054627
-676.780778,-296.874056,71.644376,-54.607762,42.521623,1.597549,315.119716,365.939841,244.540705,189.778207
-812.184973,-132.088206,22.499431,72.424963,44.876455,-50.755056,306.208106,255.320562,236.262992,197.402063
-873.169419,-153.067010,-58.407700,121.370010,6.535366,49.885904,141.691268,411.209324,239.807663,220.861289
-947.849664,-158.439649,67.304246,-11.861024,27.259724,12.130059,378.093839,330.396578,271.212147,214.358108
-647.781196,-314.715467,64.296075,-37.042516,-60.397890,-22.508865,275.286027,379.682576,272.432091,253.036285
-678.864993,-222.624587,25.424492,-18.926015,38.056325,82.147546,155.951204,273.372829,264.477966,267.402093
-938.498202,-181.708332,71.868449,99.994839,70.814906,28.569805,337.526471,7.874932,331.929557,266.776713
-759.048044,-264.796581,24.100327,75.890347,-58.409118,105.994206,239.921007,284.591908,293.669129,252.628711
-960.459468,-251.416174,104.921351,120.526987,-38.527036,101.403669,314.232579,364.669862,188.889503,202.403185
-767.247060,-338.105753,-29.789352,78.770310,70.599236,152.788759,335.697004,300.590343,247.767229,199.922854
-665.344024,-265.533527,19.558043,-49.772339,7.673655,-53.067719,320.946020,272.184155,227.095070,308.895578
-809.817818,-199.803092,84.262522,-76.104542,6.240725,25.283391,307.958577,449.961742,194.309548,230.398596
-764.591823,-213.057903,66.081933,-44.081024,-29.581521,15.337684,349.294100,245.882812,228.782709,280.976799
