col1,col2,col3,col4,col5,col6
54.369553999999994,65.567712,86.69126899999998,89.561398,126.30202399999999,46.88230300000001
20.496005999999994,55.722155999999984,99.25393400000002,37.06295800000001,40.719525000000004,43.738485000000026
59.072896000000014,8.678168999999997,17.70163100000002,7.655485999999996,67.90066900000002,17.859760999999992
140.71224400000003,63.04069200000001,96.515425,22.71824000000001,17.80725800000002,101.95553399999997
127.40370600000003,94.53876500000001,128.94644900000003,81.15943199999998,117.77562700000001,41.97240099999999
56.269418,85.00187300000002,34.49930899999998,69.13153,33.526331,16.462219000000005
12.854813999999976,4.935303999999974,27.363777000000027,50.17361299999999,74.802794,14.272153000000003
21.89116100000001,14.32155899999998,39.12939500000002,12.829620999999975,11.082913999999988,12.325860000000006
39.91873099999998,38.92025699999999,50.13402099999999,103.28904,41.53000699999998,81.00125
18.71224699999999,73.44315499999999,25.246940999999993,46.37858800000001,17.192763999999983,16.89184499999999
103.27500099999997,101.400025,138.01390400000003,68.257855,62.61453799999998,94.893126
104.747739,85.227833,98.96773199999998,3.5574550000000045,120.68530899999999,53.139824000000004
19.623525,80.92437699999999,4.698845000000006,37.63079299999998,3.9542789999999854,59.963051000000036
18.63691,34.471558000000016,76.85555899999997,107.886617,28.329789000000005,11.481941000000006
8.253944999999987,9.822122000000007,81.27355500000002,50.787712,73.233112,40.36648500000004
60.554051999999984,9.37587099999999,59.28555899999998,19.588465000000014,43.046221,11.775960999999995
88.09578599999998,88.994576,49.01470699999999,29.793776000000037,10.291262000000017,42.37999000000002
9.84327300000001,15.666753,63.149853000000036,4.3272890000000075,35.75282300000001,37.338239000000016
54.50587999999999,17.205918999999994,22.352929999999986,67.41368500000002,51.31583599999999,38.06658899999999
83.24162799999999,63.42053999999999,59.46993600000002,118.08947,94.38292299999998,30.10585500000002
66.16349399999999,13.476640000000003,1.5707740000000285,45.96235800000002,42.8999,70.52328599999998
82.70607199999998,6.081164999999999,16.546367000000004,54.842984,75.81582999999998,46.41814899999997
30.563756000000012,46.175825,20.800084,34.76836199999997,20.684736999999984,11.107037999999989
67.03657400000003,10.386100999999996,28.019976000000014,16.838359000000025,0.6670659999999771,51.08885599999999
0.14513699999997698,40.08607999999998,12.597495999999978,19.45347800000002,3.035154000000034,25.599079999999958
7.621603999999991,55.98767699999999,6.895819999999986,59.35547599999998,30.421706999999998,63.78726900000001
32.178796000000006,34.02314400000003,32.98249700000002,62.06219799999997,3.7944119999999657,35.825833999999986
103.48044300000004,63.90511000000001,52.66251,26.451762000000002,58.94225800000001,6.605435999999997
52.101293999999996,2.97359400000002,63.067407,11.733554999999996,8.918919999999986,26.465884999999986
30.141902999999985,40.927858999999984,66.70434399999999,132.60338299999998,38.26033899999999,31.094000000000023
23.982456000000013,47.69045,47.95029699999998,10.356720000000024,41.525751000000014,80.69774000000001
31.762141999999983,67.57273,15.00420299999999,77.50325500000002,16.12184399999998,42.052707999999996
34.099332000000004,82.11123799999999,0.3251799999999889,52.867008,111.48795899999999,104.93591799999999
24.018338999999997,5.467928999999998,26.542753000000005,27.696031000000005,55.87842600000002,46.76495700000001
109.475357,26.058467000000007,60.57362100000003,54.43439600000002,10.117931999999996,38.847421000000026
84.74329399999999,96.65399300000001,23.878721999999982,31.75633099999999,31.28029600000002,31.167018999999982
67.68586400000001,38.14736499999998,43.27730100000002,30.54461900000001,83.663805,47.105673000000024
43.74535500000002,9.724421000000007,69.89966000000001,4.758791999999971,14.247960000000006,33.609736
31.895569000000023,102.48660900000002,138.338461,85.07522899999998,76.02075700000003,38.56626799999998
97.963491,1.5842020000000048,5.363135999999997,22.335353999999995,62.59592600000002,24.063534000000004
90.36691299999998,103.43669,106.502533,123.59139700000003,71.16142400000001,99.58767700000001
147.6432,112.21506299999999,78.22305800000001,41.472218,46.56845799999999,78.85858099999999
5.593883000000005,3.204872000000023,33.519664000000006,29.661247000000003,15.358986000000016,50.220094999999986
34.383651000000015,3.2701209999999605,31.618601000000012,79.19240399999998,68.04078099999998,14.134126999999978
120.55330599999999,3.920792000000006,84.24891699999998,63.71058500000001,38.41654399999999,75.41279100000003
1.1757880000000114,16.322412999999983,43.74847500000001,30.671884000000006,76.17983200000003,28.21872300000001
96.59855399999998,94.54033600000002,43.26888500000001,114.278967,97.61202200000002,44.59843600000002
2.0595069999999964,37.36792300000002,0.5645309999999881,32.53446500000001,73.487978,28.918752000000012
73.53134200000002,123.15020999999999,58.86598600000002,12.234362000000033,81.41803300000001,57.57509399999998
134.61197700000002,93.09936299999998,88.52561599999999,95.20440200000002,105.03113700000003,134.90064400000003
49.85682200000002,62.69078699999997,45.635193000000015,21.597335000000015,43.87805599999999,52.92804399999997
90.86275400000002,123.605671,18.728656,17.03497900000002,120.25511100000003,62.389279999999985
2.288687999999979,87.60295099999999,11.151279999999986,25.22371899999999,14.484381000000013,1.9318279999999959
19.087569000000002,23.641413999999997,109.948848,25.931701000000004,90.24515400000001,50.444192000000015
109.574184,86.90538299999997,91.741411,1.9575889999999845,14.178389999999979,31.264904
30.19460700000002,62.90918100000002,37.58640199999999,51.968502,40.83444100000003,84.792273
52.584417,10.931513999999993,11.561806000000018,45.75142599999998,47.996126000000004,25.214529999999996
19.755493,10.390681999999998,105.93841899999998,37.72003600000002,52.50738999999999,14.902398000000005
46.38787399999998,71.13011399999999,59.53653399999999,141.359754,2.4133790000000204,35.14608200000001
43.18478400000001,39.01961200000002,23.946049999999985,23.720095000000015,73.65874200000002,41.565933
56.15164200000001,33.35831200000001,20.381901,98.190922,18.280442000000022,13.807889000000017
96.11098200000004,67.28105999999997,58.38206300000002,48.451077999999995,67.84761800000001,140.89062800000002
57.23157900000001,140.252183,31.426046999999983,81.01335800000001,27.952042999999975,38.05069900000001
18.813919,9.236508000000015,52.492399000000034,10.768674999999973,16.159768999999983,18.409156999999993
30.11837399999999,24.470948999999962,15.406272999999999,6.2457070000000385,20.25152700000001,4.559127999999987
153.811106,126.35072300000002,187.86136100000002,86.85147099999998,101.95289400000001,66.97473200000002
56.566183000000024,72.66920900000002,35.595923,118.34092399999997,56.70938699999999,51.45304899999999
35.91505799999999,44.435878,9.984135999999978,45.45969500000001,32.902270000000044,8.595326
44.75574,99.988719,47.79654199999999,50.95108999999999,6.256419000000022,32.095298000000014
97.10534700000002,109.954958,114.10561200000001,150.41737799999999,36.85108299999996,93.34582100000003
7.785662000000002,33.21886599999999,64.48255800000004,22.94071600000001,42.473712999999975,41.199809000000016
33.620553,103.35193799999996,90.043948,3.8198790000000145,23.461775000000017,37.07353800000001
42.385107000000005,11.721383000000003,37.42311800000002,12.024272999999994,19.42183700000001,63.516054
14.918972999999994,78.051222,48.92784599999999,47.61107100000001,53.439008,53.854993000000036
19.334820999999977,23.63848200000001,4.4204229999999995,35.38563300000001,16.738913000000025,29.305549000000013
19.264092000000005,46.41354799999999,18.963731999999993,12.551812999999981,84.87876200000002,5.037032000000011
54.618202999999966,64.414589,62.95598000000001,65.15243000000001,145.683695,28.706934000000018
59.467308,14.317900000000009,19.932784000000026,41.33923900000002,13.493843999999996,103.84376000000003
19.93223599999999,63.03055899999998,86.206919,9.260918000000004,17.469951000000037,53.05172299999998
38.406701,68.959135,36.52407600000001,4.602073999999988,11.27443199999999,105.92897300000001
41.46894499999999,178.14872300000002,148.40532599999997,106.83645999999999,108.07711800000001,137.48133800000002
104.24049799999997,52.39595400000002,69.02284499999996,32.001146000000006,86.99851299999997,18.62247500000001
6.62993400000002,4.794096000000025,2.02040199999999,6.602333999999985,72.264948,11.782808999999986
149.556384,131.543499,111.761068,142.47884000000002,156.941715,137.27824599999997
20.998678000000012,33.56544099999999,65.62986500000002,93.65831799999998,52.97082,1.4782799999999838
24.611448999999993,56.715339,55.26366300000001,73.01767600000002,11.455984999999998,54.08333399999998
69.95494200000002,37.94846899999999,67.86155799999997,102.57685599999999,131.890904,86.26009099999999
14.190094999999985,26.61979199999999,26.76030499999999,67.22591800000004,7.756473999999997,18.689234
59.403768000000014,1.0799030000000016,21.012811,24.761558000000008,73.86471399999999,2.2280350000000055
65.561126,26.334084999999988,52.846104999999994,115.91918900000002,63.443014000000005,98.553267
56.139903000000004,20.171231000000006,89.80269299999998,43.32785800000002,7.127871999999996,64.91708999999997
107.31385899999998,58.671096999999975,26.45809700000001,11.800487000000004,70.99955899999998,78.375733
14.65887600000002,120.46310799999998,48.874044,30.352112000000005,14.238108000000011,28.620768999999996
11.595924999999966,82.77479899999997,61.42587499999999,140.11871299999999,105.70083600000001,18.84544199999999
23.266129000000006,35.388823,16.695932000000028,6.73581200000001,53.56949900000001,9.780173000000019
105.020783,98.30495900000003,87.42549499999998,125.29377000000002,55.987067000000025,54.58280099999999
77.12309000000002,39.410594,7.473888999999986,58.06879600000002,54.731505,123.26361100000003
37.01698600000003,33.59136000000001,36.639478,50.863144000000005,23.650956000000036,25.13458399999999
23.28000899999998,43.23259999999999,1.6960239999999942,6.657971000000003,3.6556640000000016,75.68692200000001
71.60103899999999,33.705062,82.97290499999997,50.13060199999998,78.75127699999999,35.596968000000004
7.5668679999999995,104.83571900000001,12.135328000000015,123.69826799999998,9.239348000000007,11.688827000000003
10.42537900000002,18.845338999999996,2.3496470000000045,53.142446999999976,6.521796000000023,4.565455000000014
8.962391999999994,65.57023700000002,32.43711999999999,67.57753999999997,32.17128100000002,38.52115900000001
56.79407599999999,39.74792100000002,145.593955,33.40129999999999,74.27489,99.07468200000002
66.04788800000003,77.27784499999999,76.85090299999999,98.96271699999997,45.02995199999998,122.69176300000001
1.5929179999999974,51.001626000000016,11.791140000000013,17.702775000000003,7.975051000000008,2.7306350000000066
61.28737699999999,16.291538000000003,15.956654000000015,26.972268999999983,35.79017399999998,56.38838799999999
1.5207670000000064,104.17655199999999,54.509788999999984,49.70315900000003,74.25674800000002,45.98423600000001
23.359785000000016,118.646321,83.72495,67.04671300000001,149.86458799999997,42.204188999999985
65.100479,22.439487000000014,53.059752,106.287046,79.39701500000001,48.22707799999998
149.41678500000003,90.344772,113.79856500000002,69.63394000000002,130.23482,31.07862700000001
65.13340399999998,71.25031100000001,54.19459999999998,56.395602999999994,59.290366999999975,63.192691000000025
85.10165699999999,36.42731599999999,15.734935000000007,23.850377999999978,28.924142999999987,68.025822
37.71738099999999,1.0457150000000013,4.547558000000009,23.849075,24.166720999999995,5.628802000000007
31.806601,3.4661760000000186,38.70602100000002,78.65206599999996,52.27998199999999,34.61236299999999
22.03359899999998,0.3816050000000075,71.20392699999996,47.84281800000002,42.117422000000005,95.69188799999998
45.352487000000025,34.363969,82.84816100000003,14.537874999999985,42.34418000000002,24.929666999999995
14.346901000000003,68.17109400000001,32.18705799999998,11.645099000000016,35.32789999999997,115.38169500000001
9.601893000000018,149.768658,88.64790199999999,17.73094900000001,82.11707200000001,17.307800000000015
29.68288100000001,11.454150999999996,8.299605999999983,4.510829000000001,10.859220999999991,7.3755999999999915
57.901895999999965,97.12280100000001,137.456852,50.67395299999998,75.741059,40.733649000000014
37.44119599999999,73.00977799999998,57.252983,43.24395899999999,43.66438200000002,1.8738799999999856
66.35474099999999,142.61728300000001,40.271232000000026,6.886673999999999,116.95852199999999,87.21326099999999
78.03247800000003,132.504292,72.11084200000002,38.951773,96.930713,115.837335
14.493550999999997,89.16057100000003,19.188045000000017,35.052959999999985,57.56606000000002,80.21888000000001
63.42783699999998,48.414377,49.93490600000001,81.70007799999999,83.46341000000001,5.057069000000013
17.322862999999984,48.476073000000014,59.830228000000005,4.727789000000001,10.803842000000003,9.565297000000015
38.03752699999998,15.438019999999995,81.908624,9.330858000000006,21.947598999999997,40.92084199999999
48.44179199999999,34.972387,65.68518600000002,14.696799999999996,21.155461000000003,18.302774
28.837032000000022,54.16004800000002,92.59546899999998,128.027955,119.32798600000004,51.90757399999998
36.35089899999997,47.49363199999999,50.13931100000002,9.839809000000002,56.00299100000001,38.18797599999996
73.35207700000001,103.27970100000002,73.64885100000001,127.80866300000002,29.168532999999996,94.39307099999999
67.123132,56.149197000000015,6.567136000000005,20.45015200000003,9.603763999999984,38.052752999999996
33.53103399999998,92.227393,45.906773000000015,55.623358999999994,116.93100300000003,72.847149
69.056903,4.174576000000002,40.64580400000003,58.078486,12.898189000000002,19.735026000000005
0.6224660000000313,18.071872999999982,48.432524,84.01444399999997,58.763259000000005,62.349526
46.17255299999999,101.20664499999998,77.429339,112.90364300000002,59.87915800000002,98.15670099999997
69.70758399999997,115.47636899999998,182.402118,176.65957,114.616363,75.51800600000001
73.00777400000001,99.120691,146.34285800000004,148.065605,159.09737499999997,50.77527600000002
23.464347000000032,57.454808000000014,21.657854999999984,12.46254799999997,27.150273999999968,55.98822000000001
19.16602900000001,26.44981500000003,26.73112500000002,18.090134000000006,23.336907000000025,21.424936000000002
79.335512,97.34650199999999,98.49091000000001,3.0010149999999953,18.05481900000001,34.22434900000002
124.09416699999997,113.86626799999999,144.808022,92.447565,67.65215799999999,102.27720499999998
54.90252899999999,57.653591000000006,83.63222200000001,180.31365499999998,50.214380000000006,46.84966499999996
147.48644600000003,50.33437900000001,17.156453999999997,55.292126999999994,26.13204300000001,45.455100000000016
59.40691899999999,61.237708,53.507057,51.62531800000002,22.056126000000006,4.0509289999999964
42.79678799999999,63.694939000000005,23.388269000000008,46.45275800000002,0.26802900000001273,58.659402
31.770335000000017,4.395663000000013,24.634803000000005,30.94097400000001,0.1945880000000102,18.746827999999994
3.0306380000000104,98.39248799999999,69.91804199999999,54.28180600000002,63.23346600000002,27.657756000000006
16.709131000000014,68.62807099999998,98.17887199999998,58.91894300000001,47.013360000000006,56.866900999999984
61.788989999999984,50.88464800000003,21.579230999999993,47.99687700000001,64.63821100000001,65.58152499999997
7.531781999999964,94.85171200000002,29.76801899999998,38.407565000000005,11.656608000000006,106.485998
54.778108,30.556378999999993,38.56494699999999,41.675021999999984,0.6833340000000021,6.712683999999996
88.98996600000004,80.35336999999998,68.65639300000004,117.39599100000001,125.42179199999998,155.42354400000002
89.03060499999998,32.82700200000002,9.248174000000006,14.687652000000014,57.915801000000016,15.191905999999989
211.38678,101.19052999999997,68.81254199999995,87.81151699999998,127.119934,108.65443299999998
67.95011500000001,8.40428300000002,36.90786299999999,35.90920599999998,24.169100999999984,4.65831399999999
117.15668000000002,10.024259999999998,54.889054000000016,25.675813000000005,14.958151999999984,33.947382000000005
2.937100000000015,32.892617,7.562984,17.126063999999985,89.89066300000002,43.960375
50.330726,8.743479000000008,59.67219300000002,15.924129999999991,15.020489999999995,67.12813499999999
69.211491,67.495587,67.04919900000002,80.067084,48.02556200000001,63.274550000000005
102.15692799999997,73.37694200000001,69.85531800000001,67.17749199999997,54.22656300000003,72.032813
56.62584100000004,70.33920200000003,62.38973899999996,3.4884079999999926,123.44738299999997,12.316345000000013
32.306055000000015,37.36548400000001,35.616187999999994,9.792034999999998,17.786749000000015,26.628974999999997
0.7027220000000227,96.696706,23.380965000000003,62.609047000000004,34.77351100000001,43.622828
56.75855899999999,28.998694,9.930587000000003,20.082910999999967,29.240785000000017,8.263289999999984
100.00567900000001,77.97233899999998,119.35857200000001,36.72556399999999,21.00350500000002,111.820506
38.44148200000001,91.954613,19.669871999999998,9.487708999999995,47.91074600000002,123.57583699999998
148.72760900000003,51.732185000000015,94.87224200000003,126.597542,122.18911200000002,76.656305
95.65753100000003,13.134730999999988,50.026418999999976,6.895828999999992,55.436950000000024,53.579875000000015
11.006373999999994,3.9689970000000017,21.986320000000006,46.960661000000016,7.811048999999997,22.527063
24.940323000000006,26.57241000000002,3.59986600000002,50.560441999999995,1.4013809999999864,5.165794999999974
68.570355,84.580209,106.10780399999999,32.01202599999996,29.930633999999998,10.180969000000005
38.704781999999966,5.381354000000016,93.79457299999999,2.9019380000000297,60.70118099999999,26.74705899999998
36.86606499999999,64.67281700000001,43.20280399999996,94.92273399999999,4.266201000000024,4.758630000000039
101.29764500000002,58.41263699999999,97.04880899999998,75.86925599999998,71.18761500000002,50.49078700000001
48.127099000000015,52.235532999999975,57.68837399999998,20.53431900000001,50.419831000000016,23.37602800000002
49.531225000000006,36.546537,32.141301,2.9774419999999964,25.283562000000018,19.646698000000015
2.4193919999999878,43.04729099999997,79.52090899999999,7.883073999999965,27.565591000000012,20.191834
71.95956400000003,13.833127999999988,30.536997000000014,101.76941,16.650593999999984,8.940157
81.985083,3.6792409999999904,8.887348000000003,70.842703,87.07636799999997,14.88325900000001
67.94648900000001,2.221971999999994,29.30424000000002,39.64281600000001,44.45761900000002,25.818793999999997
15.394596000000007,45.69100499999999,24.29194099999998,101.218808,6.691521999999992,41.02258600000002
27.929366999999985,21.842277999999993,11.522663000000023,86.13803700000003,18.203723999999994,16.189741999999995
87.06920199999999,81.84290999999999,40.900514000000015,73.83556999999999,28.709794000000016,78.329253
57.72347500000001,28.894743000000005,10.556600000000003,86.72919300000001,32.70084299999999,14.268297000000018
28.084606000000008,5.999697000000026,110.17765999999997,26.789919999999995,21.355804000000035,3.7979799999999955
52.89755500000001,10.32692400000002,24.69982999999999,41.89794900000001,37.61626799999999,4.274074000000013
41.78507099999999,16.285697999999996,54.44599100000002,94.49659100000002,62.41089599999998,47.059053999999975
54.83453400000002,22.579578999999995,32.625414000000006,11.84530700000002,23.857974999999982,19.19816899999998
12.879169999999988,34.25793500000003,75.41389600000002,47.194546,61.16575500000002,13.020722000000006
9.822258000000005,38.615733999999975,10.084946000000002,20.500081999999992,13.075715000000002,18.886216999999988
5.579616999999985,0.8983409999999878,50.89800299999999,55.48895500000003,25.85818599999999,26.277589000000006
55.50386900000001,88.916437,41.79551799999999,36.559894000000014,4.959441999999996,22.625211999999976
56.617863,36.58635699999999,45.459146000000004,54.99054100000001,11.531230000000022,75.51596700000002
100.32093799999998,26.838341999999983,36.112438999999995,95.57990900000001,5.929728000000011,36.81308100000001
7.235071000000005,26.284475000000015,81.32718700000001,14.07462799999999,31.373511999999977,35.39898499999998
69.39460599999998,49.46185200000002,53.886945999999995,29.947111000000007,32.555071999999996,43.75375299999999
22.816629000000006,4.218157000000019,28.916901999999993,7.84979899999999,4.342737,7.992475999999982
105.64497999999998,23.57413699999998,29.790363999999983,40.66031100000001,16.89836900000003,35.585171
21.379102000000017,64.18452199999999,0.36705700000001684,31.832831,22.275979000000007,54.429733999999996
78.50563500000004,52.98127499999998,81.280134,22.43433999999999,74.85495199999997,114.78935599999997
32.00188,67.482438,20.07096200000001,16.963760000000008,66.66614600000003,71.053484
46.22107,25.158915000000007,7.22538400000002,36.630718,38.84277000000003,19.381580999999983
37.74185,16.575792000000007,37.57697999999999,3.922862000000009,86.937905,78.95817299999999
65.56897799999999,35.19791600000002,3.939626000000004,129.71941800000002,62.41499799999997,62.870484999999974
6.022692000000006,53.40283900000003,45.38486899999998,41.18934999999999,14.366370999999958,14.293933999999979
35.03569299999998,1.8722319999999968,49.674587,38.495018999999985,73.182639,8.546478000000008
28.338438999999994,2.2081790000000012,12.572879,44.725457000000006,49.29273899999998,31.820217999999983
18.204645,4.5250540000000115,0.22601600000001554,4.534409000000011,25.699512999999996,12.623480999999998
25.67276100000001,37.446106000000015,59.45618999999999,11.207077000000027,59.223750999999965,1.5820919999999887
138.777955,154.315701,151.35262899999998,109.401982,179.72129099999998,120.998163
83.66968500000002,72.31841199999997,49.69102400000003,6.888434000000018,4.4566739999999925,12.668757
45.89034700000002,158.78776,84.89596700000001,18.443036000000006,117.52067600000004,99.33427799999998
18.999233000000004,5.848927000000003,42.23096799999999,34.820268999999996,42.84825299999997,17.540212999999994
36.71608100000003,64.29855599999999,120.83840400000003,25.43215299999997,61.18623199999999,18.338266999999973
39.57945699999999,69.25252700000001,32.102936,31.555858,41.42751799999999,22.158863000000025
37.222654000000006,71.974482,52.07906800000001,94.79125400000001,68.95578500000002,86.75523100000004
70.380527,23.723197999999996,2.847688999999974,0.34038400000000024,11.923919000000012,10.990183000000002
51.752893,44.50402600000001,0.3219100000000026,42.97110900000001,7.909409000000011,129.71922299999997
13.404427999999996,28.072686000000004,4.377404999999982,25.81207999999998,48.87147199999998,12.676273000000009
15.511293999999992,29.411513999999983,13.393969999999996,36.360461999999984,51.14280400000001,83.50135500000002
15.637925999999993,13.53375299999999,38.893292,44.34597099999999,37.46920899999998,21.334367000000015
6.234893999999997,127.42990299999997,56.477654,55.735871,80.076099,107.655746
11.060573000000005,15.043650999999983,26.741676000000012,14.346741000000009,28.77684400000001,4.029944999999998
86.43897899999999,16.467633000000006,93.60725999999997,94.06611700000002,44.03414700000002,45.63621999999998
5.293204000000003,8.225031999999999,27.28078500000001,52.80658599999998,55.295151000000004,40.72802300000001
51.50253999999998,32.83075199999999,112.38795600000003,35.879636000000005,18.295423,96.63940600000001
123.03875500000004,51.69729000000001,41.97156100000001,73.57064,42.731831,106.129289
104.67650899999998,122.10324200000002,151.92082600000003,93.07409399999997,77.022718,150.744766
97.752794,102.823451,79.05869900000002,88.98311200000003,153.68736499999997,125.352284
12.978555999999998,26.146016000000003,60.810372,114.60519699999998,1.499307999999985,37.74242799999999
91.85574100000002,44.690360999999996,83.87944200000001,33.43339499999999,92.91874200000001,25.362133999999998
108.37153700000002,36.995565,26.580546999999996,47.25267499999998,45.659501000000006,68.73663199999999
68.00884400000001,25.019999999999982,83.01215799999997,53.516738000000004,92.957371,9.719407000000018
26.39625699999999,102.68462299999999,40.263600999999994,24.322893999999962,23.03252600000002,10.54403400000001
4.710763000000014,61.93235199999998,56.926806,25.10271499999999,86.90410499999999,69.40992299999999
1.4968410000000176,26.06412400000002,0.4139059999999972,45.55446500000002,11.741996999999998,9.825356999999997
53.27815100000001,4.562487000000033,37.48691200000002,29.865321999999992,51.479115000000036,22.06537499999996
60.157336999999984,27.506696999999974,31.472374000000002,1.87760899999995,0.8980309999999463,3.161790999999994
28.224988999999994,71.16983700000003,24.686339000000004,3.003276999999997,18.823368000000016,61.982099000000034
80.94288200000003,27.703479000000016,37.042507,81.54847500000002,15.161436999999978,9.924821999999978
44.81939,33.92653900000002,10.288012000000009,64.68930599999999,6.6210419999999885,4.490322999999989
159.638798,114.30914200000001,145.44366000000002,167.87753899999998,111.13708500000001,176.07698999999997
18.025615000000016,59.518529,107.90148400000001,28.24727200000001,96.524427,31.320627
89.370576,97.08533300000002,53.089354000000014,62.04425500000002,5.024038999999988,17.326564999999988
29.440681000000012,17.767150000000015,7.099738000000002,15.589457000000039,10.428957000000025,33.251261
62.05097500000002,51.26925399999999,63.49875099999997,10.273265999999978,12.877939000000026,29.241807000000023
100.93569,54.52138899999997,61.726906000000014,77.994981,55.279852000000005,89.03905499999999
90.76858300000004,52.351508000000024,21.37321800000001,81.16621799999999,50.977621,73.49676499999998
112.31806900000001,38.99449199999998,66.120329,103.27613,37.000534999999985,111.993054
72.39950099999999,1.890449000000018,123.49510799999999,70.00023899999997,97.32187399999998,43.71104500000001
104.66062400000001,143.12011900000002,107.77167600000001,102.347646,109.37356299999996,30.848807999999963
134.437965,88.97794699999997,66.147828,11.262490999999983,36.84751299999999,100.09152800000001
35.26534399999997,46.25037600000002,15.067074999999988,37.17608200000001,31.63210600000002,23.95669300000003
110.43733,75.006934,0.6170989999999961,78.34618099999997,84.86293400000002,8.946905999999956
46.513378999999986,15.244927000000018,74.148394,28.49578600000001,13.115009999999984,77.48114100000001
63.49918299999999,10.145931999999988,35.732483,39.57358599999998,162.043164,5.526438000000013
25.408635999999973,4.650751000000014,34.27321699999999,25.81516099999999,11.145951999999994,119.94036699999998
66.04496699999999,2.2209420000000364,16.675714999999997,55.854911999999985,20.64104199999997,41.07576400000002
82.53213199999999,8.187580000000025,6.6580160000000035,52.43999100000002,19.076887,31.596964999999983
27.29555400000001,22.084343999999987,44.32953999999998,10.705388,11.936862999999988,27.635572999999994
33.797686,8.79280399999999,47.568039,70.558907,63.86859999999999,49.53249600000004
26.87303300000002,49.086438000000015,120.212108,30.04696499999997,24.28005399999998,16.068532000000005
68.978434,129.337437,139.86681800000002,127.70538400000001,67.56501700000001,143.84043899999998
90.55975899999999,40.670772,62.339489999999984,66.35137499999999,101.16563299999999,0.8476670000000013
109.675793,56.779921,103.52468100000002,52.06083699999999,134.239659,111.98076599999996
11.307479,35.482732999999996,19.201752,24.37734900000001,63.307612000000006,48.21135699999999
79.377873,38.34400199999999,103.81048100000001,62.03357600000001,89.53556699999999,88.670963
116.56022099999998,89.77976999999998,84.154796,106.70315800000003,111.55703100000002,87.92520999999996
73.95577000000003,53.28581900000003,128.28088400000001,30.360797000000048,34.175445999999994,105.10947300000001
42.97493,128.38368999999997,9.354570999999993,87.70678800000002,99.036923,128.172575
141.990588,140.01002100000002,123.31551499999998,192.80035600000002,163.92806199999998,88.61417499999999
69.78401199999999,44.45035099999998,31.642859999999985,13.907790000000034,35.43705399999999,85.083067
20.965863000000013,19.283247999999958,10.629544999999979,54.36546199999998,42.77926199999999,48.07293999999999
24.90321399999999,40.63875899999999,14.939325999999994,49.98418800000002,35.787773999999985,58.637474
46.865189000000015,25.283740999999992,2.9021149999999807,39.812207,76.80498,4.901602999999994
58.43996799999999,77.54695199999998,26.380196000000012,109.816101,55.907488,24.89787000000001
120.04658500000002,164.73949700000003,127.61137400000001,106.45467500000001,114.98568699999998,2.2660170000000335
8.395636999999965,23.25370000000001,37.631721999999996,20.922221999999977,60.17479,20.664067000000017
64.650057,77.93811600000001,19.134798999999987,37.59065399999997,73.54747800000001,55.224447999999995
51.90096599999998,67.53060699999997,52.69840100000005,39.775575,1.4770800000000008,77.72914799999995
29.69198799999998,36.57028299999999,62.07110300000002,10.270803,40.263408,19.507648999999986
78.96629500000003,87.33784699999998,77.60863299999997,25.230790000000013,44.13785200000001,103.24196300000003
108.09663700000002,78.051806,106.37261800000002,90.08661599999996,68.76539200000002,102.87751500000002
22.62451199999998,82.04710400000002,68.92184200000003,41.183831,70.751204,55.180508
6.135440999999986,65.851845,88.47458799999998,64.063086,38.174552999999975,32.51101299999999
1.8011449999999911,70.56978700000002,62.825468,97.955904,84.13155200000003,96.61506
98.31377699999999,75.45514800000001,32.80911599999999,27.809305999999992,70.85317699999999,91.60412599999998
90.08285000000001,47.134548999999964,34.014463000000006,17.36120200000002,4.635287000000005,38.072569999999985
84.55115099999998,43.15118900000002,38.84985599999999,23.957201999999995,97.69032000000001,80.21322099999998
15.649960999999962,5.285908999999975,38.653189999999995,23.363467000000014,35.008594000000016,38.49306600000003
85.669388,23.283766000000014,120.31330499999999,114.61606,109.09376799999998,51.366817000000026
27.13176899999999,43.16898200000003,24.54846599999999,15.061039999999991,33.748962999999975,40.04130599999996
109.33942399999998,64.37786699999998,70.67259699999997,69.10714800000002,81.70521900000003,126.04843600000001
80.68175300000001,48.91579600000003,19.201332000000036,2.52793299999999,69.36238700000001,100.12217699999997
9.661031000000008,1.744548999999978,32.399901,7.396288999999996,22.128315999999984,11.25455500000001
114.564289,122.68053599999999,9.421894000000009,11.894242999999989,22.131530999999995,22.255720000000025
19.97166599999997,75.72724099999999,44.534546000000006,60.117166999999995,16.404138000000017,68.61583200000001
39.118705000000006,147.19676499999997,158.200035,58.60021900000001,117.82166000000001,82.98372500000002
24.844359999999995,86.83479499999999,33.19698800000003,58.76821699999999,16.22262599999999,13.892187000000035
106.71699099999995,37.196838000000014,73.02236500000004,142.52292999999997,5.6054320000000075,125.24887399999997
87.96194700000001,36.05673899999999,112.60174599999999,56.933741,124.45805800000002,162.86122000000003
15.307185000000004,60.82282299999997,27.415841999999998,14.449598999999978,20.974105999999978,59.07768399999998
96.38160499999998,43.00025999999997,55.470394999999996,107.673868,98.70134200000001,146.060129
18.13903400000001,61.68269699999999,51.98761999999999,13.208888000000002,13.208280000000002,33.176852
48.25156200000001,83.09240599999998,12.939928000000009,92.407489,54.204286999999965,21.773957000000024
45.55725899999999,62.49603799999997,98.70281400000002,18.877549000000016,16.604475000000008,30.712691000000007
76.23101599999998,24.89166899999998,49.99472799999998,12.531251000000026,64.080231,24.577775000000003
24.674560000000014,2.0815020000000004,6.727475999999996,11.086252000000002,18.030046999999996,10.414074
96.68319499999998,27.984769,45.891996999999975,24.30847799999998,64.91652199999999,118.67021799999998
16.203744,46.434766000000025,77.22700899999998,25.604771000000028,15.326909999999998,6.710439000000008
48.140726,62.52633700000001,78.59286899999998,63.61707899999999,70.19437600000003,5.453632000000027
72.00545199999999,97.84208999999998,39.145474999999976,98.66826300000002,48.325008999999994,38.35493500000004
35.44612999999998,10.453552000000002,4.437172000000004,64.02738599999998,39.63986399999999,4.3698730000000126
105.096135,136.97964900000002,161.72548300000003,70.03636600000002,86.15423800000002,90.08087999999998
38.409216000000015,54.228143999999986,1.1706470000000024,38.58802,10.371295000000003,18.583586000000025
31.75192900000002,11.553418999999991,69.85447199999999,24.901298999999995,40.923441,55.969206000000014
70.48494199999999,115.04603200000003,94.08480800000001,116.22239599999997,178.535839,149.129713
37.408626,65.19489700000003,29.258534999999995,54.58871000000002,92.95291300000002,3.7355330000000038
2.2277520000000095,37.87930299999999,7.268563,38.05246200000002,80.44644,19.763935000000004
21.850428000000022,47.23136100000002,83.92487399999999,102.14312900000002,137.258331,79.04626200000001
2.5429729999999893,16.166433000000012,72.45840600000002,73.49102399999998,43.295064999999994,22.08382500000002
109.14891200000002,119.97147200000003,118.42109299999998,139.88815900000003,94.92777699999996,125.05027999999999
61.25959599999999,78.57612700000001,59.46260800000002,6.710611999999969,50.28687199999999,51.20797699999997
89.33407500000004,18.503713000000005,49.66183799999996,13.837175000000002,36.18163299999998,131.49774299999999
73.57618100000002,56.89585700000001,60.567597000000035,70.51873499999999,73.37543600000004,4.216998000000018
146.03933700000002,123.49175000000002,129.672013,131.11769800000002,114.76766700000002,106.23084600000001
24.722383000000036,10.93483900000001,3.6095980000000054,22.63432500000002,4.210000999999977,51.92378799999997
20.59878200000003,26.11220399999999,47.15306899999999,10.444151000000005,66.978219,3.23486699999998
127.700458,149.48953999999998,77.55088700000002,93.769554,69.45061600000002,88.15912699999998
27.41295600000001,109.68318199999999,7.5996629999999925,110.98619700000003,56.810674999999975,41.450721000000016
8.142814999999985,36.74536499999999,8.084574999999973,26.862719,79.76799400000002,24.074550000000016
23.008234000000016,22.08673600000003,58.114551000000006,91.65150599999998,9.559784999999977,50.174667
19.02964399999999,56.924953000000016,28.891268999999994,63.453384,6.911891999999995,11.223877999999985
8.530526999999978,54.10537599999998,76.14392100000003,30.591531000000003,23.73364600000002,37.60299699999999
56.050892999999974,49.990915,32.133587000000006,61.014128,16.962547,6.59764100000001
20.475212999999997,24.389501999999993,47.431522,12.069441000000012,32.586714,15.44447199999999
115.945085,48.85070200000001,49.64210299999999,103.66898300000003,83.24562900000001,162.675199
18.35635400000001,0.40338599999998337,53.724946999999986,26.77820700000001,17.728195999999997,19.658287
27.669446000000022,23.059063999999978,35.73363900000001,56.719706,40.728984,74.07001299999999
48.16086199999998,8.960989000000012,1.9284759999999892,32.527319000000006,44.655918000000014,0.0739979999999889
14.787365999999992,72.59386599999999,42.070457000000005,22.120980000000003,40.696076000000005,65.27610200000001
37.100449999999995,11.418397999999996,33.83588,68.21941300000003,102.04022,41.58047500000001
15.659411000000006,30.980852,85.18072600000002,19.294531000000006,50.23892599999999,94.26047500000001
116.987124,144.441187,78.18253000000001,132.52640799999998,152.13044999999997,120.65507600000001
104.49380099999996,90.943862,33.651039000000026,107.38421299999999,79.272493,185.167447
94.237855,106.26624899999999,42.03831499999998,39.18302,51.086877000000015,60.830614000000025
73.23038899999997,62.646398999999974,13.429932000000008,22.046153000000004,46.356142999999975,151.46156900000003
130.89006200000003,73.551582,57.655452,90.49544499999996,94.48875699999999,86.60840099999999
75.86468200000002,74.648798,73.837537,73.880481,131.944439,44.29284200000001
130.066152,85.43867600000002,159.33271000000002,46.93442999999999,48.09661400000002,63.21760900000004
109.051309,38.214871999999986,64.89638500000001,23.36699900000002,61.32338300000001,41.61720699999998
29.42378500000001,79.167799,33.854149000000035,112.23449299999999,77.936916,27.863361999999995
9.587887000000023,15.684186000000011,45.03261899999998,33.07784099999998,18.713108000000005,11.447424000000012
61.35066199999997,102.63564400000001,55.517538,26.982929000000013,13.039030999999994,118.43219099999999
145.299648,118.76716199999998,136.054812,166.63016100000002,118.29090099999999,129.49843200000004
0.5977990000000091,122.97957399999999,14.800419999999974,45.50990200000001,75.93119300000004,16.81984399999999
45.938068999999984,32.56608299999999,62.467828,43.70470399999999,8.076335000000029,33.741602
19.282589,34.834304,1.1086760000000027,25.216285000000028,1.9005950000000098,54.751221999999984
115.825491,106.86063700000003,14.166703000000012,29.41877199999999,124.42263000000003,79.01889200000002
20.299547000000018,35.26559800000001,100.36510699999997,53.51234500000004,92.48058499999999,73.288119
57.10498300000003,82.14074299999999,74.09599700000001,49.910852000000006,112.721083,36.835645
21.66899699999999,64.28641299999998,23.680923000000007,90.84007499999998,94.23285800000002,55.28279499999999
20.309438999999998,45.399711999999994,31.452994000000018,25.451179000000025,13.716594000000015,71.45672400000001
46.618926999999985,20.008566000000002,31.886435000000006,40.964673000000005,12.330296999999973,80.04014699999999
44.02774599999998,37.26773099999997,27.352058,73.02548000000002,7.492637000000002,34.164153999999996
36.357279000000005,87.63429499999998,53.268872000000016,33.00270599999999,18.816977999999978,86.86526599999999
60.754749000000004,3.1344369999999913,51.18641299999999,89.81430899999998,4.612985000000009,86.098715
43.15761600000002,11.299120000000016,8.729792000000003,38.061533000000026,54.385559,37.49326199999999
30.038058000000007,18.98442700000001,7.487336999999997,53.77923099999998,34.35426400000003,10.345359000000002
49.985129,42.789878999999985,27.128856999999982,31.971043999999978,54.00256199999998,112.764397
62.136438,75.392451,48.56650400000001,9.529661000000004,159.07706000000002,72.01055599999998
1.1171550000000252,66.15722,54.798963000000015,72.35266099999998,70.334114,67.25747800000002
43.45637000000002,65.10445999999999,28.111552000000017,30.453433000000018,55.641097,73.26656099999997
15.168320999999992,47.146445,90.96917299999998,66.24093300000001,43.80579399999999,0.010232000000002017
136.255305,34.760665999999986,104.89368300000001,54.252287000000024,156.44177000000002,42.860412
23.51216199999999,62.159459,20.581229000000008,24.163387,7.742191999999989,81.36406599999998
28.375864000000007,39.090877000000006,47.193704,13.310604999999981,8.017117000000013,9.854089999999985
34.451509999999985,17.931692999999996,65.22425999999999,25.641392000000025,3.120732000000004,6.756773999999979
44.834631,119.15383500000002,71.33470999999997,86.42348699999997,52.326347999999996,64.06926899999996
25.208552999999995,3.3297319999999786,61.23853599999998,23.928597000000025,30.262911000000003,40.99293199999997
36.273584,64.34200199999998,112.79832199999998,42.177246000000025,25.86783299999999,32.04491900000002
69.094043,119.55367900000002,42.916752,59.41846399999997,70.58441800000003,53.06071400000002
14.727711,46.473872,59.176109999999994,57.75214600000001,48.819845999999984,12.813909999999993
33.128489,5.064549999999997,104.618323,52.46909199999999,71.66094000000001,85.70096500000002
60.02801000000002,122.19544400000001,160.17842499999998,47.687033000000014,120.13727300000002,67.08391900000001
89.65075200000001,35.994179,77.73416,54.762497999999994,89.851934,92.638204
65.01538399999998,75.45586899999998,3.935165000000012,38.860929,5.774101000000002,48.871319
26.31916300000003,33.734447999999986,78.820472,18.94637399999999,72.75412399999999,70.99003199999999
106.36150400000002,122.670816,78.38909199999998,56.85403900000003,187.87943600000003,79.692653
19.553583000000003,46.26759199999998,60.17070499999997,19.39580600000002,74.74974600000002,22.034485000000018
10.355496000000016,74.616398,0.8488430000000164,2.9241269999999986,14.757296999999994,62.20297600000001
22.057357000000025,26.49846299999996,38.42503300000001,65.15284400000002,131.845447,102.87525699999998
84.44612600000002,42.39044200000001,67.78272799999999,41.04041799999999,43.10505599999999,28.633388999999966
24.66049800000002,23.614780000000025,19.52432300000001,13.513682000000017,41.39824999999999,1.1602759999999819
127.66725400000001,108.79774799999998,124.20778600000003,47.844374999999985,19.818866999999983,40.989025
36.789424999999994,35.267202,35.68990100000002,81.80050800000001,57.21214100000003,42.905685000000005
13.502598000000006,43.71215599999999,8.57971599999999,36.08904799999999,31.27201599999998,27.834734999999995
105.04761700000003,116.12555699999999,88.37622500000003,52.19409000000002,44.269575,69.49749199999997
