T3,T4,T5,T6,T7,T8,T9,T10,k1,k2,k3,k4,k5,k6,k7,k8,k9,k10,k11,k12,k13,k14,k15,k16,k17,k18,k19,k20
0.432,0.511,0.238,0.445,0.315,0.077,0.761,0.855,0.676,0.388,0.579,0.801,0.301,0.514,0.281,0.487,0.113,0.211,0.859,0.103,0.268,0.175,0.095,0.336,0.338,0.105,0.419,0.273
0.747,0.359,0.833,0.048,0.283,0.424,0.746,0.629,0.729,0.153,0.907,0.931,0.21,0.395,0.35,0.853,0.206,0.306,0.479,0.001,0.152,0.228,0.215,0.318,0.056,0.278,0.845,0.314
0.409,0.459,0.864,0.536,0.278,0.153,0.876,0.926,0.281,0.374,0.612,0.84,0.025,0.388,0.247,0.754,0.331,0.208,0.329,0.387,0.064,0.241,0.007,0.078,0.382,0.171,0.32,0.143
0.842,0.44,0.524,0.503,0.327,0.097,0.123,0.841,0.43,0.197,0.792,0.908,0.162,0.069,0.084,0.673,0.178,0.724,0.787,0.444,0.112,0.057,0.32,0.034,0.099,0.284,0.272,0.602
0.561,0.246,0.688,0.24,0.272,0.426,0.831,0.546,0.639,0.16,0.726,0.842,0.121,0.634,0.107,0.451,0.283,0.799,0.492,0.166,0.2,0.03,0.092,0.281,0.155,0.318,0.28,0.255
0.928,0.766,0.238,0.053,0.865,0.346,0.467,0.597,0.294,0.323,0.866,0.871,0.107,0.391,0.138,0.615,0.273,0.306,0.808,0.158,0.368,0.327,0.283,0.358,0.327,0.007,0.712,0.1
0.474,0.343,0.308,0.552,0.351,0.322,0.588,0.57,0.36,0.276,0.941,0.877,0.3,0.431,0.39,0.685,0.284,0.675,0.555,0.38,0.023,0.033,0.324,0.226,0.104,0.156,0.335,0.227
0.515,0.894,0.293,0.065,0.657,0.135,0.291,0.651,0.435,0.151,0.707,0.987,0.264,0.161,0.247,0.818,0.109,0.764,0.577,0.294,0.207,0.259,0.162,0.041,0.388,0.361,0.558,0.389
0.899,0.163,0.306,0.404,0.149,0.153,0.4,0.973,0.98,0.284,0.98,0.886,0.389,0.434,0.348,0.144,0.393,0.898,0.329,0.353,0.082,0.174,0.218,0.204,0.071,0.337,0.698,0.706
0.957,0.28,0.204,0.495,0.314,0.097,0.153,0.628,0.802,0.247,0.801,0.925,0.04,0.23,0.291,0.759,0.385,0.813,0.237,0.226,0.295,0.266,0.327,0.019,0.222,0.227,0.463,0.219
0.518,0.603,0.595,0.165,0.142,0.236,0.222,0.601,0.644,0.257,0.956,0.813,0.141,0.2,0.215,0.657,0.193,0.897,0.371,0.02,0.341,0.373,0.287,0.342,0.312,0.394,0.594,0.71
0.837,0.749,0.164,0.102,0.265,0.463,0.678,0.466,0.541,0.003,0.958,0.749,0.34,0.229,0.368,0.546,0.273,0.617,0.891,0.372,0.31,0.197,0.349,0.101,0.157,0.097,0.638,0.149
0.401,0.296,0.737,0.019,0.243,0.48,0.639,0.504,0.492,0.22,0.88,0.95,0.053,0.365,0.184,0.269,0.319,0.264,0.775,0.168,0.178,0.261,0.182,0.164,0.205,0.181,0.577,0.431
0.89,0.324,0.338,0.571,0.678,0.273,0.541,0.666,0.597,0.357,0.616,0.992,0.23,0.638,0.067,0.706,0.351,0.547,0.423,0.177,0.07,0.198,0.066,0.306,0.125,0.249,0.382,0.635
0.443,0.289,0.283,0.134,0.56,0.462,0.752,0.697,0.434,0.346,0.826,0.622,0.394,0.68,0.283,0.577,0.33,0.771,0.122,0.071,0.319,0.084,0.178,0.258,0.151,0.186,0.517,0.507
0.381,0.808,0.386,0.188,0.556,0.205,0.614,0.948,0.41,0.127,0.759,0.618,0.11,0.599,0.35,0.489,0.225,0.449,0.598,0.14,0.333,0.093,0.384,0.385,0.052,0.176,0.63,0.484
0.712,0.401,0.399,0.269,0.85,0.233,0.341,0.705,0.666,0.187,0.643,0.905,0.229,0.632,0.388,0.329,0.333,0.278,0.515,0.082,0.135,0.157,0.29,0.231,0.066,0.337,0.739,0.528
0.864,0.186,0.292,0.472,0.643,0.045,0.595,0.929,0.623,0.363,0.847,0.829,0.376,0.456,0.053,0.528,0.09,0.992,0.883,0.217,0.131,0.21,0.121,0.274,0.018,0.149,0.776,0.011
0.588,0.157,0.337,0.079,0.556,0.145,0.767,0.846,0.975,0.387,0.883,0.845,0.027,0.116,0.089,0.425,0.116,0.59,0.784,0.132,0.307,0.032,0.034,0.042,0.068,0.244,0.971,0.254
0.601,0.759,0.719,0.016,0.861,0.325,0.564,0.924,0.637,0.294,0.904,0.883,0.382,0.716,0.055,0.745,0.011,0.668,0.493,0.41,0.059,0.372,0.39,0.257,0.221,0.203,0.543,0.491
0.546,0.828,0.767,0.49,0.623,0.193,0.753,0.758,0.853,0.225,0.872,0.618,0.329,0.432,0.001,0.107,0.034,0.604,0.601,0.374,0.125,0.062,0.213,0.368,0.044,0.298,0.542,0.421
0.59,0.658,0.717,0.479,0.153,0.377,0.743,0.569,0.868,0.031,0.564,0.995,0.169,0.2,0.356,0.31,0.077,0.485,0.365,0.365,0.023,0.085,0.099,0.305,0.256,0.159,0.707,0.002
0.761,0.786,0.532,0.119,0.488,0.247,0.168,0.666,0.771,0.118,0.608,0.769,0.015,0.561,0.136,0.165,0.054,0.501,0.365,0.421,0.156,0.247,0.238,0.149,0.299,0.333,0.833,0.617
0.765,0.221,0.709,0.551,0.255,0.158,0.638,0.725,0.318,0.359,0.899,0.754,0.247,0.09,0.057,0.426,0.266,0.709,0.633,0.025,0.224,0.145,0.12,0.138,0.26,0.364,0.936,0.645
0.732,0.705,0.243,0.074,0.5,0.472,0.525,0.92,0.757,0.122,0.694,0.831,0.28,0.097,0.357,0.596,0.222,0.928,0.65,0.327,0.173,0.135,0.313,0.202,0.013,0.152,0.535,0.601
0.82,0.26,0.63,0.548,0.791,0.239,0.424,0.484,0.583,0.058,0.932,0.865,0.143,0.241,0.121,0.235,0.171,0.807,0.677,0.193,0.264,0.239,0.047,0.17,0.218,0.008,0.953,0.251
0.401,0.641,0.416,0.224,0.501,0.09,0.398,0.964,0.509,0.066,0.703,0.837,0.197,0.578,0.089,0.722,0.153,0.674,0.225,0.138,0.069,0.009,0.202,0.204,0.384,0.017,0.909,0.316
0.621,0.769,0.886,0.073,0.36,0.35,0.869,0.79,0.838,0.233,0.836,0.922,0.339,0.537,0.039,0.158,0.018,0.579,0.65,0.268,0.37,0.007,0.394,0.16,0.243,0.243,0.952,0.091
0.68,0.628,0.538,0.333,0.565,0.344,0.382,0.692,0.3,0.002,0.835,0.677,0.319,0.411,0.044,0.745,0.027,0.271,0.399,0.176,0.354,0.094,0.02,0.169,0.013,0.291,0.49,0.315
0.636,0.616,0.362,0.145,0.135,0.157,0.328,0.562,0.723,0.269,0.793,0.696,0.184,0.432,0.225,0.436,0.219,0.718,0.475,0.27,0.206,0.353,0.242,0.054,0.394,0.354,0.728,0.542
0.712,0.498,0.405,0.44,0.434,0.405,0.874,0.72,0.279,0.114,0.655,0.84,0.213,0.217,0.093,0.344,0.12,0.979,0.531,0.399,0.144,0.044,0.265,0.063,0.003,0.312,0.883,0.712
0.394,0.662,0.759,0.017,0.665,0.439,0.115,0.701,0.722,0.082,0.602,0.752,0.359,0.329,0.383,0.733,0.297,0.686,0.78,0.408,0.162,0.258,0.188,0.261,0.024,0.329,0.527,0.257
0.539,0.186,0.715,0.069,0.255,0.054,0.896,0.531,0.888,0.194,0.887,0.628,0.106,0.582,0.17,0.621,0.362,0.808,0.608,0.032,0.007,0.039,0.278,0.381,0.304,0.391,0.514,0.509
0.653,0.809,0.258,0.354,0.241,0.034,0.266,0.648,0.622,0.206,0.727,0.896,0.228,0.785,0.165,0.16,0.265,0.683,0.665,0.345,0.128,0.384,0.215,0.004,0.297,0.005,0.303,0.472
0.863,0.501,0.888,0.11,0.725,0.419,0.247,0.574,0.814,0.184,0.899,0.82,0.143,0.176,0.142,0.797,0.369,0.994,0.18,0.269,0.081,0.191,0.29,0.009,0.13,0.054,0.543,0.356
0.591,0.694,0.407,0.026,0.773,0.142,0.149,0.523,0.827,0.119,0.666,0.692,0.249,0.225,0.236,0.765,0.13,0.208,0.889,0.129,0.326,0.236,0.129,0.198,0.396,0.284,0.799,0.727
0.89,0.544,0.761,0.026,0.791,0.242,0.119,0.839,0.464,0.37,0.837,0.911,0.063,0.734,0.264,0.651,0.257,0.46,0.422,0.036,0.099,0.272,0.177,0.029,0.379,0.04,0.964,0.235
0.866,0.76,0.721,0.537,0.689,0.157,0.657,0.751,0.619,0.108,0.824,0.972,0.237,0.152,0.252,0.804,0.071,0.954,0.619,0.051,0.012,0.077,0.221,0.033,0.01,0.111,0.97,0.458
0.658,0.773,0.422,0.19,0.292,0.316,0.641,0.907,0.325,0.366,0.954,0.852,0.347,0.5,0.372,0.565,0.129,0.779,0.389,0.127,0.018,0.353,0.3,0.05,0.27,0.064,0.297,0.449
0.672,0.744,0.464,0.056,0.76,0.445,0.348,0.9,0.665,0.184,0.917,0.686,0.161,0.456,0.355,0.392,0.369,0.555,0.727,0.243,0.248,0.314,0.37,0.203,0.359,0.358,0.747,0.383
0.74,0.705,0.113,0.378,0.135,0.244,0.372,0.748,0.353,0.364,0.863,0.578,0.009,0.298,0.073,0.264,0.311,0.669,0.786,0.01,0.239,0.227,0.104,0.348,0.361,0.057,0.511,0.644
0.609,0.534,0.12,0.561,0.613,0.08,0.352,0.514,0.6,0.37,0.987,0.597,0.335,0.261,0.279,0.32,0.292,0.603,0.274,0.337,0.078,0.08,0.02,0.301,0.014,0.396,0.863,0.383
0.844,0.137,0.167,0.299,0.229,0.024,0.231,0.943,0.925,0.312,0.614,0.947,0.177,0.562,0.202,0.446,0.223,0.279,0.526,0.352,0.046,0.28,0.171,0.03,0.175,0.226,0.932,0.288
0.407,0.221,0.615,0.582,0.147,0.164,0.132,0.553,0.7,0.16,0.972,0.812,0.376,0.008,0.24,0.184,0.277,0.314,0.646,0.372,0.385,0.397,0.082,0.079,0.25,0.301,0.312,0.562
0.405,0.487,0.524,0.549,0.32,0.004,0.223,0.756,0.711,0.166,0.693,0.782,0.39,0.442,0.018,0.507,0.147,0.386,0.823,0.326,0.004,0.11,0.319,0.343,0.021,0.118,0.4,0.432
0.945,0.381,0.461,0.392,0.279,0.184,0.806,0.943,0.44,0.246,0.671,0.897,0.178,0.528,0.09,0.184,0.265,0.256,0.89,0.326,0.078,0.001,0.103,0.091,0.161,0.22,0.809,0.662
0.781,0.265,0.798,0.261,0.875,0.259,0.122,0.795,0.647,0.275,0.845,0.973,0.296,0.774,0.306,0.641,0.204,0.21,0.313,0.248,0.307,0.239,0.051,0.241,0.131,0.339,0.648,0.629
0.946,0.864,0.845,0.539,0.189,0.251,0.782,0.467,0.682,0.267,0.985,0.722,0.195,0.171,0.164,0.696,0.051,0.623,0.282,0.192,0.241,0.282,0.021,0.076,0.126,0.303,0.558,0.463
0.503,0.635,0.831,0.265,0.559,0.261,0.287,0.545,0.434,0.18,0.962,0.684,0.326,0.735,0.282,0.644,0.018,0.455,0.64,0.076,0.255,0.046,0.066,0.196,0.038,0.389,0.977,0.681
0.537,0.701,0.228,0.498,0.343,0.274,0.667,0.852,0.872,0.05,0.819,0.914,0.385,0.625,0.395,0.396,0.21,0.739,0.427,0.17,0.311,0.117,0.032,0.109,0.107,0.345,0.464,0.354
0.585,0.342,0.418,0.082,0.335,0.025,0.876,0.494,0.816,0.292,0.651,0.65,0.156,0.608,0.25,0.865,0.118,0.26,0.204,0.206,0.148,0.197,0.254,0.288,0.279,0.341,0.927,0.462
0.877,0.62,0.511,0.339,0.835,0.235,0.45,0.964,0.486,0.153,0.646,0.791,0.358,0.745,0.198,0.356,0.237,0.275,0.313,0.328,0.258,0.213,0.295,0.331,0.289,0.131,0.354,0.115
0.38,0.727,0.261,0.496,0.717,0.192,0.357,0.82,0.793,0.323,0.957,0.947,0.076,0.266,0.355,0.171,0.084,0.329,0.449,0.312,0.292,0.09,0.308,0.134,0.346,0.359,0.933,0.288
0.594,0.68,0.666,0.037,0.235,0.178,0.108,0.685,0.609,0.278,0.609,0.604,0.279,0.007,0.29,0.605,0.299,0.52,0.214,0.045,0.221,0.114,0.09,0.344,0.299,0.258,0.375,0.684
0.964,0.635,0.853,0.519,0.623,0.341,0.871,0.604,0.837,0.234,0.758,0.864,0.331,0.292,0.268,0.368,0.276,0.533,0.576,0.403,0.163,0.111,0.21,0.141,0.327,0.002,0.79,0.299
0.836,0.187,0.614,0.514,0.763,0.308,0.766,0.566,0.657,0.06,0.651,0.961,0.219,0.768,0.067,0.628,0.343,0.913,0.756,0.289,0.105,0.379,0.077,0.114,0.125,0.163,0.295,0.688
0.4,0.329,0.218,0.074,0.494,0.064,0.273,0.61,0.375,0.05,0.855,0.971,0.107,0.481,0.275,0.502,0.054,0.938,0.458,0.347,0.113,0.193,0.388,0.173,0.24,0.171,0.835,0.719
0.393,0.306,0.783,0.593,0.343,0.452,0.366,0.505,0.745,0.233,0.663,0.829,0.239,0.168,0.327,0.518,0.096,0.398,0.448,0.299,0.042,0.102,0.232,0.128,0.395,0.229,0.645,0.438
0.506,0.258,0.384,0.271,0.44,0.318,0.832,0.676,0.858,0.034,0.809,0.638,0.141,0.782,0.178,0.271,0.118,0.657,0.233,0.187,0.384,0.371,0.124,0.326,0.326,0.089,0.323,0.596
0.554,0.79,0.841,0.384,0.65,0.13,0.364,0.943,0.782,0.396,0.624,0.715,0.023,0.036,0.24,0.4,0.004,0.924,0.645,0.153,0.143,0.018,0.044,0.29,0.025,0.144,0.505,0.053
0.882,0.789,0.183,0.341,0.654,0.264,0.612,0.664,0.442,0.279,0.847,0.691,0.204,0.424,0.143,0.392,0.174,0.895,0.349,0.39,0.297,0.238,0.268,0.336,0.254,0.381,0.516,0.046
0.477,0.6,0.643,0.006,0.527,0.31,0.442,0.739,0.82,0.262,0.781,0.863,0.02,0.261,0.186,0.14,0.007,0.555,0.43,0.161,0.04,0.364,0.162,0.021,0.189,0.33,0.291,0.063
0.843,0.741,0.602,0.089,0.45,0.31,0.653,0.921,0.628,0.163,0.874,0.85,0.396,0.379,0.37,0.633,0.394,0.445,0.329,0.217,0.084,0.17,0.006,0.022,0.275,0.107,0.976,0.438
0.717,0.335,0.295,0.505,0.702,0.375,0.884,0.499,0.631,0.134,0.571,0.851,0.198,0.632,0.376,0.562,0.157,0.972,0.523,0.282,0.01,0.289,0.099,0.325,0.015,0.002,0.292,0.67
0.681,0.557,0.228,0.023,0.804,0.084,0.714,0.872,0.692,0.347,0.919,0.891,0.266,0.05,0.094,0.715,0.037,0.797,0.354,0.072,0.048,0.059,0.206,0.137,0.363,0.199,0.437,0.705
0.715,0.886,0.221,0.167,0.835,0.225,0.7,0.89,0.405,0.211,0.936,0.8,0.15,0.223,0.393,0.579,0.256,0.873,0.412,0.106,0.012,0.261,0.292,0.064,0.159,0.221,0.315,0.271
0.497,0.475,0.517,0.423,0.231,0.283,0.883,0.455,0.878,0.027,0.959,0.874,0.133,0.314,0.18,0.231,0.257,0.288,0.779,0.416,0.011,0.1,0.235,0.117,0.229,0.025,0.485,0.64
0.585,0.223,0.627,0.221,0.267,0.174,0.358,0.527,0.693,0.315,0.906,0.772,0.04,0.088,0.253,0.222,0.349,0.836,0.705,0.155,0.317,0.251,0.332,0.38,0.113,0.178,0.708,0.553
0.512,0.52,0.379,0.106,0.829,0.21,0.823,0.625,0.56,0.228,0.61,0.881,0.074,0.422,0.06,0.133,0.316,0.322,0.58,0.358,0.311,0.204,0.383,0.322,0.393,0.036,0.624,0.509
0.811,0.646,0.118,0.131,0.844,0.211,0.281,0.98,0.664,0.265,0.614,0.661,0.297,0.445,0.392,0.281,0.204,0.374,0.292,0.318,0.13,0.289,0.382,0.045,0.211,0.341,0.935,0.003
0.437,0.144,0.326,0.371,0.347,0.259,0.445,0.519,0.407,0.364,0.789,0.661,0.043,0.004,0.057,0.212,0.078,0.729,0.329,0.418,0.0,0.001,0.171,0.326,0.051,0.271,0.516,0.247
0.694,0.284,0.465,0.146,0.472,0.422,0.249,0.897,0.794,0.078,0.856,0.618,0.349,0.753,0.217,0.266,0.186,0.304,0.815,0.346,0.247,0.291,0.139,0.367,0.059,0.283,0.649,0.52
0.545,0.687,0.437,0.25,0.782,0.22,0.735,0.877,0.717,0.17,0.742,0.703,0.309,0.031,0.376,0.453,0.395,0.915,0.903,0.073,0.146,0.141,0.006,0.269,0.319,0.219,0.906,0.176
0.92,0.405,0.662,0.262,0.537,0.343,0.29,0.557,0.511,0.09,0.596,0.692,0.165,0.387,0.018,0.78,0.225,0.357,0.32,0.405,0.019,0.329,0.036,0.007,0.07,0.187,0.714,0.324
0.923,0.772,0.459,0.37,0.352,0.107,0.471,0.718,0.658,0.276,0.923,0.812,0.076,0.608,0.246,0.469,0.36,0.914,0.534,0.441,0.267,0.225,0.254,0.229,0.198,0.111,0.855,0.267
0.894,0.581,0.882,0.106,0.707,0.45,0.172,0.523,0.598,0.377,0.566,0.789,0.212,0.62,0.351,0.713,0.338,0.348,0.653,0.17,0.261,0.262,0.253,0.156,0.264,0.087,0.706,0.777
0.404,0.5,0.523,0.037,0.587,0.428,0.377,0.87,0.31,0.115,0.629,0.93,0.045,0.448,0.363,0.781,0.251,0.879,0.354,0.442,0.226,0.271,0.307,0.197,0.24,0.052,0.505,0.353
0.897,0.63,0.374,0.489,0.559,0.016,0.112,0.857,0.427,0.205,0.928,0.879,0.225,0.522,0.305,0.254,0.021,0.681,0.211,0.247,0.014,0.276,0.165,0.074,0.244,0.317,0.967,0.688
0.634,0.184,0.245,0.262,0.85,0.129,0.88,0.911,0.709,0.162,0.695,0.765,0.061,0.793,0.385,0.485,0.281,0.699,0.302,0.172,0.218,0.299,0.315,0.039,0.147,0.003,0.311,0.193
0.7,0.719,0.189,0.061,0.128,0.371,0.41,0.976,0.394,0.184,0.627,0.717,0.275,0.343,0.086,0.841,0.29,0.641,0.893,0.274,0.352,0.08,0.267,0.015,0.285,0.247,0.482,0.627
0.498,0.616,0.569,0.385,0.381,0.092,0.335,0.61,0.845,0.13,0.84,0.611,0.218,0.356,0.265,0.198,0.289,0.441,0.615,0.203,0.223,0.07,0.02,0.388,0.097,0.246,0.984,0.678
0.993,0.36,0.875,0.396,0.643,0.403,0.615,0.489,0.802,0.151,0.613,0.643,0.314,0.458,0.314,0.47,0.018,0.945,0.132,0.367,0.171,0.169,0.244,0.224,0.022,0.03,0.332,0.782
0.969,0.119,0.468,0.544,0.278,0.352,0.461,0.727,0.281,0.131,0.905,0.957,0.276,0.26,0.085,0.13,0.358,0.254,0.542,0.045,0.255,0.095,0.282,0.048,0.124,0.152,0.607,0.715
0.785,0.551,0.356,0.573,0.767,0.343,0.148,0.825,0.889,0.13,0.697,0.977,0.299,0.167,0.229,0.849,0.261,0.898,0.693,0.395,0.332,0.323,0.232,0.205,0.298,0.061,0.618,0.376
0.888,0.189,0.406,0.229,0.755,0.228,0.197,0.927,0.968,0.25,0.743,0.7,0.033,0.252,0.202,0.404,0.012,0.614,0.386,0.326,0.201,0.221,0.084,0.2,0.201,0.03,0.926,0.368
0.68,0.483,0.282,0.587,0.807,0.217,0.507,0.71,0.644,0.233,0.793,0.688,0.326,0.068,0.015,0.544,0.359,0.444,0.306,0.24,0.133,0.246,0.286,0.172,0.078,0.15,0.723,0.222
0.946,0.85,0.489,0.592,0.707,0.342,0.864,0.666,0.428,0.111,0.683,0.797,0.291,0.162,0.286,0.796,0.111,0.887,0.516,0.373,0.264,0.349,0.119,0.08,0.264,0.146,0.693,0.441
0.614,0.235,0.686,0.591,0.763,0.464,0.411,0.701,0.614,0.363,0.744,0.73,0.021,0.116,0.097,0.48,0.329,0.324,0.442,0.103,0.112,0.078,0.25,0.093,0.25,0.295,0.311,0.71
0.481,0.381,0.206,0.018,0.377,0.43,0.477,0.603,0.425,0.393,0.801,0.624,0.277,0.737,0.007,0.56,0.063,0.836,0.312,0.227,0.061,0.124,0.144,0.317,0.014,0.213,0.429,0.305
0.477,0.208,0.829,0.437,0.48,0.306,0.136,0.559,0.815,0.359,0.935,0.781,0.176,0.081,0.031,0.325,0.364,0.666,0.659,0.249,0.378,0.238,0.221,0.341,0.363,0.154,0.913,0.439
0.699,0.706,0.38,0.115,0.336,0.008,0.453,0.837,0.702,0.393,0.912,0.849,0.014,0.633,0.321,0.625,0.297,0.834,0.156,0.13,0.23,0.076,0.102,0.144,0.141,0.368,0.63,0.325
0.729,0.743,0.543,0.074,0.638,0.448,0.845,0.87,0.322,0.291,0.569,0.755,0.345,0.788,0.142,0.268,0.139,0.441,0.705,0.115,0.379,0.036,0.376,0.356,0.289,0.319,0.42,0.376
0.707,0.449,0.524,0.422,0.642,0.24,0.879,0.735,0.917,0.386,0.749,0.684,0.349,0.596,0.246,0.095,0.327,0.512,0.45,0.329,0.028,0.368,0.226,0.249,0.22,0.389,0.607,0.146
0.634,0.116,0.574,0.577,0.608,0.004,0.783,0.715,0.754,0.077,0.811,0.749,0.275,0.217,0.368,0.393,0.378,0.464,0.371,0.395,0.397,0.004,0.349,0.361,0.184,0.01,0.392,0.032
0.675,0.389,0.227,0.502,0.674,0.401,0.572,0.943,0.904,0.166,0.851,0.782,0.341,0.691,0.272,0.794,0.338,0.604,0.851,0.207,0.069,0.135,0.338,0.052,0.182,0.025,0.871,0.198
0.797,0.339,0.864,0.343,0.476,0.164,0.562,0.558,0.895,0.043,0.78,0.938,0.187,0.27,0.212,0.545,0.138,0.565,0.398,0.157,0.2,0.285,0.253,0.296,0.104,0.326,0.383,0.43
0.89,0.333,0.283,0.142,0.532,0.134,0.762,0.894,0.439,0.057,0.838,0.645,0.174,0.749,0.212,0.199,0.297,0.719,0.26,0.424,0.301,0.389,0.293,0.171,0.171,0.216,0.635,0.739
0.765,0.549,0.192,0.235,0.555,0.309,0.779,0.965,0.894,0.121,0.607,0.654,0.293,0.203,0.17,0.422,0.071,0.774,0.194,0.233,0.092,0.347,0.321,0.3,0.012,0.211,0.779,0.689
0.696,0.171,0.267,0.348,0.591,0.111,0.377,0.673,0.915,0.068,0.793,0.951,0.253,0.721,0.171,0.38,0.224,0.845,0.548,0.122,0.017,0.309,0.001,0.174,0.105,0.173,0.973,0.113
0.954,0.344,0.492,0.059,0.312,0.153,0.683,0.716,0.533,0.301,0.596,0.7,0.076,0.256,0.264,0.573,0.095,0.83,0.243,0.083,0.295,0.115,0.343,0.127,0.05,0.255,0.986,0.721
0.767,0.531,0.884,0.228,0.445,0.145,0.714,0.816,0.384,0.392,0.774,0.912,0.018,0.735,0.381,0.243,0.138,0.68,0.596,0.299,0.114,0.339,0.317,0.304,0.185,0.114,0.705,0.36
0.791,0.422,0.817,0.04,0.237,0.458,0.147,0.748,0.392,0.316,0.982,0.828,0.352,0.359,0.145,0.868,0.21,0.895,0.795,0.301,0.235,0.141,0.081,0.353,0.172,0.138,0.31,0.572
0.986,0.649,0.855,0.34,0.601,0.454,0.762,0.73,0.578,0.368,0.731,0.612,0.237,0.591,0.009,0.098,0.14,0.827,0.199,0.243,0.259,0.284,0.038,0.383,0.338,0.283,0.845,0.455
0.88,0.155,0.836,0.087,0.274,0.392,0.189,0.484,0.85,0.172,0.701,0.864,0.31,0.722,0.326,0.816,0.193,0.459,0.758,0.176,0.034,0.386,0.024,0.316,0.223,0.091,0.413,0.391
0.994,0.717,0.639,0.402,0.185,0.325,0.19,0.632,0.962,0.256,0.704,0.641,0.244,0.753,0.176,0.825,0.161,0.443,0.135,0.057,0.115,0.239,0.241,0.272,0.351,0.287,0.339,0.765
0.615,0.726,0.438,0.309,0.223,0.025,0.258,0.683,0.587,0.221,0.896,0.735,0.006,0.04,0.195,0.633,0.377,0.722,0.692,0.151,0.034,0.137,0.044,0.325,0.05,0.341,0.306,0.051
0.633,0.449,0.292,0.016,0.537,0.091,0.666,0.932,0.884,0.331,0.632,0.853,0.068,0.649,0.01,0.513,0.212,0.229,0.205,0.35,0.028,0.085,0.206,0.121,0.315,0.308,0.69,0.611
0.567,0.883,0.12,0.041,0.764,0.282,0.339,0.508,0.785,0.133,0.964,0.747,0.338,0.691,0.252,0.735,0.182,0.23,0.846,0.011,0.264,0.094,0.39,0.312,0.025,0.157,0.875,0.5
0.444,0.393,0.737,0.164,0.709,0.449,0.103,0.537,0.843,0.328,0.565,0.735,0.273,0.585,0.218,0.186,0.024,0.709,0.784,0.213,0.026,0.119,0.31,0.33,0.151,0.047,0.744,0.195
0.853,0.295,0.458,0.203,0.197,0.167,0.33,0.827,0.741,0.225,0.659,0.713,0.045,0.542,0.065,0.501,0.333,0.843,0.656,0.377,0.132,0.3,0.25,0.201,0.314,0.048,0.289,0.493
0.515,0.314,0.222,0.122,0.701,0.27,0.7,0.96,0.651,0.339,0.569,0.709,0.192,0.025,0.072,0.102,0.141,0.393,0.712,0.121,0.128,0.157,0.303,0.024,0.049,0.291,0.878,0.489
0.663,0.552,0.548,0.004,0.31,0.261,0.769,0.524,0.921,0.395,0.98,0.65,0.243,0.027,0.104,0.102,0.159,0.89,0.284,0.048,0.276,0.111,0.005,0.269,0.048,0.067,0.676,0.134
0.983,0.309,0.57,0.254,0.683,0.119,0.723,0.623,0.558,0.179,0.964,0.635,0.087,0.577,0.394,0.24,0.126,0.603,0.191,0.447,0.343,0.066,0.359,0.194,0.151,0.236,0.881,0.693
0.963,0.358,0.667,0.048,0.615,0.122,0.689,0.786,0.347,0.118,0.986,0.626,0.172,0.299,0.357,0.203,0.006,0.368,0.4,0.029,0.372,0.233,0.29,0.05,0.358,0.191,0.694,0.459
0.461,0.856,0.298,0.14,0.694,0.118,0.568,0.71,0.654,0.101,0.758,0.714,0.326,0.756,0.024,0.214,0.373,0.718,0.808,0.049,0.153,0.208,0.076,0.371,0.342,0.145,0.854,0.725
0.965,0.267,0.635,0.036,0.118,0.341,0.393,0.552,0.459,0.073,0.979,0.799,0.116,0.212,0.164,0.771,0.198,0.9,0.61,0.173,0.008,0.249,0.241,0.122,0.086,0.226,0.431,0.552
0.794,0.546,0.319,0.115,0.316,0.148,0.403,0.472,0.635,0.273,0.668,0.789,0.102,0.012,0.297,0.283,0.245,0.406,0.623,0.342,0.194,0.288,0.003,0.322,0.119,0.216,0.304,0.729
0.912,0.814,0.735,0.256,0.518,0.25,0.609,0.81,0.419,0.133,0.573,0.811,0.396,0.017,0.228,0.6,0.213,0.823,0.784,0.041,0.033,0.315,0.052,0.259,0.324,0.085,0.944,0.573
0.607,0.807,0.149,0.561,0.658,0.378,0.385,0.695,0.475,0.078,0.901,0.7,0.16,0.057,0.193,0.15,0.085,0.717,0.323,0.124,0.253,0.207,0.386,0.143,0.013,0.021,0.443,0.148
0.864,0.546,0.16,0.548,0.481,0.226,0.858,0.703,0.383,0.166,0.946,0.973,0.278,0.09,0.012,0.553,0.023,0.93,0.867,0.372,0.063,0.369,0.324,0.331,0.123,0.365,0.708,0.607
0.536,0.184,0.334,0.107,0.294,0.335,0.606,0.487,0.552,0.248,0.742,0.93,0.212,0.129,0.212,0.358,0.356,0.802,0.709,0.255,0.042,0.271,0.066,0.354,0.258,0.35,0.48,0.667
0.495,0.636,0.629,0.426,0.524,0.131,0.71,0.818,0.611,0.142,0.684,0.973,0.043,0.648,0.327,0.544,0.232,0.766,0.161,0.298,0.064,0.357,0.048,0.097,0.19,0.05,0.476,0.547
0.943,0.7,0.874,0.193,0.456,0.383,0.877,0.889,0.64,0.199,0.777,0.976,0.388,0.071,0.158,0.358,0.348,0.929,0.807,0.142,0.037,0.365,0.346,0.247,0.268,0.36,0.545,0.152
0.537,0.226,0.412,0.157,0.464,0.251,0.321,0.946,0.645,0.303,0.567,0.906,0.22,0.23,0.032,0.182,0.381,0.661,0.127,0.195,0.15,0.28,0.114,0.122,0.339,0.33,0.851,0.349
0.653,0.288,0.784,0.228,0.826,0.319,0.525,0.697,0.916,0.124,0.881,0.621,0.164,0.337,0.025,0.109,0.093,0.896,0.157,0.273,0.023,0.376,0.136,0.251,0.095,0.26,0.352,0.319
0.559,0.307,0.693,0.587,0.205,0.476,0.631,0.609,0.587,0.004,0.765,0.949,0.185,0.131,0.19,0.572,0.286,0.434,0.812,0.428,0.389,0.144,0.347,0.085,0.362,0.291,0.889,0.585
0.546,0.229,0.879,0.018,0.318,0.196,0.699,0.686,0.442,0.309,0.572,0.816,0.291,0.069,0.001,0.251,0.284,0.356,0.288,0.314,0.37,0.236,0.284,0.058,0.356,0.264,0.415,0.767
0.401,0.783,0.293,0.36,0.285,0.213,0.762,0.745,0.657,0.039,0.64,0.835,0.276,0.125,0.205,0.526,0.073,0.495,0.691,0.311,0.124,0.373,0.23,0.236,0.267,0.224,0.702,0.03
0.556,0.823,0.887,0.297,0.298,0.265,0.367,0.862,0.856,0.2,0.75,0.722,0.036,0.535,0.34,0.75,0.226,0.851,0.371,0.13,0.224,0.103,0.385,0.388,0.251,0.375,0.488,0.247
0.589,0.85,0.369,0.419,0.808,0.177,0.115,0.962,0.972,0.217,0.754,0.971,0.104,0.234,0.107,0.495,0.11,0.324,0.623,0.02,0.363,0.232,0.185,0.035,0.254,0.073,0.922,0.496
0.992,0.661,0.362,0.244,0.519,0.138,0.182,0.788,0.599,0.2,0.654,0.749,0.255,0.779,0.052,0.728,0.085,0.238,0.242,0.1,0.144,0.207,0.266,0.331,0.034,0.312,0.616,0.477
0.699,0.604,0.764,0.482,0.437,0.11,0.805,0.661,0.626,0.102,0.719,0.755,0.015,0.552,0.163,0.555,0.079,0.676,0.758,0.01,0.219,0.115,0.091,0.05,0.221,0.203,0.507,0.358
0.844,0.785,0.361,0.391,0.715,0.31,0.298,0.632,0.787,0.344,0.595,0.669,0.382,0.003,0.387,0.661,0.369,0.223,0.794,0.427,0.108,0.115,0.015,0.128,0.005,0.05,0.412,0.395
0.376,0.646,0.401,0.27,0.795,0.257,0.328,0.903,0.866,0.288,0.63,0.913,0.012,0.232,0.345,0.196,0.06,0.661,0.735,0.174,0.101,0.092,0.097,0.352,0.026,0.177,0.638,0.522
0.421,0.513,0.54,0.049,0.135,0.167,0.632,0.628,0.796,0.064,0.806,0.844,0.284,0.431,0.342,0.106,0.228,0.608,0.822,0.39,0.127,0.202,0.305,0.027,0.191,0.16,0.663,0.102
0.808,0.157,0.222,0.02,0.735,0.195,0.551,0.843,0.763,0.097,0.618,0.809,0.379,0.649,0.272,0.722,0.027,0.936,0.533,0.368,0.319,0.061,0.202,0.364,0.289,0.212,0.7,0.481
0.9,0.38,0.49,0.182,0.576,0.272,0.792,0.472,0.595,0.094,0.876,0.769,0.079,0.418,0.053,0.619,0.21,0.397,0.146,0.348,0.079,0.06,0.382,0.129,0.164,0.074,0.878,0.261
0.395,0.223,0.149,0.581,0.655,0.193,0.85,0.597,0.464,0.008,0.636,0.632,0.135,0.346,0.068,0.681,0.263,0.211,0.597,0.044,0.205,0.241,0.354,0.093,0.045,0.109,0.295,0.329
0.866,0.445,0.889,0.485,0.501,0.029,0.856,0.655,0.722,0.091,0.868,0.595,0.019,0.646,0.078,0.221,0.395,0.467,0.473,0.248,0.01,0.394,0.088,0.2,0.174,0.061,0.845,0.558
0.811,0.481,0.253,0.03,0.357,0.266,0.391,0.567,0.45,0.058,0.603,0.939,0.104,0.626,0.346,0.191,0.342,0.26,0.907,0.368,0.126,0.044,0.238,0.308,0.157,0.144,0.33,0.03
0.51,0.498,0.183,0.467,0.789,0.416,0.637,0.907,0.694,0.172,0.749,0.85,0.134,0.427,0.28,0.693,0.05,0.968,0.12,0.018,0.244,0.261,0.215,0.042,0.327,0.29,0.581,0.669
0.67,0.705,0.607,0.488,0.345,0.152,0.828,0.691,0.909,0.167,0.597,0.694,0.178,0.154,0.308,0.1,0.086,0.424,0.85,0.112,0.104,0.214,0.199,0.085,0.203,0.356,0.959,0.694
0.949,0.307,0.386,0.452,0.674,0.254,0.404,0.482,0.995,0.398,0.696,0.723,0.348,0.02,0.375,0.682,0.007,0.703,0.392,0.223,0.273,0.152,0.192,0.344,0.232,0.127,0.507,0.352
0.835,0.808,0.603,0.027,0.819,0.217,0.341,0.536,0.578,0.11,0.714,0.721,0.354,0.048,0.339,0.318,0.32,0.312,0.374,0.072,0.161,0.184,0.326,0.03,0.152,0.135,0.728,0.133
0.946,0.666,0.551,0.411,0.885,0.387,0.146,0.599,0.644,0.02,0.974,0.685,0.001,0.789,0.313,0.434,0.301,0.76,0.164,0.102,0.313,0.18,0.085,0.291,0.284,0.076,0.647,0.669
0.959,0.695,0.869,0.518,0.475,0.038,0.148,0.475,0.993,0.383,0.746,0.837,0.034,0.158,0.185,0.608,0.177,0.35,0.212,0.372,0.343,0.337,0.058,0.324,0.024,0.081,0.827,0.144
0.396,0.733,0.171,0.557,0.254,0.093,0.834,0.983,0.825,0.187,0.723,0.953,0.174,0.502,0.147,0.118,0.292,0.887,0.305,0.258,0.228,0.125,0.3,0.193,0.363,0.272,0.446,0.749
0.625,0.462,0.559,0.348,0.508,0.226,0.778,0.892,0.617,0.083,0.612,0.95,0.11,0.596,0.361,0.552,0.296,0.948,0.806,0.163,0.225,0.16,0.093,0.13,0.246,0.254,0.62,0.147
0.56,0.642,0.27,0.579,0.13,0.419,0.476,0.632,0.463,0.121,0.658,0.771,0.398,0.196,0.13,0.499,0.203,0.691,0.352,0.454,0.336,0.279,0.385,0.282,0.108,0.363,0.877,0.578
0.956,0.427,0.456,0.327,0.85,0.285,0.458,0.795,0.5,0.051,0.596,0.907,0.145,0.055,0.255,0.393,0.343,0.672,0.778,0.298,0.049,0.103,0.317,0.262,0.291,0.077,0.52,0.676
0.575,0.841,0.107,0.065,0.35,0.134,0.492,0.558,0.894,0.283,0.774,0.859,0.38,0.06,0.36,0.24,0.031,0.218,0.698,0.144,0.038,0.077,0.027,0.12,0.283,0.166,0.963,0.349
0.721,0.872,0.499,0.197,0.659,0.101,0.166,0.75,0.654,0.093,0.716,0.824,0.229,0.38,0.118,0.756,0.103,0.227,0.799,0.191,0.292,0.353,0.018,0.338,0.17,0.209,0.89,0.422
0.467,0.618,0.709,0.168,0.566,0.023,0.86,0.523,0.418,0.093,0.696,0.93,0.062,0.344,0.274,0.222,0.164,0.841,0.904,0.229,0.266,0.072,0.294,0.095,0.256,0.311,0.952,0.535
0.936,0.163,0.646,0.419,0.466,0.12,0.582,0.884,0.856,0.089,0.57,0.819,0.106,0.425,0.153,0.814,0.011,0.456,0.803,0.063,0.286,0.043,0.326,0.341,0.295,0.05,0.36,0.421
0.447,0.796,0.207,0.026,0.262,0.439,0.316,0.803,0.774,0.298,0.911,0.953,0.375,0.751,0.354,0.383,0.111,0.242,0.722,0.402,0.106,0.124,0.012,0.325,0.182,0.062,0.562,0.181
0.464,0.493,0.373,0.32,0.348,0.078,0.796,0.676,0.958,0.059,0.887,0.724,0.015,0.312,0.077,0.777,0.036,0.225,0.473,0.314,0.249,0.217,0.059,0.224,0.01,0.146,0.96,0.332
0.873,0.697,0.616,0.199,0.826,0.262,0.473,0.708,0.786,0.343,0.777,0.624,0.163,0.047,0.222,0.38,0.046,0.731,0.814,0.17,0.388,0.361,0.144,0.072,0.318,0.228,0.662,0.287
0.462,0.354,0.318,0.385,0.127,0.31,0.717,0.604,0.826,0.127,0.685,0.619,0.088,0.404,0.064,0.526,0.073,0.217,0.521,0.234,0.309,0.278,0.278,0.244,0.177,0.207,0.941,0.224
0.453,0.84,0.504,0.012,0.221,0.016,0.132,0.844,0.678,0.163,0.953,0.903,0.179,0.114,0.15,0.51,0.105,0.434,0.382,0.047,0.216,0.092,0.047,0.051,0.257,0.025,0.596,0.505
0.84,0.499,0.215,0.177,0.578,0.261,0.226,0.766,0.979,0.315,0.612,0.609,0.241,0.214,0.018,0.142,0.264,0.398,0.325,0.454,0.18,0.23,0.391,0.256,0.098,0.193,0.443,0.569
0.525,0.686,0.818,0.524,0.167,0.123,0.372,0.638,0.64,0.206,0.916,0.724,0.315,0.083,0.373,0.414,0.067,0.765,0.641,0.382,0.027,0.06,0.185,0.206,0.38,0.054,0.846,0.458
0.419,0.707,0.412,0.146,0.656,0.09,0.707,0.877,0.308,0.204,0.744,0.61,0.11,0.434,0.032,0.443,0.373,0.33,0.134,0.169,0.086,0.267,0.295,0.343,0.078,0.069,0.312,0.514
0.379,0.684,0.799,0.108,0.578,0.319,0.534,0.673,0.641,0.051,0.699,0.922,0.035,0.047,0.0,0.184,0.311,0.418,0.471,0.224,0.071,0.16,0.23,0.007,0.31,0.082,0.379,0.653
0.437,0.171,0.778,0.555,0.189,0.413,0.181,0.557,0.71,0.37,0.846,0.97,0.142,0.558,0.342,0.173,0.035,0.431,0.685,0.229,0.352,0.038,0.331,0.243,0.027,0.224,0.504,0.46
0.671,0.833,0.855,0.509,0.235,0.365,0.837,0.935,0.544,0.067,0.708,0.991,0.078,0.223,0.338,0.2,0.321,0.401,0.573,0.387,0.073,0.391,0.29,0.125,0.332,0.216,0.91,0.299
0.997,0.602,0.346,0.083,0.6,0.379,0.112,0.5,0.564,0.192,0.658,0.74,0.079,0.466,0.124,0.29,0.028,0.325,0.591,0.009,0.315,0.392,0.31,0.128,0.302,0.093,0.351,0.049
0.955,0.484,0.338,0.163,0.794,0.281,0.265,0.635,0.669,0.239,0.97,0.882,0.198,0.449,0.009,0.516,0.204,0.906,0.47,0.043,0.127,0.288,0.345,0.305,0.081,0.101,0.278,0.713
0.974,0.185,0.788,0.238,0.597,0.478,0.554,0.848,0.376,0.202,0.622,0.949,0.345,0.559,0.179,0.84,0.237,0.912,0.522,0.317,0.152,0.368,0.076,0.18,0.082,0.097,0.417,0.652
0.767,0.632,0.325,0.171,0.433,0.255,0.444,0.607,0.401,0.113,0.593,0.586,0.261,0.315,0.286,0.408,0.186,0.391,0.787,0.403,0.24,0.34,0.188,0.291,0.316,0.247,0.322,0.078
0.544,0.489,0.358,0.028,0.154,0.443,0.56,0.952,0.476,0.114,0.594,0.922,0.386,0.226,0.142,0.246,0.208,0.443,0.792,0.064,0.099,0.039,0.093,0.072,0.004,0.329,0.98,0.241
0.856,0.453,0.118,0.173,0.126,0.287,0.703,0.834,0.654,0.056,0.9,0.999,0.085,0.353,0.397,0.351,0.296,0.277,0.153,0.217,0.16,0.274,0.214,0.064,0.364,0.332,0.618,0.77
0.915,0.329,0.355,0.246,0.611,0.095,0.103,0.492,0.696,0.289,0.987,0.606,0.058,0.713,0.394,0.395,0.001,0.827,0.583,0.044,0.316,0.059,0.336,0.168,0.382,0.342,0.622,0.176
0.786,0.789,0.62,0.511,0.561,0.014,0.517,0.819,0.355,0.157,0.743,0.62,0.0,0.151,0.274,0.212,0.256,0.356,0.823,0.316,0.046,0.035,0.196,0.113,0.383,0.351,0.781,0.252
0.878,0.123,0.297,0.291,0.819,0.397,0.689,0.845,0.572,0.035,0.854,0.663,0.236,0.424,0.173,0.514,0.238,0.342,0.892,0.329,0.046,0.023,0.037,0.08,0.091,0.249,0.723,0.657
0.55,0.537,0.574,0.044,0.436,0.441,0.331,0.511,0.533,0.016,0.95,0.591,0.32,0.183,0.088,0.796,0.268,0.836,0.127,0.079,0.212,0.012,0.322,0.293,0.335,0.33,0.879,0.331
0.427,0.547,0.601,0.088,0.342,0.339,0.151,0.744,0.572,0.225,0.572,0.794,0.035,0.513,0.064,0.738,0.241,0.567,0.806,0.165,0.244,0.008,0.076,0.153,0.11,0.081,0.725,0.753
0.665,0.493,0.233,0.356,0.458,0.444,0.661,0.535,0.819,0.333,0.892,0.806,0.077,0.452,0.195,0.187,0.147,0.79,0.864,0.11,0.12,0.32,0.09,0.044,0.247,0.37,0.413,0.135
0.626,0.652,0.57,0.287,0.769,0.336,0.114,0.667,0.654,0.241,0.635,0.919,0.016,0.562,0.111,0.329,0.134,0.839,0.449,0.174,0.336,0.293,0.294,0.372,0.065,0.043,0.94,0.727
0.956,0.221,0.484,0.313,0.844,0.25,0.14,0.918,0.556,0.054,0.616,0.94,0.219,0.051,0.1,0.609,0.12,0.455,0.644,0.078,0.178,0.343,0.274,0.065,0.124,0.113,0.914,0.726
0.724,0.118,0.274,0.377,0.536,0.212,0.748,0.753,0.38,0.03,0.798,0.652,0.357,0.745,0.295,0.305,0.337,0.618,0.375,0.111,0.288,0.165,0.122,0.228,0.293,0.041,0.408,0.149
0.88,0.302,0.744,0.577,0.246,0.375,0.347,0.911,0.863,0.242,0.762,0.77,0.185,0.07,0.135,0.435,0.38,0.419,0.892,0.443,0.081,0.286,0.207,0.066,0.095,0.36,0.758,0.386
0.64,0.602,0.499,0.339,0.538,0.358,0.641,0.96,0.6,0.13,0.69,0.983,0.039,0.344,0.332,0.483,0.227,0.864,0.795,0.418,0.297,0.216,0.128,0.175,0.064,0.185,0.906,0.069
0.807,0.146,0.28,0.123,0.647,0.027,0.243,0.941,0.648,0.058,0.776,0.997,0.325,0.709,0.097,0.114,0.331,0.816,0.135,0.248,0.337,0.21,0.169,0.002,0.396,0.355,0.315,0.38
0.954,0.807,0.262,0.014,0.611,0.125,0.398,0.723,0.342,0.332,0.632,0.955,0.103,0.698,0.187,0.664,0.278,0.73,0.284,0.389,0.162,0.28,0.307,0.255,0.178,0.095,0.907,0.243
0.829,0.818,0.808,0.008,0.663,0.39,0.131,0.942,0.913,0.068,0.745,0.591,0.313,0.698,0.367,0.096,0.135,0.67,0.19,0.065,0.143,0.079,0.238,0.216,0.114,0.295,0.31,0.374
0.637,0.397,0.768,0.172,0.519,0.317,0.891,0.652,0.334,0.125,0.716,0.589,0.08,0.052,0.067,0.797,0.182,0.546,0.734,0.37,0.389,0.296,0.247,0.202,0.07,0.054,0.658,0.452
0.794,0.238,0.391,0.553,0.71,0.337,0.452,0.73,0.706,0.088,0.913,0.858,0.352,0.745,0.305,0.869,0.31,0.606,0.798,0.395,0.319,0.126,0.272,0.042,0.249,0.33,0.546,0.346
0.501,0.465,0.173,0.164,0.674,0.168,0.867,0.589,0.435,0.139,0.647,0.99,0.036,0.042,0.296,0.709,0.236,0.552,0.32,0.343,0.05,0.268,0.381,0.143,0.322,0.262,0.967,0.198
0.412,0.646,0.343,0.253,0.112,0.328,0.76,0.612,0.674,0.222,0.649,0.968,0.226,0.017,0.241,0.45,0.155,0.385,0.689,0.289,0.162,0.056,0.194,0.357,0.343,0.114,0.368,0.735
0.517,0.58,0.742,0.322,0.666,0.012,0.546,0.477,0.346,0.229,0.888,0.578,0.133,0.59,0.384,0.49,0.383,0.635,0.38,0.423,0.32,0.163,0.323,0.212,0.392,0.392,0.963,0.091
0.734,0.456,0.416,0.06,0.159,0.145,0.627,0.97,0.636,0.282,0.911,0.801,0.07,0.467,0.331,0.183,0.26,0.432,0.18,0.112,0.343,0.292,0.362,0.311,0.373,0.305,0.761,0.74
0.473,0.854,0.526,0.139,0.297,0.186,0.574,0.461,0.333,0.176,0.698,0.728,0.148,0.573,0.173,0.641,0.127,0.376,0.461,0.163,0.102,0.002,0.046,0.338,0.305,0.166,0.537,0.283
0.768,0.316,0.292,0.165,0.167,0.446,0.494,0.972,0.55,0.07,0.946,0.893,0.394,0.156,0.279,0.152,0.218,0.357,0.17,0.22,0.257,0.381,0.047,0.385,0.076,0.097,0.51,0.751
0.402,0.585,0.664,0.065,0.837,0.133,0.808,0.616,0.802,0.163,0.929,0.69,0.084,0.641,0.284,0.32,0.221,0.5,0.896,0.042,0.289,0.094,0.219,0.011,0.18,0.064,0.391,0.48
0.725,0.638,0.19,0.557,0.358,0.066,0.675,0.923,0.426,0.16,0.663,0.987,0.272,0.204,0.229,0.314,0.028,0.81,0.43,0.227,0.017,0.074,0.16,0.102,0.055,0.129,0.319,0.639
0.812,0.762,0.695,0.026,0.377,0.234,0.65,0.967,0.498,0.19,0.951,0.892,0.031,0.342,0.069,0.781,0.058,0.783,0.522,0.061,0.032,0.146,0.005,0.085,0.11,0.352,0.636,0.626
0.958,0.301,0.636,0.157,0.651,0.063,0.622,0.594,0.614,0.377,0.706,0.601,0.244,0.144,0.224,0.508,0.115,0.355,0.383,0.061,0.29,0.356,0.387,0.001,0.175,0.254,0.895,0.505
0.879,0.804,0.416,0.077,0.368,0.01,0.261,0.736,0.951,0.232,0.834,0.603,0.065,0.171,0.232,0.427,0.178,0.941,0.338,0.088,0.026,0.01,0.37,0.384,0.071,0.15,0.683,0.536
0.808,0.221,0.222,0.49,0.5,0.038,0.219,0.937,0.367,0.292,0.658,0.948,0.253,0.741,0.235,0.408,0.395,0.787,0.36,0.322,0.053,0.207,0.267,0.302,0.108,0.304,0.768,0.298
0.99,0.414,0.737,0.221,0.733,0.457,0.463,0.458,0.822,0.328,0.749,0.955,0.312,0.327,0.027,0.59,0.125,0.541,0.778,0.312,0.059,0.193,0.119,0.015,0.14,0.289,0.582,0.121
0.383,0.271,0.684,0.027,0.32,0.205,0.338,0.883,0.896,0.314,0.6,0.857,0.044,0.493,0.228,0.295,0.197,0.848,0.409,0.123,0.143,0.243,0.175,0.202,0.337,0.395,0.678,0.207
0.718,0.402,0.785,0.224,0.602,0.471,0.381,0.813,0.759,0.02,0.668,0.605,0.21,0.127,0.382,0.563,0.229,0.673,0.587,0.251,0.17,0.04,0.318,0.372,0.145,0.348,0.744,0.768
0.866,0.344,0.549,0.211,0.443,0.173,0.431,0.896,0.542,0.148,0.735,0.599,0.35,0.279,0.02,0.374,0.384,0.486,0.661,0.086,0.123,0.001,0.344,0.314,0.231,0.298,0.906,0.612
0.528,0.348,0.14,0.186,0.77,0.125,0.118,0.57,0.996,0.001,0.798,0.785,0.059,0.69,0.097,0.249,0.285,0.391,0.836,0.357,0.072,0.255,0.031,0.313,0.269,0.344,0.484,0.123
0.889,0.775,0.763,0.17,0.262,0.258,0.523,0.51,0.588,0.309,0.673,0.846,0.314,0.379,0.346,0.153,0.11,0.341,0.403,0.216,0.163,0.004,0.319,0.216,0.156,0.009,0.667,0.327
0.482,0.757,0.274,0.498,0.117,0.386,0.213,0.82,0.501,0.084,0.652,0.971,0.032,0.588,0.195,0.395,0.279,0.807,0.441,0.273,0.342,0.37,0.063,0.231,0.319,0.183,0.865,0.031
0.454,0.243,0.859,0.44,0.172,0.447,0.746,0.863,0.532,0.267,0.836,0.952,0.32,0.491,0.092,0.63,0.019,0.887,0.796,0.431,0.001,0.066,0.146,0.075,0.004,0.173,0.445,0.332
0.761,0.184,0.254,0.174,0.623,0.188,0.178,0.989,0.461,0.362,0.872,0.997,0.389,0.088,0.184,0.236,0.291,0.397,0.352,0.156,0.292,0.042,0.035,0.333,0.282,0.386,0.58,0.704
0.911,0.174,0.81,0.398,0.685,0.037,0.78,0.93,0.967,0.354,0.675,0.775,0.209,0.353,0.203,0.182,0.291,0.966,0.479,0.149,0.146,0.289,0.141,0.244,0.343,0.056,0.686,0.056
0.49,0.339,0.642,0.37,0.446,0.188,0.504,0.521,0.585,0.228,0.882,0.912,0.099,0.679,0.003,0.645,0.141,0.753,0.833,0.373,0.209,0.28,0.106,0.376,0.147,0.126,0.863,0.584
0.721,0.662,0.59,0.233,0.804,0.04,0.105,0.459,0.756,0.275,0.615,0.952,0.001,0.186,0.334,0.228,0.052,0.876,0.487,0.071,0.24,0.38,0.265,0.079,0.06,0.142,0.36,0.758
0.602,0.442,0.439,0.553,0.389,0.033,0.25,0.746,0.321,0.258,0.873,0.664,0.296,0.127,0.312,0.258,0.101,0.796,0.164,0.188,0.242,0.018,0.15,0.185,0.014,0.282,0.789,0.68
0.664,0.637,0.314,0.244,0.633,0.06,0.49,0.651,0.917,0.201,0.597,0.815,0.002,0.291,0.014,0.684,0.02,0.35,0.898,0.275,0.008,0.36,0.355,0.033,0.15,0.277,0.434,0.729
0.97,0.344,0.507,0.183,0.588,0.454,0.837,0.719,0.446,0.034,0.632,0.617,0.265,0.743,0.324,0.67,0.192,0.658,0.146,0.055,0.005,0.201,0.213,0.347,0.309,0.14,0.901,0.353
0.476,0.594,0.173,0.503,0.371,0.341,0.779,0.855,0.409,0.222,0.758,0.68,0.065,0.011,0.394,0.857,0.116,0.647,0.848,0.222,0.299,0.025,0.3,0.133,0.052,0.334,0.934,0.293
0.462,0.601,0.597,0.447,0.434,0.132,0.543,0.557,0.477,0.163,0.893,0.833,0.364,0.662,0.326,0.456,0.188,0.538,0.274,0.277,0.12,0.38,0.29,0.265,0.187,0.242,0.41,0.481
0.589,0.827,0.721,0.323,0.614,0.143,0.528,0.901,0.971,0.381,0.658,0.639,0.253,0.534,0.141,0.203,0.161,0.564,0.267,0.003,0.062,0.262,0.207,0.13,0.239,0.06,0.531,0.136
0.379,0.363,0.729,0.511,0.187,0.157,0.309,0.935,0.964,0.222,0.941,0.958,0.14,0.585,0.09,0.283,0.332,0.26,0.898,0.358,0.244,0.134,0.194,0.095,0.129,0.17,0.95,0.678
0.692,0.561,0.829,0.131,0.729,0.217,0.723,0.982,0.303,0.294,0.825,0.994,0.009,0.122,0.157,0.509,0.228,0.846,0.518,0.029,0.013,0.045,0.177,0.191,0.175,0.279,0.382,0.68
0.747,0.556,0.219,0.277,0.582,0.403,0.196,0.888,0.487,0.367,0.881,0.894,0.361,0.267,0.156,0.302,0.073,0.743,0.398,0.018,0.361,0.214,0.265,0.03,0.367,0.266,0.848,0.333
0.741,0.306,0.176,0.517,0.65,0.014,0.447,0.736,0.565,0.067,0.649,0.912,0.371,0.543,0.295,0.642,0.1,0.796,0.556,0.069,0.311,0.37,0.255,0.235,0.125,0.391,0.504,0.382
0.582,0.447,0.38,0.285,0.766,0.15,0.588,0.619,0.642,0.038,0.822,0.667,0.037,0.212,0.294,0.363,0.214,0.775,0.791,0.358,0.325,0.038,0.247,0.008,0.33,0.114,0.936,0.026
0.409,0.343,0.783,0.243,0.499,0.404,0.109,0.799,0.944,0.124,0.819,0.75,0.062,0.367,0.114,0.703,0.028,0.655,0.568,0.207,0.189,0.147,0.174,0.079,0.319,0.126,0.479,0.31
0.82,0.387,0.422,0.473,0.373,0.095,0.385,0.643,0.969,0.119,0.691,0.797,0.149,0.651,0.327,0.515,0.326,0.723,0.76,0.208,0.353,0.181,0.339,0.003,0.195,0.019,0.306,0.393
0.692,0.123,0.404,0.152,0.533,0.337,0.504,0.928,0.38,0.118,0.622,0.897,0.288,0.55,0.161,0.11,0.151,0.737,0.476,0.019,0.001,0.239,0.222,0.086,0.354,0.391,0.495,0.47
0.595,0.75,0.568,0.031,0.329,0.32,0.191,0.951,0.416,0.322,0.891,0.856,0.046,0.493,0.05,0.13,0.342,0.288,0.39,0.188,0.239,0.354,0.16,0.011,0.168,0.225,0.35,0.711
0.785,0.155,0.54,0.268,0.314,0.222,0.13,0.591,0.311,0.062,0.92,0.828,0.223,0.011,0.256,0.697,0.113,0.937,0.887,0.184,0.319,0.321,0.211,0.052,0.362,0.268,0.755,0.646
0.554,0.288,0.209,0.09,0.508,0.444,0.313,0.697,0.504,0.222,0.948,0.674,0.261,0.067,0.134,0.56,0.159,0.354,0.771,0.187,0.388,0.051,0.179,0.041,0.114,0.015,0.602,0.235
0.408,0.718,0.286,0.289,0.586,0.105,0.319,0.63,0.538,0.208,0.874,0.896,0.361,0.727,0.157,0.699,0.067,0.599,0.756,0.333,0.034,0.203,0.103,0.167,0.216,0.115,0.445,0.456
0.68,0.859,0.268,0.526,0.35,0.035,0.276,0.519,0.967,0.286,0.974,0.925,0.326,0.548,0.382,0.789,0.219,0.585,0.754,0.127,0.332,0.294,0.157,0.185,0.349,0.221,0.444,0.049
0.879,0.462,0.644,0.338,0.699,0.474,0.674,0.83,0.851,0.201,0.854,0.606,0.103,0.777,0.119,0.321,0.293,0.329,0.635,0.44,0.286,0.291,0.285,0.012,0.237,0.165,0.357,0.726
0.537,0.784,0.704,0.076,0.487,0.083,0.496,0.497,0.958,0.31,0.973,0.885,0.127,0.66,0.348,0.384,0.183,0.586,0.679,0.102,0.268,0.305,0.336,0.382,0.108,0.118,0.401,0.612
0.407,0.199,0.643,0.065,0.136,0.107,0.233,0.803,0.557,0.087,0.741,0.732,0.032,0.376,0.131,0.228,0.23,0.327,0.691,0.293,0.16,0.103,0.275,0.091,0.008,0.147,0.454,0.16
0.744,0.69,0.135,0.579,0.311,0.241,0.814,0.64,0.303,0.355,0.58,0.655,0.165,0.494,0.21,0.244,0.034,0.606,0.168,0.365,0.111,0.177,0.316,0.247,0.026,0.38,0.742,0.427
0.648,0.675,0.661,0.187,0.499,0.231,0.632,0.809,0.949,0.113,0.672,0.766,0.011,0.225,0.328,0.867,0.285,0.641,0.444,0.315,0.1,0.27,0.219,0.292,0.296,0.391,0.444,0.45
0.473,0.11,0.342,0.535,0.304,0.258,0.454,0.725,0.969,0.149,0.645,0.816,0.219,0.247,0.051,0.811,0.122,0.715,0.136,0.29,0.256,0.084,0.188,0.127,0.05,0.335,0.632,0.095
0.505,0.206,0.181,0.452,0.446,0.392,0.627,0.552,0.363,0.11,0.834,0.637,0.354,0.723,0.127,0.62,0.079,0.229,0.33,0.42,0.155,0.267,0.307,0.271,0.388,0.333,0.541,0.451
0.596,0.468,0.84,0.473,0.845,0.25,0.239,0.793,0.99,0.104,0.694,0.685,0.176,0.149,0.089,0.358,0.079,0.98,0.732,0.305,0.21,0.39,0.189,0.106,0.362,0.252,0.705,0.067
0.877,0.349,0.3,0.098,0.733,0.187,0.359,0.469,0.314,0.062,0.874,0.709,0.198,0.145,0.194,0.277,0.026,0.474,0.83,0.085,0.137,0.316,0.224,0.169,0.279,0.023,0.435,0.1
0.965,0.287,0.264,0.134,0.256,0.218,0.302,0.586,0.933,0.086,0.901,0.698,0.128,0.565,0.223,0.699,0.28,0.328,0.275,0.011,0.185,0.262,0.354,0.076,0.249,0.276,0.296,0.248
0.53,0.204,0.288,0.072,0.832,0.302,0.222,0.645,0.514,0.204,0.921,0.689,0.093,0.407,0.091,0.607,0.381,0.452,0.328,0.054,0.172,0.119,0.069,0.017,0.337,0.269,0.399,0.231
0.596,0.746,0.201,0.438,0.16,0.286,0.614,0.522,0.983,0.258,0.909,0.739,0.322,0.341,0.233,0.234,0.33,0.48,0.726,0.16,0.323,0.073,0.105,0.192,0.32,0.068,0.505,0.64
0.929,0.869,0.238,0.472,0.638,0.286,0.236,0.643,0.727,0.268,0.628,0.843,0.178,0.633,0.117,0.275,0.057,0.848,0.414,0.066,0.135,0.04,0.207,0.041,0.121,0.383,0.517,0.182
0.901,0.722,0.31,0.079,0.55,0.266,0.736,0.51,0.992,0.142,0.676,0.97,0.071,0.734,0.349,0.836,0.088,0.66,0.609,0.315,0.031,0.299,0.256,0.071,0.045,0.178,0.649,0.286
0.447,0.775,0.769,0.401,0.488,0.037,0.694,0.735,0.7,0.033,0.933,0.72,0.123,0.771,0.366,0.451,0.381,0.378,0.703,0.237,0.222,0.117,0.141,0.191,0.059,0.36,0.572,0.038
0.597,0.547,0.189,0.026,0.718,0.1,0.367,0.759,0.539,0.068,0.896,0.659,0.035,0.322,0.078,0.514,0.166,0.525,0.571,0.238,0.089,0.248,0.322,0.1,0.049,0.296,0.377,0.147
0.573,0.813,0.407,0.438,0.73,0.446,0.447,0.793,0.792,0.083,0.958,0.638,0.232,0.612,0.175,0.267,0.165,0.56,0.482,0.293,0.274,0.137,0.026,0.311,0.238,0.178,0.481,0.403
0.936,0.202,0.114,0.058,0.706,0.273,0.399,0.573,0.574,0.04,0.578,0.698,0.024,0.718,0.101,0.526,0.38,0.554,0.484,0.188,0.226,0.082,0.018,0.385,0.125,0.388,0.325,0.397
0.491,0.345,0.708,0.04,0.807,0.449,0.346,0.496,0.709,0.267,0.761,0.986,0.003,0.268,0.176,0.28,0.383,0.264,0.451,0.336,0.233,0.159,0.191,0.037,0.285,0.074,0.64,0.401
0.62,0.754,0.414,0.023,0.608,0.019,0.527,0.756,0.672,0.362,0.61,0.807,0.3,0.208,0.222,0.602,0.096,0.507,0.758,0.067,0.088,0.002,0.141,0.345,0.375,0.246,0.679,0.062
0.563,0.768,0.849,0.45,0.71,0.472,0.532,0.836,0.694,0.367,0.73,0.642,0.083,0.514,0.094,0.337,0.079,0.254,0.369,0.101,0.256,0.195,0.098,0.254,0.245,0.234,0.501,0.608
0.494,0.431,0.325,0.411,0.316,0.179,0.791,0.593,0.823,0.289,0.78,0.66,0.348,0.023,0.165,0.155,0.095,0.402,0.567,0.362,0.313,0.351,0.108,0.359,0.157,0.186,0.846,0.109
0.907,0.593,0.419,0.483,0.393,0.105,0.65,0.846,0.855,0.272,0.698,0.856,0.109,0.543,0.29,0.563,0.146,0.96,0.224,0.142,0.301,0.291,0.34,0.147,0.274,0.368,0.488,0.597
0.746,0.606,0.683,0.035,0.372,0.113,0.473,0.481,0.453,0.147,0.926,0.726,0.174,0.101,0.239,0.547,0.35,0.418,0.494,0.145,0.133,0.129,0.098,0.387,0.221,0.335,0.941,0.355
0.545,0.767,0.658,0.279,0.389,0.412,0.189,0.521,0.433,0.398,0.605,0.651,0.009,0.497,0.256,0.805,0.317,0.501,0.874,0.412,0.043,0.179,0.129,0.366,0.138,0.346,0.73,0.517
0.784,0.878,0.158,0.129,0.425,0.35,0.827,0.671,0.853,0.396,0.964,0.941,0.387,0.731,0.132,0.539,0.077,0.743,0.351,0.045,0.109,0.105,0.083,0.01,0.196,0.101,0.956,0.779
0.891,0.585,0.454,0.003,0.372,0.265,0.38,0.951,0.686,0.095,0.73,0.934,0.169,0.758,0.109,0.223,0.063,0.461,0.6,0.393,0.092,0.251,0.14,0.154,0.091,0.054,0.485,0.56
0.966,0.512,0.557,0.109,0.186,0.248,0.278,0.562,0.633,0.125,0.768,0.647,0.227,0.768,0.295,0.126,0.208,0.902,0.707,0.188,0.206,0.341,0.258,0.283,0.316,0.331,0.549,0.642
0.591,0.656,0.419,0.52,0.29,0.312,0.35,0.903,0.916,0.02,0.573,0.847,0.332,0.745,0.333,0.804,0.183,0.254,0.513,0.221,0.207,0.357,0.216,0.309,0.095,0.312,0.443,0.46
0.802,0.441,0.673,0.577,0.876,0.029,0.604,0.694,0.906,0.04,0.938,0.709,0.284,0.379,0.044,0.862,0.126,0.659,0.115,0.006,0.108,0.177,0.087,0.351,0.244,0.144,0.335,0.32
0.385,0.566,0.356,0.571,0.604,0.449,0.527,0.952,0.865,0.256,0.84,0.637,0.224,0.771,0.277,0.1,0.107,0.484,0.836,0.436,0.368,0.198,0.05,0.328,0.077,0.159,0.796,0.468
0.492,0.744,0.624,0.349,0.585,0.189,0.173,0.831,0.784,0.312,0.842,0.836,0.321,0.207,0.274,0.826,0.175,0.906,0.61,0.219,0.014,0.134,0.171,0.131,0.352,0.326,0.874,0.153
0.403,0.396,0.205,0.399,0.556,0.305,0.734,0.977,0.969,0.243,0.782,0.946,0.182,0.103,0.079,0.617,0.043,0.507,0.682,0.271,0.19,0.068,0.353,0.253,0.349,0.288,0.743,0.302
0.734,0.134,0.72,0.319,0.561,0.058,0.704,0.716,0.597,0.38,0.692,0.644,0.043,0.686,0.129,0.381,0.165,0.667,0.824,0.107,0.304,0.109,0.245,0.386,0.174,0.271,0.71,0.617
0.7,0.625,0.32,0.511,0.624,0.229,0.759,0.473,0.844,0.04,0.639,0.685,0.264,0.768,0.202,0.178,0.306,0.678,0.796,0.209,0.157,0.294,0.2,0.151,0.323,0.358,0.913,0.146
0.662,0.755,0.27,0.389,0.392,0.033,0.71,0.575,0.615,0.31,0.896,0.829,0.266,0.205,0.386,0.466,0.009,0.22,0.617,0.398,0.081,0.299,0.013,0.133,0.391,0.388,0.415,0.173
0.693,0.54,0.724,0.371,0.314,0.053,0.688,0.818,0.386,0.353,0.684,0.847,0.266,0.717,0.161,0.764,0.065,0.411,0.213,0.219,0.087,0.293,0.192,0.204,0.179,0.229,0.544,0.454
0.778,0.749,0.823,0.584,0.633,0.444,0.709,0.715,0.826,0.134,0.818,0.804,0.333,0.708,0.299,0.151,0.302,0.525,0.266,0.201,0.367,0.121,0.066,0.199,0.05,0.36,0.756,0.683
0.985,0.315,0.469,0.531,0.705,0.139,0.619,0.664,0.955,0.189,0.705,0.831,0.202,0.61,0.199,0.722,0.274,0.798,0.147,0.354,0.036,0.115,0.005,0.113,0.218,0.347,0.453,0.337
0.463,0.53,0.336,0.464,0.349,0.44,0.251,0.62,0.546,0.167,0.896,0.651,0.394,0.076,0.01,0.524,0.198,0.367,0.839,0.31,0.007,0.358,0.175,0.031,0.296,0.328,0.349,0.252
0.622,0.611,0.146,0.183,0.445,0.06,0.166,0.58,0.302,0.258,0.661,0.768,0.127,0.478,0.19,0.6,0.12,0.673,0.804,0.106,0.036,0.154,0.2,0.127,0.386,0.027,0.363,0.123
0.965,0.255,0.369,0.391,0.373,0.059,0.277,0.603,0.644,0.165,0.575,0.832,0.28,0.5,0.343,0.169,0.306,0.763,0.168,0.376,0.172,0.204,0.117,0.009,0.297,0.086,0.577,0.179
0.547,0.354,0.431,0.485,0.347,0.149,0.3,0.508,0.617,0.076,0.857,0.67,0.313,0.46,0.024,0.679,0.038,0.273,0.731,0.233,0.18,0.185,0.359,0.171,0.111,0.071,0.754,0.695
0.66,0.279,0.832,0.418,0.824,0.245,0.772,0.941,0.992,0.37,0.672,0.795,0.365,0.246,0.382,0.265,0.241,0.322,0.454,0.386,0.213,0.128,0.3,0.232,0.057,0.277,0.632,0.746
0.47,0.864,0.797,0.325,0.716,0.324,0.773,0.87,0.287,0.072,0.661,0.85,0.147,0.686,0.17,0.316,0.236,0.917,0.8,0.059,0.354,0.163,0.107,0.383,0.1,0.073,0.507,0.699
0.803,0.186,0.875,0.245,0.507,0.072,0.191,0.812,0.393,0.35,0.88,0.95,0.4,0.733,0.197,0.546,0.295,0.511,0.815,0.418,0.056,0.137,0.123,0.337,0.021,0.268,0.847,0.339
0.887,0.344,0.789,0.567,0.404,0.356,0.585,0.588,0.896,0.069,0.675,0.634,0.333,0.78,0.232,0.133,0.3,0.755,0.37,0.321,0.373,0.025,0.253,0.169,0.114,0.248,0.739,0.313
0.501,0.255,0.585,0.043,0.787,0.34,0.819,0.463,0.93,0.297,0.851,0.802,0.165,0.505,0.388,0.615,0.373,0.39,0.119,0.418,0.26,0.147,0.029,0.045,0.252,0.389,0.858,0.377
0.559,0.202,0.28,0.551,0.191,0.413,0.782,0.719,0.918,0.22,0.646,0.724,0.399,0.329,0.342,0.318,0.089,0.728,0.563,0.22,0.087,0.137,0.009,0.092,0.297,0.297,0.496,0.127
0.766,0.165,0.506,0.547,0.26,0.19,0.762,0.881,0.341,0.336,0.686,0.967,0.145,0.464,0.368,0.411,0.331,0.308,0.283,0.151,0.25,0.017,0.105,0.33,0.318,0.334,0.434,0.599
0.95,0.63,0.343,0.302,0.823,0.172,0.768,0.98,0.962,0.104,0.878,0.643,0.155,0.518,0.344,0.834,0.149,0.551,0.899,0.007,0.147,0.044,0.202,0.152,0.03,0.167,0.435,0.008
0.542,0.136,0.404,0.252,0.784,0.474,0.676,0.839,0.818,0.034,0.806,0.752,0.194,0.579,0.232,0.31,0.065,0.22,0.326,0.387,0.071,0.168,0.139,0.364,0.251,0.023,0.891,0.103
0.38,0.724,0.28,0.367,0.756,0.087,0.564,0.748,0.504,0.338,0.872,0.727,0.048,0.249,0.169,0.247,0.019,0.462,0.366,0.255,0.049,0.36,0.103,0.333,0.152,0.026,0.908,0.397
0.978,0.863,0.682,0.218,0.543,0.307,0.523,0.506,0.933,0.001,0.742,0.632,0.18,0.639,0.39,0.348,0.384,0.805,0.417,0.135,0.187,0.098,0.237,0.345,0.316,0.327,0.785,0.441
0.927,0.399,0.686,0.1,0.653,0.065,0.289,0.49,0.962,0.047,0.789,0.783,0.009,0.685,0.369,0.535,0.194,0.659,0.568,0.046,0.176,0.334,0.172,0.135,0.118,0.347,0.835,0.644
0.793,0.277,0.287,0.309,0.814,0.365,0.423,0.497,0.944,0.18,0.648,0.783,0.344,0.11,0.252,0.478,0.242,0.588,0.889,0.266,0.221,0.253,0.39,0.27,0.388,0.249,0.982,0.005
0.919,0.854,0.784,0.525,0.433,0.227,0.678,0.924,0.301,0.041,0.769,0.946,0.029,0.411,0.131,0.405,0.206,0.389,0.357,0.069,0.048,0.046,0.282,0.175,0.205,0.252,0.719,0.35
0.661,0.246,0.381,0.37,0.468,0.211,0.878,0.602,0.935,0.249,0.647,0.895,0.305,0.778,0.205,0.37,0.21,0.993,0.486,0.331,0.009,0.041,0.276,0.182,0.01,0.096,0.794,0.162
0.67,0.63,0.845,0.556,0.404,0.412,0.136,0.644,0.482,0.047,0.962,0.593,0.077,0.643,0.391,0.706,0.196,0.543,0.73,0.12,0.375,0.199,0.032,0.281,0.23,0.257,0.62,0.015
0.96,0.366,0.12,0.435,0.751,0.196,0.276,0.638,0.476,0.233,0.731,0.933,0.298,0.479,0.046,0.858,0.32,0.91,0.869,0.404,0.048,0.172,0.103,0.021,0.001,0.143,0.897,0.635
0.816,0.482,0.221,0.206,0.367,0.342,0.473,0.516,0.856,0.166,0.808,0.8,0.155,0.002,0.057,0.716,0.369,0.507,0.186,0.307,0.099,0.294,0.027,0.201,0.006,0.104,0.907,0.085
0.536,0.237,0.291,0.335,0.141,0.384,0.755,0.601,0.962,0.121,0.76,0.731,0.134,0.525,0.175,0.237,0.077,0.926,0.377,0.085,0.32,0.198,0.146,0.278,0.148,0.095,0.331,0.416
0.543,0.83,0.168,0.185,0.156,0.258,0.651,0.845,0.96,0.169,0.786,0.627,0.317,0.576,0.337,0.886,0.331,0.88,0.303,0.453,0.34,0.126,0.356,0.293,0.395,0.323,0.948,0.717
0.612,0.153,0.419,0.4,0.691,0.221,0.27,0.843,0.761,0.107,0.645,0.603,0.161,0.587,0.334,0.748,0.145,0.589,0.409,0.158,0.293,0.254,0.073,0.132,0.254,0.329,0.495,0.626
0.861,0.418,0.247,0.344,0.409,0.042,0.17,0.82,0.569,0.284,0.851,0.81,0.254,0.335,0.155,0.335,0.322,0.384,0.593,0.418,0.33,0.334,0.185,0.051,0.216,0.201,0.831,0.384
0.759,0.806,0.521,0.393,0.122,0.228,0.564,0.8,0.735,0.269,0.67,0.862,0.097,0.614,0.373,0.802,0.149,0.269,0.719,0.445,0.158,0.222,0.35,0.201,0.133,0.225,0.577,0.731
0.957,0.713,0.44,0.255,0.136,0.322,0.697,0.509,0.552,0.093,0.862,0.968,0.187,0.334,0.156,0.324,0.273,0.346,0.529,0.18,0.382,0.131,0.134,0.315,0.009,0.045,0.66,0.432
0.844,0.472,0.56,0.338,0.314,0.441,0.732,0.907,0.796,0.2,0.692,0.925,0.346,0.436,0.202,0.404,0.053,0.654,0.854,0.131,0.362,0.363,0.189,0.173,0.001,0.143,0.936,0.191
0.481,0.135,0.269,0.133,0.744,0.037,0.482,0.833,0.729,0.322,0.758,0.988,0.221,0.638,0.108,0.821,0.298,0.88,0.129,0.433,0.039,0.321,0.185,0.011,0.384,0.183,0.919,0.308
0.694,0.482,0.289,0.082,0.884,0.457,0.573,0.455,0.883,0.277,0.838,0.892,0.32,0.703,0.233,0.723,0.209,0.893,0.271,0.066,0.111,0.052,0.248,0.163,0.27,0.311,0.841,0.798
0.72,0.879,0.316,0.581,0.366,0.454,0.463,0.779,0.614,0.297,0.645,0.941,0.371,0.333,0.279,0.59,0.213,0.277,0.312,0.291,0.224,0.001,0.142,0.351,0.103,0.175,0.689,0.509
0.816,0.496,0.596,0.49,0.508,0.069,0.659,0.876,0.755,0.325,0.875,0.773,0.114,0.051,0.001,0.689,0.244,0.896,0.179,0.097,0.231,0.177,0.167,0.065,0.23,0.297,0.313,0.349
0.463,0.24,0.199,0.081,0.342,0.382,0.302,0.854,0.457,0.262,0.65,0.719,0.035,0.582,0.254,0.6,0.066,0.62,0.429,0.108,0.258,0.282,0.095,0.318,0.194,0.349,0.766,0.791
0.501,0.568,0.463,0.475,0.602,0.238,0.266,0.707,0.426,0.245,0.877,0.891,0.278,0.644,0.24,0.464,0.116,0.471,0.765,0.007,0.163,0.043,0.17,0.262,0.092,0.394,0.639,0.532
0.855,0.735,0.446,0.582,0.79,0.147,0.822,0.964,0.29,0.105,0.694,0.736,0.373,0.681,0.163,0.366,0.144,0.759,0.761,0.186,0.129,0.259,0.049,0.185,0.374,0.269,0.783,0.572
0.58,0.662,0.409,0.487,0.777,0.283,0.255,0.896,0.683,0.119,0.615,0.991,0.142,0.772,0.015,0.439,0.04,0.426,0.233,0.279,0.236,0.303,0.24,0.189,0.38,0.386,0.7,0.095
0.831,0.31,0.729,0.209,0.566,0.238,0.869,0.838,0.303,0.179,0.908,0.906,0.023,0.348,0.093,0.708,0.132,0.408,0.144,0.169,0.383,0.171,0.152,0.337,0.346,0.143,0.407,0.545
0.668,0.241,0.311,0.464,0.889,0.072,0.42,0.569,0.556,0.255,0.578,0.723,0.025,0.472,0.198,0.872,0.254,0.632,0.766,0.339,0.127,0.272,0.266,0.178,0.274,0.359,0.374,0.693
0.44,0.287,0.172,0.386,0.388,0.067,0.161,0.83,0.988,0.025,0.694,0.688,0.113,0.431,0.073,0.101,0.393,0.543,0.563,0.448,0.22,0.155,0.093,0.14,0.12,0.178,0.712,0.702
0.608,0.705,0.316,0.476,0.566,0.226,0.727,0.619,0.413,0.071,0.669,0.696,0.197,0.546,0.014,0.754,0.306,0.575,0.72,0.336,0.393,0.191,0.019,0.289,0.386,0.336,0.781,0.239
0.411,0.498,0.41,0.164,0.15,0.46,0.265,0.645,0.785,0.323,0.84,0.613,0.361,0.358,0.251,0.282,0.197,0.251,0.126,0.364,0.031,0.334,0.104,0.388,0.043,0.123,0.499,0.56
0.501,0.717,0.662,0.56,0.468,0.265,0.765,0.833,0.634,0.372,0.771,0.732,0.37,0.338,0.371,0.877,0.011,0.863,0.663,0.134,0.173,0.029,0.348,0.105,0.366,0.319,0.508,0.255
0.587,0.579,0.128,0.166,0.838,0.163,0.276,0.515,0.81,0.381,0.808,0.782,0.354,0.65,0.276,0.136,0.207,0.404,0.44,0.229,0.151,0.306,0.163,0.102,0.392,0.091,0.368,0.33
0.517,0.52,0.682,0.211,0.358,0.316,0.64,0.575,0.733,0.147,0.676,0.954,0.39,0.242,0.126,0.186,0.097,0.822,0.907,0.303,0.116,0.22,0.131,0.328,0.21,0.044,0.757,0.317
0.417,0.532,0.483,0.414,0.356,0.476,0.344,0.712,0.582,0.329,0.798,0.76,0.085,0.278,0.013,0.389,0.045,0.291,0.451,0.134,0.004,0.165,0.246,0.299,0.359,0.177,0.86,0.535
0.714,0.28,0.721,0.515,0.222,0.342,0.47,0.609,0.927,0.082,0.625,0.737,0.251,0.28,0.272,0.11,0.164,0.64,0.519,0.064,0.295,0.248,0.358,0.287,0.178,0.293,0.737,0.795
0.506,0.264,0.876,0.028,0.841,0.078,0.13,0.582,0.972,0.221,0.739,0.974,0.215,0.342,0.173,0.562,0.275,0.79,0.596,0.337,0.023,0.38,0.176,0.388,0.296,0.047,0.869,0.64
0.673,0.393,0.22,0.037,0.274,0.414,0.596,0.568,0.95,0.097,0.827,0.842,0.3,0.343,0.076,0.633,0.264,0.844,0.637,0.283,0.363,0.191,0.339,0.167,0.004,0.389,0.427,0.101
0.549,0.165,0.727,0.025,0.497,0.432,0.667,0.633,0.917,0.14,0.894,0.587,0.16,0.793,0.055,0.77,0.006,0.593,0.323,0.341,0.391,0.026,0.317,0.244,0.088,0.185,0.334,0.746
0.555,0.362,0.279,0.073,0.3,0.419,0.478,0.634,0.362,0.174,0.868,0.902,0.126,0.542,0.253,0.509,0.038,0.841,0.821,0.353,0.326,0.064,0.024,0.268,0.363,0.393,0.726,0.729
0.864,0.644,0.753,0.467,0.883,0.053,0.264,0.982,0.921,0.185,0.747,0.924,0.135,0.647,0.007,0.185,0.069,0.962,0.52,0.439,0.222,0.327,0.342,0.022,0.109,0.247,0.634,0.362
0.88,0.746,0.766,0.247,0.172,0.182,0.505,0.818,0.457,0.317,0.902,0.822,0.219,0.413,0.317,0.584,0.036,0.836,0.602,0.243,0.33,0.246,0.044,0.017,0.055,0.39,0.911,0.531
0.915,0.248,0.596,0.546,0.365,0.24,0.786,0.85,0.47,0.002,0.656,0.602,0.383,0.672,0.332,0.708,0.199,0.681,0.155,0.185,0.246,0.352,0.154,0.05,0.067,0.291,0.701,0.149
0.886,0.677,0.814,0.351,0.209,0.123,0.82,0.621,0.397,0.221,0.972,0.929,0.288,0.505,0.056,0.183,0.217,0.531,0.736,0.314,0.382,0.396,0.233,0.267,0.021,0.228,0.697,0.386
0.576,0.589,0.757,0.229,0.762,0.081,0.653,0.77,0.524,0.147,0.809,0.804,0.243,0.792,0.312,0.718,0.216,0.834,0.778,0.084,0.392,0.219,0.128,0.334,0.354,0.027,0.291,0.082
0.514,0.235,0.541,0.349,0.339,0.354,0.597,0.685,0.323,0.353,0.578,0.898,0.08,0.226,0.242,0.659,0.149,0.647,0.477,0.214,0.003,0.265,0.384,0.379,0.03,0.387,0.494,0.64
0.826,0.72,0.641,0.133,0.234,0.208,0.354,0.509,0.819,0.112,0.575,0.772,0.018,0.012,0.109,0.701,0.257,0.529,0.485,0.111,0.348,0.381,0.216,0.167,0.068,0.001,0.757,0.425
0.821,0.819,0.711,0.569,0.166,0.248,0.792,0.581,0.902,0.369,0.719,0.772,0.212,0.045,0.068,0.291,0.219,0.646,0.597,0.427,0.292,0.28,0.057,0.319,0.18,0.237,0.516,0.468
0.443,0.319,0.807,0.183,0.839,0.395,0.675,0.585,0.464,0.004,0.93,0.715,0.342,0.017,0.314,0.422,0.37,0.662,0.745,0.073,0.247,0.322,0.217,0.052,0.085,0.132,0.483,0.357
0.63,0.846,0.667,0.474,0.588,0.236,0.586,0.511,0.877,0.034,0.959,0.605,0.022,0.246,0.082,0.352,0.384,0.676,0.759,0.18,0.003,0.062,0.276,0.088,0.373,0.154,0.343,0.415
0.4,0.825,0.42,0.245,0.555,0.413,0.886,0.81,0.4,0.157,0.662,0.763,0.084,0.245,0.101,0.262,0.029,0.95,0.513,0.007,0.327,0.265,0.043,0.019,0.087,0.136,0.306,0.457
0.519,0.151,0.287,0.139,0.326,0.329,0.69,0.468,0.483,0.049,0.68,0.988,0.033,0.44,0.163,0.11,0.054,0.638,0.346,0.004,0.246,0.216,0.19,0.353,0.203,0.313,0.954,0.665
0.778,0.526,0.266,0.101,0.711,0.332,0.451,0.948,0.933,0.291,0.891,0.695,0.166,0.731,0.122,0.65,0.203,0.663,0.17,0.083,0.07,0.148,0.136,0.366,0.045,0.305,0.475,0.734
0.979,0.493,0.192,0.58,0.618,0.39,0.846,0.685,0.533,0.1,0.689,0.904,0.102,0.264,0.143,0.788,0.348,0.674,0.573,0.182,0.317,0.201,0.053,0.055,0.389,0.185,0.735,0.263
0.52,0.702,0.753,0.38,0.117,0.293,0.395,0.72,0.34,0.02,0.608,0.673,0.04,0.154,0.223,0.276,0.083,0.801,0.735,0.277,0.302,0.348,0.051,0.311,0.208,0.245,0.644,0.102
0.512,0.764,0.764,0.081,0.498,0.441,0.628,0.47,0.408,0.214,0.722,0.683,0.06,0.282,0.148,0.633,0.096,0.215,0.367,0.057,0.177,0.205,0.033,0.071,0.062,0.272,0.7,0.356
0.61,0.44,0.674,0.151,0.164,0.398,0.685,0.89,0.802,0.253,0.968,0.929,0.371,0.659,0.131,0.667,0.088,0.263,0.365,0.224,0.31,0.222,0.145,0.006,0.113,0.256,0.558,0.613
0.479,0.465,0.247,0.561,0.69,0.351,0.397,0.961,0.614,0.257,0.569,0.786,0.322,0.396,0.142,0.657,0.326,0.858,0.248,0.171,0.082,0.34,0.058,0.027,0.25,0.091,0.29,0.563
0.974,0.291,0.283,0.271,0.427,0.14,0.4,0.65,0.327,0.139,0.989,0.807,0.148,0.556,0.328,0.099,0.363,0.626,0.586,0.207,0.045,0.371,0.084,0.249,0.177,0.367,0.527,0.57
0.557,0.732,0.598,0.472,0.2,0.248,0.301,0.622,0.468,0.311,0.888,0.813,0.198,0.653,0.125,0.137,0.116,0.349,0.229,0.278,0.301,0.229,0.262,0.204,0.346,0.186,0.81,0.371
0.695,0.689,0.12,0.02,0.822,0.227,0.296,0.806,0.972,0.029,0.692,0.768,0.289,0.346,0.004,0.493,0.255,0.356,0.25,0.291,0.019,0.37,0.345,0.041,0.275,0.152,0.287,0.06
0.683,0.827,0.433,0.091,0.8,0.032,0.662,0.858,0.811,0.143,0.704,0.578,0.267,0.385,0.187,0.268,0.068,0.988,0.612,0.39,0.377,0.176,0.188,0.13,0.136,0.305,0.31,0.048
0.564,0.471,0.562,0.2,0.33,0.275,0.527,0.828,0.792,0.026,0.781,0.938,0.083,0.094,0.056,0.738,0.387,0.705,0.574,0.025,0.272,0.004,0.113,0.267,0.023,0.004,0.941,0.597
0.623,0.128,0.357,0.347,0.703,0.25,0.278,0.886,0.611,0.06,0.657,0.811,0.207,0.085,0.323,0.646,0.112,0.45,0.533,0.166,0.045,0.224,0.226,0.166,0.207,0.259,0.899,0.268
0.868,0.394,0.695,0.395,0.513,0.377,0.435,0.926,0.844,0.14,0.722,0.747,0.141,0.263,0.126,0.552,0.289,0.559,0.366,0.336,0.168,0.24,0.249,0.141,0.318,0.029,0.574,0.779
0.607,0.757,0.824,0.11,0.389,0.329,0.73,0.85,0.953,0.246,0.742,0.934,0.091,0.332,0.251,0.174,0.096,0.578,0.463,0.06,0.162,0.327,0.329,0.086,0.074,0.281,0.834,0.456
0.642,0.562,0.432,0.216,0.451,0.361,0.596,0.945,0.756,0.044,0.579,0.705,0.2,0.732,0.287,0.11,0.159,0.915,0.771,0.185,0.22,0.112,0.388,0.129,0.234,0.14,0.509,0.381
0.877,0.201,0.209,0.339,0.654,0.111,0.872,0.903,0.449,0.084,0.926,0.965,0.139,0.011,0.325,0.092,0.114,0.554,0.257,0.425,0.067,0.197,0.163,0.389,0.028,0.169,0.89,0.74
0.696,0.789,0.426,0.214,0.767,0.438,0.888,0.742,0.885,0.169,0.653,0.802,0.108,0.32,0.238,0.67,0.343,0.579,0.682,0.185,0.201,0.11,0.228,0.036,0.252,0.015,0.746,0.205
0.742,0.862,0.339,0.022,0.343,0.086,0.888,0.895,0.298,0.276,0.919,0.643,0.172,0.575,0.233,0.644,0.377,0.802,0.857,0.125,0.216,0.105,0.232,0.296,0.185,0.134,0.906,0.542
0.851,0.803,0.823,0.353,0.85,0.443,0.41,0.545,0.942,0.206,0.655,0.751,0.239,0.156,0.384,0.398,0.217,0.879,0.392,0.316,0.308,0.355,0.195,0.343,0.106,0.004,0.35,0.404
0.866,0.791,0.426,0.202,0.433,0.008,0.829,0.493,0.416,0.201,0.878,0.873,0.207,0.313,0.379,0.613,0.153,0.673,0.402,0.105,0.037,0.284,0.243,0.34,0.364,0.309,0.688,0.509
0.397,0.485,0.858,0.499,0.279,0.225,0.859,0.569,0.538,0.102,0.784,0.844,0.086,0.298,0.207,0.609,0.295,0.657,0.388,0.052,0.058,0.143,0.044,0.228,0.181,0.299,0.453,0.53
0.616,0.368,0.662,0.409,0.784,0.011,0.512,0.747,0.95,0.293,0.803,0.587,0.171,0.436,0.167,0.244,0.194,0.44,0.592,0.226,0.295,0.212,0.038,0.197,0.053,0.395,0.542,0.626
0.401,0.524,0.17,0.457,0.404,0.476,0.541,0.708,0.783,0.194,0.73,0.622,0.234,0.024,0.166,0.117,0.186,0.763,0.162,0.361,0.031,0.105,0.057,0.313,0.314,0.12,0.496,0.149
0.729,0.62,0.746,0.479,0.5,0.475,0.653,0.764,0.839,0.314,0.737,0.743,0.352,0.171,0.119,0.204,0.271,0.81,0.56,0.353,0.341,0.28,0.002,0.244,0.229,0.068,0.871,0.568
0.638,0.176,0.225,0.497,0.271,0.294,0.78,0.484,0.462,0.207,0.872,0.844,0.358,0.085,0.031,0.444,0.359,0.969,0.623,0.128,0.057,0.087,0.367,0.386,0.381,0.056,0.437,0.089
0.637,0.147,0.182,0.444,0.266,0.091,0.752,0.911,0.934,0.095,0.987,0.949,0.009,0.344,0.152,0.628,0.092,0.537,0.716,0.096,0.102,0.384,0.289,0.298,0.076,0.207,0.96,0.483
0.977,0.628,0.281,0.59,0.787,0.178,0.509,0.64,0.593,0.31,0.959,0.75,0.018,0.331,0.197,0.736,0.136,0.833,0.147,0.361,0.14,0.067,0.098,0.115,0.174,0.064,0.869,0.179
0.664,0.21,0.702,0.409,0.165,0.37,0.665,0.8,0.409,0.353,0.797,0.861,0.31,0.096,0.232,0.627,0.061,0.486,0.612,0.352,0.258,0.333,0.014,0.037,0.294,0.384,0.403,0.788
0.726,0.789,0.499,0.24,0.208,0.311,0.148,0.937,0.42,0.275,0.986,0.897,0.1,0.457,0.334,0.332,0.044,0.807,0.177,0.291,0.189,0.038,0.159,0.039,0.219,0.226,0.678,0.284
0.779,0.849,0.885,0.122,0.437,0.295,0.31,0.926,0.576,0.107,0.711,0.905,0.03,0.091,0.324,0.873,0.197,0.985,0.768,0.394,0.235,0.385,0.25,0.109,0.16,0.317,0.979,0.225
0.623,0.822,0.285,0.113,0.866,0.416,0.295,0.758,0.954,0.02,0.588,0.76,0.148,0.779,0.085,0.864,0.223,0.648,0.515,0.025,0.385,0.182,0.361,0.187,0.097,0.177,0.724,0.131
0.496,0.731,0.59,0.167,0.73,0.163,0.72,0.918,0.798,0.082,0.573,0.896,0.367,0.328,0.045,0.412,0.159,0.505,0.601,0.09,0.25,0.049,0.156,0.354,0.274,0.004,0.311,0.391
0.513,0.645,0.474,0.294,0.824,0.017,0.483,0.568,0.521,0.152,0.789,0.886,0.116,0.226,0.096,0.226,0.111,0.581,0.12,0.37,0.057,0.13,0.206,0.001,0.004,0.116,0.444,0.06
0.729,0.6,0.113,0.086,0.131,0.036,0.351,0.871,0.667,0.217,0.906,0.979,0.1,0.346,0.226,0.642,0.194,0.571,0.763,0.098,0.163,0.271,0.041,0.113,0.048,0.342,0.749,0.014
0.647,0.621,0.29,0.276,0.645,0.353,0.355,0.646,0.365,0.022,0.946,0.952,0.346,0.166,0.371,0.308,0.327,0.238,0.444,0.22,0.189,0.223,0.071,0.372,0.241,0.253,0.283,0.333
0.387,0.675,0.796,0.52,0.805,0.078,0.371,0.881,0.845,0.186,0.811,0.846,0.028,0.543,0.323,0.517,0.246,0.272,0.402,0.352,0.017,0.056,0.106,0.187,0.36,0.046,0.939,0.171
0.835,0.2,0.776,0.529,0.326,0.474,0.235,0.802,0.878,0.014,0.924,0.95,0.299,0.013,0.331,0.139,0.381,0.28,0.603,0.266,0.227,0.012,0.291,0.246,0.17,0.343,0.893,0.009
0.396,0.606,0.43,0.331,0.881,0.293,0.741,0.61,0.681,0.112,0.702,0.849,0.232,0.143,0.259,0.625,0.095,0.905,0.119,0.41,0.126,0.123,0.105,0.167,0.343,0.308,0.803,0.237
0.521,0.339,0.722,0.343,0.427,0.316,0.561,0.944,0.484,0.295,0.827,0.577,0.206,0.634,0.395,0.559,0.126,0.236,0.579,0.041,0.298,0.205,0.282,0.041,0.099,0.248,0.519,0.541
0.768,0.817,0.34,0.126,0.418,0.376,0.409,0.709,0.589,0.085,0.624,0.669,0.279,0.63,0.017,0.442,0.112,0.834,0.214,0.316,0.072,0.057,0.392,0.236,0.075,0.233,0.713,0.721
0.88,0.805,0.749,0.033,0.377,0.058,0.862,0.616,0.956,0.026,0.743,0.693,0.106,0.228,0.062,0.728,0.232,0.656,0.192,0.352,0.374,0.088,0.344,0.15,0.072,0.095,0.325,0.192
0.684,0.82,0.7,0.556,0.667,0.027,0.845,0.864,0.76,0.063,0.925,0.637,0.063,0.012,0.318,0.885,0.306,0.484,0.685,0.263,0.254,0.18,0.061,0.14,0.209,0.249,0.444,0.291
0.83,0.536,0.892,0.3,0.262,0.432,0.164,0.733,0.857,0.04,0.748,0.761,0.153,0.186,0.237,0.887,0.264,0.572,0.629,0.197,0.339,0.154,0.12,0.139,0.047,0.31,0.45,0.681
0.914,0.797,0.831,0.195,0.651,0.25,0.102,0.554,0.47,0.23,0.814,0.941,0.135,0.594,0.184,0.173,0.26,0.714,0.64,0.036,0.149,0.204,0.116,0.321,0.053,0.372,0.984,0.201
0.58,0.379,0.682,0.401,0.303,0.051,0.224,0.934,0.718,0.056,0.698,0.814,0.102,0.64,0.296,0.826,0.05,0.952,0.13,0.348,0.169,0.253,0.294,0.005,0.139,0.334,0.98,0.112
0.782,0.719,0.669,0.403,0.22,0.208,0.128,0.932,0.571,0.267,0.802,0.762,0.028,0.124,0.185,0.315,0.382,0.726,0.293,0.285,0.364,0.288,0.229,0.119,0.053,0.171,0.771,0.541
0.996,0.413,0.618,0.079,0.338,0.389,0.139,0.72,0.429,0.116,0.866,0.848,0.07,0.401,0.102,0.137,0.316,0.785,0.297,0.436,0.007,0.234,0.023,0.151,0.322,0.347,0.969,0.584
0.926,0.625,0.807,0.505,0.162,0.169,0.275,0.949,0.384,0.193,0.783,0.824,0.356,0.279,0.379,0.159,0.064,0.576,0.475,0.45,0.367,0.199,0.391,0.218,0.064,0.131,0.817,0.501
0.539,0.802,0.848,0.192,0.563,0.084,0.517,0.69,0.467,0.215,0.594,0.943,0.387,0.122,0.055,0.389,0.054,0.481,0.26,0.193,0.035,0.133,0.273,0.102,0.273,0.228,0.366,0.368
0.926,0.701,0.529,0.405,0.381,0.405,0.359,0.602,0.904,0.003,0.604,0.994,0.292,0.29,0.012,0.406,0.108,0.254,0.448,0.285,0.043,0.195,0.376,0.062,0.264,0.154,0.574,0.207
0.777,0.375,0.387,0.438,0.383,0.312,0.433,0.862,0.756,0.195,0.988,0.997,0.158,0.123,0.152,0.315,0.07,0.761,0.525,0.384,0.205,0.047,0.358,0.1,0.115,0.173,0.732,0.674
0.43,0.109,0.163,0.591,0.509,0.314,0.707,0.981,0.379,0.113,0.954,0.622,0.337,0.257,0.316,0.807,0.361,0.749,0.29,0.132,0.1,0.062,0.05,0.154,0.213,0.299,0.539,0.625
0.494,0.787,0.597,0.529,0.51,0.28,0.176,0.769,0.937,0.189,0.87,0.743,0.034,0.473,0.025,0.67,0.281,0.308,0.36,0.336,0.287,0.012,0.171,0.053,0.053,0.321,0.984,0.182
0.404,0.515,0.284,0.247,0.81,0.478,0.561,0.948,0.56,0.118,0.666,0.663,0.099,0.467,0.338,0.543,0.365,0.444,0.701,0.017,0.301,0.077,0.176,0.238,0.207,0.276,0.495,0.29
0.4,0.723,0.445,0.38,0.446,0.173,0.7,0.952,0.402,0.24,0.744,0.83,0.358,0.437,0.061,0.475,0.331,0.394,0.398,0.015,0.13,0.09,0.051,0.31,0.25,0.338,0.943,0.656
0.734,0.786,0.492,0.037,0.385,0.026,0.166,0.617,0.592,0.135,0.698,0.642,0.072,0.028,0.126,0.427,0.389,0.439,0.536,0.278,0.002,0.392,0.169,0.041,0.295,0.39,0.346,0.09
0.994,0.413,0.558,0.226,0.372,0.399,0.401,0.605,0.674,0.297,0.851,0.91,0.152,0.751,0.043,0.834,0.359,0.994,0.897,0.152,0.235,0.23,0.202,0.169,0.292,0.269,0.494,0.03
0.758,0.45,0.154,0.002,0.422,0.127,0.446,0.719,0.625,0.157,0.855,0.747,0.326,0.447,0.325,0.695,0.088,0.427,0.767,0.353,0.017,0.302,0.212,0.051,0.357,0.168,0.339,0.162
0.442,0.581,0.412,0.313,0.399,0.127,0.641,0.562,0.991,0.322,0.768,0.859,0.16,0.602,0.367,0.858,0.143,0.903,0.224,0.021,0.322,0.264,0.037,0.219,0.039,0.157,0.678,0.717
0.475,0.784,0.684,0.214,0.715,0.234,0.675,0.872,0.798,0.363,0.975,0.61,0.007,0.695,0.275,0.388,0.207,0.867,0.662,0.05,0.395,0.378,0.318,0.055,0.117,0.387,0.965,0.368
0.856,0.276,0.539,0.571,0.492,0.129,0.843,0.948,0.606,0.204,0.729,0.736,0.105,0.111,0.329,0.587,0.187,0.541,0.506,0.143,0.014,0.023,0.162,0.372,0.295,0.258,0.457,0.391
0.792,0.146,0.214,0.075,0.716,0.121,0.803,0.88,0.394,0.1,0.601,0.772,0.029,0.669,0.186,0.66,0.107,0.941,0.197,0.215,0.362,0.352,0.347,0.235,0.111,0.381,0.791,0.115
0.704,0.774,0.734,0.53,0.433,0.374,0.641,0.793,0.751,0.268,0.878,0.776,0.385,0.215,0.26,0.624,0.106,0.664,0.521,0.288,0.239,0.113,0.337,0.102,0.103,0.262,0.512,0.405
0.817,0.436,0.796,0.304,0.444,0.088,0.36,0.469,0.956,0.348,0.882,0.951,0.366,0.068,0.208,0.105,0.032,0.296,0.551,0.324,0.235,0.288,0.305,0.209,0.321,0.193,0.789,0.271
0.431,0.328,0.408,0.065,0.867,0.205,0.557,0.655,0.593,0.328,0.743,0.792,0.21,0.576,0.297,0.481,0.008,0.697,0.556,0.033,0.169,0.258,0.17,0.055,0.207,0.353,0.38,0.126
0.425,0.248,0.17,0.085,0.45,0.042,0.137,0.468,0.683,0.207,0.798,0.614,0.17,0.495,0.165,0.286,0.306,0.906,0.484,0.13,0.235,0.151,0.301,0.284,0.015,0.006,0.283,0.423
0.572,0.651,0.267,0.296,0.439,0.254,0.747,0.586,0.978,0.073,0.632,0.957,0.087,0.661,0.24,0.252,0.04,0.943,0.769,0.317,0.391,0.389,0.324,0.316,0.293,0.16,0.64,0.327
0.675,0.519,0.137,0.373,0.461,0.096,0.452,0.482,0.338,0.059,0.9,0.715,0.378,0.501,0.209,0.251,0.337,0.756,0.581,0.114,0.228,0.194,0.137,0.227,0.307,0.331,0.433,0.465
