pairing_num,FDR_distance
324,12.113481558869449
319,7.421899948308418
80,6.2296208621534
327,5.164995171356874
201,4.640131931180807
301,4.4579125371570045
136,4.445049025711605
204,3.545660588649873
71,3.2895776246823374
227,3.2258226894008093
107,3.191923475370268
138,3.0770451904714475
177,2.957640699299231
396,2.8256555368840006
218,2.682752526973564
292,2.6497611740541815
268,2.5591506689708736
347,2.5579697374525927
280,2.553964947303245
21,2.5219296897325694
82,2.460571784924499
262,2.399066943079705
274,2.103646861940235
208,2.080455396989331
43,1.961029816543068
61,1.9557286651955241
232,1.95026043193438
103,1.9268129963431258
175,1.8931163735890357
336,1.8334494720437915
163,1.8301687776377669
1,1.734208977773521
106,1.720843023423741
39,1.7205156938346877
174,1.7183212665074468
115,1.6898537889659322
119,1.6582870851070075
18,1.5622282067719462
155,1.5383674928648885
369,1.5004264810631627
312,1.4933097213087667
147,1.4822718122940617
333,1.4572342274737593
388,1.357463446507192
249,1.3290029221378608
272,1.3246619209440536
65,1.2913373862935458
308,1.2889696478454309
216,1.2835004027548536
302,1.2723211458191526
393,1.2474324668739742
309,1.21863302373425
395,1.1828275994561612
310,1.181607336703716
122,1.1357727912173206
133,1.1109381705486643
357,1.1103969146962627
367,1.0958238988756182
165,0.9317391052654679
57,0.9090181106578306
358,0.870530912644226
105,0.8694127530797943
135,0.8620743568203161
246,0.8493759277018142
86,0.8420572537749418
100,0.8334141265970099
390,0.8330323611553343
26,0.8295668440893821
108,0.8232862893861571
60,0.819615478048366
88,0.8168881458930799
112,0.7931710831348194
84,0.7912370394540794
343,0.7832253546457639
222,0.7705650874304981
125,0.7579696361247055
152,0.7537999798907923
127,0.7528297666973995
219,0.7513986026236122
375,0.7457682103628859
229,0.7381082772073403
15,0.7307007029991421
377,0.7194261066172717
31,0.7182901427788828
303,0.6983195769472004
353,0.69827877076954
225,0.69674778050715
283,0.6855890632137552
332,0.6712283333719352
281,0.6609385511529295
323,0.6596686857066724
361,0.6591493472778372
203,0.6518114035604093
41,0.6502043776678892
197,0.647773282849058
25,0.6419259513418726
140,0.6319468607666786
356,0.6293126082472912
24,0.6165703874225811
230,0.6149280185574199
75,0.6132153745661079
79,0.5970458915904929
193,0.59602380014649
392,0.5739987692176178
370,0.5612961065673149
376,0.5562907504737625
359,0.5562327487540415
72,0.5484608154907988
44,0.5461829919629592
7,0.5300347759636577
296,0.5053847693826823
338,0.49639164531133734
265,0.488188771334673
294,0.4876123852253858
253,0.4846909881553842
243,0.48443391307751454
176,0.480631880929273
29,0.47621025752352575
266,0.4652595069643915
235,0.4652054260665734
97,0.459031178494063
164,0.44916976181850726
321,0.4469056982800319
99,0.4281631017615372
123,0.42777972279138987
206,0.4253823239991241
214,0.4240994352565915
113,0.4145163280868136
194,0.4125953235561028
354,0.4088484965272213
362,0.4078388938237974
70,0.4014098206767972
299,0.39897812444450637
33,0.39439576061453324
158,0.39261954573874835
298,0.3916451573286249
237,0.3911971010060717
116,0.39051400925271135
47,0.37691005909430325
20,0.3747768450403797
117,0.373576350562835
244,0.37190810097430416
284,0.36043656080111813
220,0.3533494699450137
77,0.3493702672315796
240,0.33725045927659475
224,0.3336420580181003
130,0.33225604388974006
226,0.3285712842816433
207,0.325865758792489
54,0.32255230434018367
185,0.3195044518158536
212,0.30689597438491134
259,0.3014002843937787
141,0.2992843351719054
331,0.2987830105785878
35,0.2975015280496975
217,0.2930736011257295
289,0.2906311612871333
90,0.2860494363323232
182,0.28435682405587065
96,0.2801152941132675
291,0.2776368753595119
9,0.2744229386591711
346,0.25696134904919504
149,0.2558622139809851
168,0.2533399830013358
379,0.24576985444219682
189,0.24527700487231835
129,0.24197558802319183
76,0.23932257996219428
269,0.23863413056213117
278,0.23698262695677128
10,0.23697603616930585
148,0.23491305430987042
190,0.23430616480044317
394,0.2265453381650978
179,0.2237190491226791
143,0.21919655617119488
27,0.21767704007162988
236,0.2168173538564675
93,0.21669536324038977
195,0.216099686439401
322,0.21075691083715556
78,0.20685707108321044
45,0.20401664031240002
169,0.2033249980447803
287,0.20153953211873374
200,0.20125231770198956
5,0.19936797423304223
231,0.1963718261087245
263,0.19357645198202963
94,0.19302400565000474
254,0.1898151788893803
110,0.18869001671227578
247,0.18663639465288911
186,0.18652261645000678
91,0.18616970628433735
46,0.18567731577914315
364,0.18456914130063437
14,0.18331166602027346
145,0.1827067206591289
366,0.1805294439270655
279,0.18003720572356507
58,0.17988461178921994
56,0.17644484681981268
144,0.1746864208427673
399,0.17239203314312626
3,0.17119946433468677
307,0.16998563911243958
73,0.16765002866295298
275,0.16425652726093323
360,0.162603014658271
151,0.15705321467003996
374,0.15639864189659075
382,0.15574834173141858
74,0.15533309029013123
66,0.1540310084259696
63,0.15130455509952578
85,0.14226743624225294
89,0.14165400480298257
348,0.13997380180503355
34,0.13931605409356088
59,0.1375388152046077
371,0.1320556983026654
314,0.13173738534347204
48,0.12878720876000213
49,0.1270177247989432
137,0.1269408544274687
68,0.12340789661811144
126,0.11690092876307129
184,0.11443910723235984
128,0.11421253341519334
172,0.11092167918820162
311,0.10986080946690563
166,0.109557828225792
381,0.10931589016540948
373,0.10878556936403885
389,0.10777330568496642
248,0.10505591749185252
8,0.10400901615667105
150,0.10383523755631198
28,0.10352994292619401
64,0.10262310548430531
124,0.10179708334108681
250,0.10179161005086709
36,0.10153765445871621
316,0.10102433241756077
178,0.10023213069573612
285,0.09990815163258444
181,0.09989934538452096
330,0.0993385078417769
320,0.0973547293308925
146,0.09700912492270518
258,0.09637617876192331
198,0.09565131050573789
295,0.09540292231144512
328,0.09493132316198541
368,0.09472808783823049
341,0.0933214920327083
391,0.09194480819179975
134,0.09101605556486021
239,0.08979674042060648
256,0.0843693422781672
277,0.08417684544195139
153,0.08373546477467086
252,0.08343542513375736
245,0.08182435259634584
160,0.08131134117707597
290,0.07937274687611875
6,0.0780036786545373
83,0.07792606072237043
215,0.0771349091028151
383,0.07458576690738278
50,0.07286367198092458
167,0.07192874836122605
387,0.07125258430826933
118,0.0698900756065178
365,0.06968074234961887
87,0.06954346592488755
13,0.06863896592689106
196,0.06784828011395633
342,0.0642736722750798
38,0.06334858243785023
62,0.06007793677825315
23,0.05731062741072832
98,0.056095873533651204
171,0.05470759985278997
180,0.05331749011991291
335,0.05301972396709052
349,0.04992420221552922
223,0.04947877056679747
397,0.04887768579901886
282,0.047050096122051535
339,0.04621429268891913
142,0.045918772406731395
109,0.045891963672936895
139,0.045502390234735714
326,0.04546612228658789
340,0.04432183847504928
286,0.04412302652369869
304,0.043400577244368015
325,0.04257073589910508
300,0.04160716994886252
211,0.04104597528702139
12,0.04102325803618016
293,0.04091247042920363
372,0.040893463814203626
350,0.040451418154094525
234,0.035840489830652716
187,0.03515755635581003
92,0.03454281822907486
51,0.03381952783050809
306,0.033551613264563594
318,0.03208273618805926
114,0.03188866434057156
305,0.03153895708192958
351,0.03050001145145238
37,0.03041396299003102
40,0.03028637350961957
11,0.030193951194914425
260,0.029628442896986955
19,0.027886589977252227
221,0.027831563046335165
102,0.027715486374758586
238,0.027653675540233943
69,0.026971727014793494
32,0.025897229648966128
53,0.025099012594502704
161,0.023346232773283272
157,0.0230688905697036
4,0.022387497332008212
81,0.02113403965146665
271,0.02106980126114789
132,0.020361636435574995
104,0.017048149320342057
156,0.016512972065753924
313,0.016300977507900535
344,0.015377752498307513
52,0.015339913688691583
67,0.01493232906122186
378,0.014538274782695697
192,0.014481548920096433
400,0.01416170956937469
329,0.013857271411647361
352,0.012548800642261182
205,0.011529392638022795
17,0.010665824668327446
154,0.01009033564084719
255,0.009527913807261121
210,0.009218751281089465
188,0.009032298976114383
288,0.008172670037783382
297,0.0072522523703629
131,0.007133174233119749
2,0.007069192396079825
337,0.0067629636005006035
270,0.006361155530205869
315,0.006288765043072047
241,0.006193857271075085
386,0.005920751068083717
380,0.0057380604664122375
242,0.00539028687031975
121,0.0051790033941245435
264,0.004561811193976463
191,0.004442084332003685
170,0.004041950762745183
213,0.003972367125380944
317,0.0031847944931191014
199,0.00220717987709382
257,0.0019049886417757387
276,0.001798377515960859
384,0.0017670056043378026
173,0.0016305389157964477
273,0.0016213723008846417
334,0.0013229887082987306
261,0.0012902403372282937
16,0.0011099211843785429
398,0.0010500853768438921
233,0.0010044216379057425
202,0.0009387207239239982
267,0.0008737113564545091
209,0.0007929825541108835
42,0.0006463876317604245
22,0.0005892429071906487
95,0.00037669662780778453
101,0.000336596985661179
111,0.0003026409135761395
355,0.00030251850908877433
251,0.0002498283845151431
162,0.00023898893967947343
363,0.0001059463794438744
159,6.384925806103374e-05
55,5.244725203447583e-05
183,5.1424800438949085e-05
228,3.7788129119281576e-05
385,3.493534212534394e-05
30,1.3760365979669678e-05
120,1.3010116521410251e-05
345,3.744799807721688e-06
