x1,x2,x3,x4,x5,x6,x7,x8,x9,x10,x11,x12,x13,x14,x15,x16,x17,x18,x19,x20,x21,x22,x23,x24,x25,x26,x27,x28
0.835,0.290,0.791,0.109,0.408,0.427,0.574,0.538,0.633,0.258,0.574,0.732,0.236,0.605,0.285,0.257,0.205,0.213,0.440,0.052,0.222,0.302,0.050,0.332,0.370,0.212,0.688,0.416
0.584,0.362,0.325,0.393,0.424,0.184,0.581,0.677,0.674,0.102,0.809,0.821,0.165,0.526,0.341,0.410,0.267,0.286,0.276,0.002,0.130,0.324,0.115,0.318,0.239,0.321,0.913,0.446
0.853,0.315,0.301,0.044,0.426,0.373,0.518,0.494,0.318,0.249,0.597,0.758,0.019,0.521,0.259,0.368,0.352,0.210,0.211,0.192,0.059,0.330,0.004,0.126,0.390,0.254,0.636,0.321
0.508,0.324,0.567,0.068,0.401,0.413,0.886,0.547,0.437,0.131,0.726,0.805,0.127,0.307,0.129,0.335,0.249,0.611,0.409,0.220,0.097,0.251,0.170,0.091,0.259,0.325,0.611,0.655
0.732,0.416,0.438,0.256,0.430,0.183,0.540,0.729,0.603,0.107,0.679,0.760,0.095,0.686,0.146,0.242,0.319,0.669,0.282,0.083,0.168,0.239,0.049,0.288,0.285,0.346,0.615,0.403
0.439,0.169,0.790,0.390,0.126,0.239,0.717,0.698,0.328,0.215,0.779,0.780,0.084,0.523,0.172,0.310,0.312,0.286,0.418,0.079,0.302,0.367,0.150,0.350,0.365,0.150,0.843,0.290
0.801,0.370,0.736,0.033,0.389,0.255,0.659,0.714,0.381,0.184,0.833,0.784,0.236,0.550,0.372,0.340,0.319,0.573,0.309,0.188,0.027,0.240,0.173,0.244,0.261,0.244,0.644,0.382
0.769,0.108,0.748,0.381,0.232,0.386,0.803,0.664,0.440,0.100,0.665,0.860,0.207,0.369,0.258,0.395,0.202,0.642,0.318,0.146,0.174,0.338,0.086,0.096,0.393,0.374,0.762,0.500
0.462,0.456,0.738,0.138,0.493,0.374,0.750,0.465,0.874,0.189,0.861,0.790,0.305,0.552,0.339,0.113,0.393,0.746,0.211,0.175,0.074,0.301,0.116,0.227,0.246,0.358,0.835,0.731
0.416,0.400,0.818,0.073,0.408,0.413,0.871,0.678,0.733,0.164,0.732,0.817,0.031,0.415,0.293,0.371,0.388,0.680,0.171,0.113,0.244,0.340,0.174,0.078,0.316,0.289,0.712,0.377
0.767,0.246,0.512,0.309,0.496,0.316,0.837,0.695,0.607,0.171,0.844,0.740,0.110,0.395,0.233,0.328,0.259,0.745,0.229,0.011,0.281,0.386,0.153,0.337,0.358,0.394,0.781,0.734
0.511,0.177,0.849,0.355,0.433,0.157,0.614,0.778,0.525,0.002,0.845,0.696,0.267,0.415,0.355,0.281,0.313,0.527,0.454,0.184,0.256,0.311,0.185,0.144,0.286,0.207,0.804,0.326
0.859,0.393,0.400,0.414,0.444,0.145,0.633,0.754,0.486,0.147,0.789,0.834,0.042,0.506,0.208,0.165,0.343,0.253,0.404,0.084,0.151,0.338,0.097,0.195,0.308,0.260,0.772,0.531
0.469,0.379,0.713,0.019,0.222,0.290,0.681,0.654,0.569,0.238,0.600,0.863,0.181,0.689,0.115,0.348,0.365,0.473,0.252,0.088,0.064,0.311,0.035,0.308,0.271,0.303,0.669,0.679
0.826,0.396,0.756,0.332,0.282,0.158,0.578,0.636,0.439,0.230,0.750,0.607,0.310,0.717,0.287,0.294,0.351,0.647,0.121,0.036,0.263,0.262,0.095,0.270,0.283,0.263,0.740,0.586
0.875,0.149,0.675,0.293,0.284,0.338,0.646,0.480,0.421,0.084,0.703,0.605,0.086,0.663,0.340,0.257,0.280,0.397,0.327,0.070,0.274,0.266,0.204,0.371,0.237,0.257,0.799,0.569
0.611,0.343,0.664,0.235,0.134,0.317,0.779,0.630,0.624,0.125,0.620,0.803,0.180,0.684,0.371,0.191,0.353,0.265,0.291,0.041,0.116,0.294,0.154,0.248,0.244,0.358,0.857,0.601
0.491,0.445,0.749,0.090,0.239,0.449,0.655,0.492,0.591,0.242,0.765,0.750,0.295,0.567,0.104,0.274,0.190,0.819,0.451,0.108,0.113,0.317,0.065,0.283,0.221,0.239,0.876,0.225
0.711,0.459,0.713,0.371,0.284,0.380,0.571,0.543,0.870,0.258,0.791,0.762,0.021,0.339,0.132,0.231,0.207,0.506,0.408,0.066,0.253,0.240,0.018,0.097,0.245,0.299,0.979,0.402
0.700,0.172,0.414,0.416,0.128,0.254,0.670,0.495,0.601,0.196,0.807,0.788,0.300,0.741,0.105,0.365,0.136,0.568,0.282,0.203,0.055,0.386,0.208,0.269,0.316,0.274,0.754,0.575
0.744,0.139,0.377,0.077,0.250,0.346,0.578,0.598,0.774,0.150,0.783,0.605,0.258,0.551,0.062,0.097,0.152,0.517,0.329,0.186,0.108,0.253,0.113,0.357,0.233,0.334,0.753,0.524
0.709,0.220,0.416,0.085,0.490,0.217,0.583,0.715,0.785,0.020,0.563,0.865,0.133,0.396,0.345,0.182,0.181,0.425,0.226,0.181,0.026,0.263,0.053,0.307,0.332,0.246,0.840,0.219
0.572,0.159,0.561,0.342,0.319,0.308,0.864,0.654,0.708,0.079,0.594,0.709,0.012,0.637,0.170,0.122,0.165,0.437,0.227,0.208,0.132,0.332,0.127,0.182,0.352,0.355,0.906,0.667
0.570,0.428,0.422,0.033,0.438,0.370,0.634,0.618,0.347,0.239,0.803,0.699,0.194,0.322,0.107,0.231,0.308,0.599,0.343,0.014,0.187,0.289,0.064,0.174,0.334,0.375,0.961,0.687
0.595,0.198,0.787,0.374,0.313,0.151,0.689,0.498,0.697,0.081,0.656,0.752,0.220,0.326,0.346,0.302,0.278,0.770,0.350,0.162,0.146,0.284,0.167,0.225,0.219,0.241,0.750,0.654
0.526,0.409,0.484,0.036,0.164,0.314,0.739,0.767,0.558,0.039,0.826,0.776,0.112,0.423,0.158,0.151,0.244,0.675,0.361,0.096,0.219,0.329,0.025,0.199,0.314,0.151,0.970,0.400
0.860,0.228,0.652,0.267,0.312,0.418,0.751,0.471,0.499,0.044,0.662,0.756,0.155,0.649,0.132,0.355,0.232,0.572,0.166,0.069,0.064,0.230,0.107,0.226,0.391,0.157,0.947,0.447
0.684,0.167,0.283,0.376,0.384,0.236,0.521,0.578,0.761,0.155,0.758,0.815,0.266,0.621,0.093,0.119,0.141,0.498,0.350,0.133,0.304,0.229,0.210,0.192,0.326,0.299,0.969,0.283
0.637,0.234,0.556,0.189,0.279,0.240,0.759,0.638,0.333,0.001,0.757,0.646,0.250,0.537,0.097,0.364,0.147,0.259,0.241,0.088,0.291,0.266,0.011,0.199,0.219,0.329,0.726,0.446
0.672,0.240,0.694,0.324,0.500,0.371,0.785,0.719,0.670,0.179,0.727,0.659,0.144,0.551,0.241,0.235,0.276,0.606,0.274,0.134,0.173,0.378,0.129,0.107,0.396,0.369,0.851,0.611
0.612,0.297,0.660,0.113,0.346,0.197,0.519,0.621,0.316,0.076,0.628,0.758,0.167,0.407,0.135,0.197,0.210,0.809,0.298,0.198,0.123,0.245,0.141,0.114,0.214,0.343,0.933,0.735
0.865,0.218,0.383,0.415,0.229,0.174,0.890,0.633,0.669,0.055,0.590,0.697,0.282,0.482,0.367,0.360,0.329,0.581,0.406,0.202,0.138,0.337,0.100,0.272,0.224,0.353,0.745,0.404
0.749,0.445,0.418,0.378,0.438,0.443,0.508,0.738,0.801,0.129,0.794,0.612,0.083,0.651,0.197,0.313,0.372,0.676,0.332,0.017,0.013,0.243,0.148,0.368,0.354,0.392,0.738,0.588
0.659,0.148,0.775,0.174,0.445,0.457,0.816,0.666,0.589,0.137,0.679,0.797,0.179,0.788,0.193,0.120,0.307,0.579,0.356,0.171,0.110,0.391,0.115,0.066,0.351,0.148,0.627,0.561
0.491,0.295,0.282,0.349,0.198,0.188,0.825,0.712,0.743,0.122,0.803,0.744,0.112,0.379,0.175,0.386,0.377,0.820,0.146,0.134,0.073,0.308,0.154,0.071,0.273,0.180,0.754,0.476
0.708,0.203,0.659,0.409,0.173,0.381,0.873,0.743,0.753,0.080,0.636,0.656,0.196,0.412,0.249,0.373,0.216,0.210,0.454,0.065,0.268,0.328,0.069,0.221,0.397,0.325,0.889,0.746
0.470,0.274,0.381,0.409,0.164,0.312,0.888,0.548,0.463,0.247,0.759,0.807,0.050,0.753,0.272,0.325,0.302,0.406,0.251,0.019,0.087,0.343,0.094,0.086,0.389,0.171,0.976,0.388
0.488,0.172,0.413,0.044,0.216,0.371,0.625,0.602,0.587,0.072,0.749,0.849,0.186,0.363,0.262,0.389,0.177,0.790,0.336,0.026,0.018,0.259,0.117,0.089,0.217,0.216,0.979,0.550
0.654,0.165,0.647,0.292,0.419,0.260,0.632,0.506,0.353,0.243,0.842,0.766,0.272,0.596,0.358,0.289,0.216,0.654,0.237,0.063,0.023,0.378,0.160,0.104,0.338,0.186,0.624,0.544
0.643,0.179,0.614,0.387,0.180,0.169,0.776,0.510,0.623,0.123,0.816,0.652,0.126,0.567,0.345,0.217,0.377,0.480,0.383,0.121,0.206,0.361,0.197,0.226,0.380,0.371,0.861,0.496
0.589,0.198,0.889,0.157,0.499,0.310,0.764,0.604,0.375,0.242,0.777,0.577,0.007,0.461,0.120,0.163,0.338,0.568,0.409,0.006,0.199,0.324,0.055,0.342,0.381,0.181,0.737,0.686
0.694,0.279,0.883,0.026,0.255,0.425,0.774,0.749,0.572,0.246,0.866,0.591,0.263,0.436,0.283,0.187,0.325,0.517,0.187,0.167,0.071,0.261,0.011,0.304,0.219,0.395,0.922,0.496
0.507,0.468,0.846,0.214,0.451,0.464,0.833,0.483,0.830,0.208,0.598,0.832,0.139,0.638,0.222,0.239,0.279,0.265,0.296,0.175,0.045,0.346,0.091,0.087,0.294,0.288,0.959,0.427
0.855,0.428,0.496,0.011,0.493,0.366,0.881,0.725,0.652,0.107,0.855,0.739,0.295,0.267,0.253,0.130,0.315,0.293,0.348,0.184,0.316,0.397,0.044,0.127,0.329,0.336,0.632,0.626
0.857,0.302,0.567,0.035,0.405,0.478,0.837,0.599,0.660,0.111,0.656,0.718,0.306,0.558,0.076,0.265,0.228,0.348,0.425,0.162,0.011,0.273,0.169,0.338,0.223,0.220,0.679,0.532
0.425,0.352,0.616,0.147,0.426,0.352,0.552,0.483,0.445,0.164,0.640,0.797,0.140,0.615,0.133,0.130,0.307,0.247,0.454,0.162,0.071,0.227,0.055,0.136,0.288,0.284,0.894,0.699
0.557,0.407,0.353,0.241,0.121,0.299,0.886,0.575,0.610,0.183,0.764,0.850,0.232,0.780,0.305,0.321,0.266,0.212,0.204,0.123,0.253,0.329,0.027,0.256,0.274,0.360,0.809,0.675
0.425,0.122,0.316,0.042,0.472,0.305,0.564,0.777,0.637,0.178,0.864,0.677,0.153,0.376,0.192,0.344,0.163,0.532,0.190,0.096,0.201,0.347,0.011,0.124,0.272,0.337,0.761,0.554
0.778,0.231,0.327,0.238,0.282,0.298,0.806,0.729,0.440,0.120,0.848,0.651,0.256,0.754,0.286,0.323,0.141,0.402,0.346,0.039,0.212,0.246,0.035,0.220,0.231,0.391,0.982,0.713
0.751,0.200,0.799,0.071,0.393,0.289,0.620,0.540,0.788,0.033,0.745,0.809,0.302,0.680,0.376,0.219,0.270,0.622,0.253,0.085,0.257,0.277,0.017,0.151,0.263,0.363,0.712,0.475
0.713,0.371,0.650,0.369,0.397,0.463,0.518,0.761,0.744,0.195,0.625,0.627,0.122,0.669,0.260,0.415,0.208,0.250,0.157,0.103,0.126,0.311,0.135,0.294,0.343,0.360,0.956,0.554
0.480,0.238,0.577,0.185,0.141,0.316,0.726,0.470,0.481,0.102,0.621,0.725,0.281,0.761,0.219,0.202,0.288,0.262,0.204,0.163,0.214,0.318,0.157,0.328,0.347,0.228,0.654,0.301
0.877,0.187,0.773,0.073,0.202,0.347,0.772,0.559,0.726,0.215,0.844,0.832,0.060,0.439,0.344,0.125,0.185,0.304,0.263,0.155,0.241,0.265,0.164,0.170,0.374,0.372,0.960,0.427
0.705,0.209,0.456,0.401,0.448,0.357,0.893,0.643,0.579,0.185,0.595,0.595,0.219,0.266,0.292,0.306,0.330,0.453,0.161,0.023,0.185,0.275,0.048,0.339,0.352,0.309,0.665,0.715
0.410,0.231,0.310,0.056,0.250,0.242,0.520,0.693,0.760,0.156,0.702,0.775,0.260,0.457,0.275,0.207,0.315,0.462,0.318,0.200,0.138,0.274,0.112,0.176,0.365,0.147,0.884,0.435
0.513,0.444,0.497,0.060,0.178,0.266,0.571,0.716,0.617,0.040,0.625,0.842,0.172,0.776,0.115,0.316,0.360,0.757,0.396,0.144,0.092,0.389,0.041,0.154,0.271,0.248,0.623,0.718
0.860,0.377,0.806,0.375,0.316,0.436,0.812,0.689,0.392,0.033,0.771,0.848,0.084,0.584,0.280,0.263,0.165,0.777,0.267,0.172,0.099,0.309,0.207,0.202,0.324,0.253,0.908,0.741
0.866,0.388,0.364,0.003,0.393,0.165,0.767,0.754,0.687,0.155,0.634,0.750,0.187,0.374,0.321,0.270,0.194,0.357,0.262,0.149,0.042,0.270,0.124,0.166,0.397,0.290,0.808,0.536
0.776,0.411,0.676,0.233,0.343,0.259,0.539,0.649,0.777,0.022,0.738,0.619,0.111,0.785,0.204,0.166,0.208,0.559,0.169,0.093,0.315,0.386,0.066,0.324,0.365,0.202,0.638,0.651
0.738,0.157,0.319,0.153,0.236,0.390,0.768,0.483,0.717,0.264,0.606,0.672,0.018,0.286,0.252,0.220,0.132,0.766,0.348,0.076,0.122,0.234,0.023,0.295,0.225,0.237,0.734,0.256
0.476,0.158,0.833,0.183,0.234,0.296,0.647,0.656,0.446,0.186,0.765,0.656,0.160,0.545,0.176,0.217,0.246,0.744,0.220,0.193,0.246,0.328,0.142,0.332,0.331,0.386,0.739,0.251
0.799,0.248,0.474,0.423,0.299,0.264,0.730,0.610,0.747,0.174,0.718,0.774,0.016,0.436,0.210,0.111,0.134,0.480,0.254,0.081,0.040,0.383,0.086,0.080,0.301,0.354,0.621,0.263
0.507,0.181,0.506,0.364,0.338,0.264,0.626,0.497,0.594,0.108,0.785,0.765,0.311,0.515,0.356,0.318,0.394,0.394,0.211,0.108,0.075,0.299,0.003,0.081,0.341,0.213,0.982,0.536
0.607,0.374,0.746,0.066,0.209,0.218,0.514,0.758,0.596,0.089,0.568,0.766,0.155,0.685,0.361,0.288,0.234,0.804,0.295,0.140,0.016,0.351,0.053,0.323,0.220,0.147,0.622,0.705
0.636,0.268,0.798,0.411,0.157,0.422,0.597,0.527,0.645,0.231,0.817,0.793,0.209,0.295,0.136,0.352,0.154,0.667,0.222,0.037,0.047,0.252,0.110,0.173,0.382,0.271,0.698,0.731
0.609,0.112,0.804,0.308,0.141,0.323,0.604,0.516,0.416,0.141,0.829,0.731,0.118,0.411,0.374,0.295,0.301,0.727,0.247,0.053,0.018,0.339,0.155,0.114,0.287,0.285,0.633,0.415
0.783,0.307,0.572,0.125,0.451,0.283,0.514,0.785,0.793,0.018,0.846,0.782,0.104,0.472,0.205,0.149,0.302,0.272,0.406,0.206,0.017,0.269,0.125,0.157,0.320,0.162,0.723,0.683
0.713,0.427,0.487,0.270,0.432,0.359,0.771,0.740,0.646,0.210,0.808,0.711,0.031,0.320,0.263,0.146,0.364,0.698,0.374,0.077,0.261,0.334,0.177,0.368,0.265,0.258,0.841,0.620
0.771,0.286,0.680,0.352,0.144,0.334,0.543,0.680,0.540,0.152,0.596,0.787,0.058,0.544,0.110,0.108,0.341,0.299,0.320,0.178,0.257,0.314,0.204,0.321,0.395,0.168,0.796,0.587
0.533,0.226,0.884,0.333,0.137,0.333,0.809,0.461,0.623,0.176,0.599,0.635,0.233,0.559,0.374,0.171,0.266,0.339,0.195,0.158,0.112,0.350,0.203,0.099,0.311,0.361,0.960,0.220
0.831,0.465,0.722,0.162,0.391,0.300,0.728,0.745,0.418,0.242,0.724,0.635,0.034,0.264,0.107,0.142,0.182,0.615,0.211,0.207,0.008,0.227,0.091,0.324,0.237,0.317,0.739,0.397
0.626,0.398,0.613,0.323,0.327,0.185,0.824,0.512,0.727,0.052,0.772,0.605,0.274,0.766,0.234,0.164,0.254,0.285,0.421,0.172,0.205,0.352,0.074,0.357,0.240,0.324,0.809,0.596
0.745,0.207,0.635,0.249,0.168,0.327,0.587,0.524,0.665,0.113,0.690,0.663,0.243,0.282,0.361,0.242,0.394,0.759,0.459,0.037,0.124,0.287,0.003,0.278,0.361,0.284,0.945,0.345
0.446,0.340,0.459,0.240,0.294,0.241,0.804,0.722,0.501,0.060,0.586,0.656,0.129,0.521,0.076,0.379,0.280,0.326,0.207,0.201,0.023,0.368,0.019,0.069,0.246,0.264,0.844,0.453
0.443,0.166,0.618,0.163,0.389,0.406,0.715,0.623,0.618,0.184,0.820,0.739,0.060,0.669,0.257,0.249,0.371,0.758,0.300,0.219,0.221,0.323,0.135,0.246,0.305,0.215,0.918,0.412
0.466,0.257,0.287,0.351,0.207,0.166,0.862,0.743,0.570,0.251,0.564,0.723,0.166,0.677,0.341,0.351,0.356,0.319,0.351,0.085,0.216,0.339,0.135,0.188,0.336,0.200,0.840,0.782
0.857,0.296,0.568,0.401,0.268,0.181,0.762,0.529,0.341,0.077,0.610,0.820,0.035,0.561,0.351,0.380,0.298,0.731,0.222,0.219,0.189,0.343,0.164,0.221,0.324,0.179,0.734,0.474
0.464,0.234,0.684,0.078,0.283,0.469,0.891,0.537,0.434,0.136,0.823,0.785,0.177,0.611,0.304,0.159,0.143,0.577,0.160,0.123,0.020,0.345,0.088,0.122,0.326,0.346,0.977,0.718
0.674,0.446,0.785,0.240,0.134,0.391,0.515,0.503,0.659,0.108,0.657,0.707,0.048,0.793,0.368,0.256,0.318,0.591,0.199,0.086,0.182,0.355,0.168,0.094,0.281,0.148,0.631,0.357
0.621,0.191,0.829,0.384,0.503,0.221,0.745,0.463,0.407,0.123,0.608,0.673,0.216,0.491,0.130,0.405,0.324,0.547,0.455,0.136,0.290,0.260,0.142,0.075,0.345,0.302,0.721,0.674
0.782,0.240,0.532,0.152,0.374,0.417,0.782,0.689,0.767,0.086,0.761,0.600,0.171,0.499,0.273,0.136,0.323,0.391,0.335,0.101,0.187,0.256,0.011,0.373,0.258,0.301,0.986,0.711
0.387,0.362,0.292,0.144,0.240,0.199,0.645,0.764,0.732,0.100,0.598,0.622,0.246,0.568,0.311,0.249,0.141,0.782,0.125,0.182,0.144,0.299,0.130,0.242,0.223,0.164,0.642,0.786
0.406,0.477,0.611,0.038,0.426,0.234,0.720,0.617,0.318,0.087,0.807,0.839,0.217,0.436,0.130,0.107,0.369,0.246,0.303,0.023,0.212,0.267,0.150,0.102,0.271,0.242,0.787,0.737
0.553,0.271,0.698,0.017,0.176,0.241,0.873,0.556,0.802,0.086,0.658,0.853,0.235,0.373,0.244,0.408,0.304,0.746,0.368,0.196,0.274,0.365,0.123,0.228,0.351,0.184,0.793,0.491
0.471,0.443,0.659,0.264,0.182,0.321,0.850,0.494,0.865,0.166,0.691,0.662,0.026,0.430,0.222,0.222,0.137,0.525,0.235,0.161,0.168,0.321,0.045,0.223,0.306,0.165,0.955,0.485
0.637,0.304,0.756,0.007,0.156,0.329,0.698,0.628,0.607,0.155,0.727,0.653,0.256,0.307,0.074,0.280,0.370,0.393,0.201,0.119,0.115,0.332,0.152,0.201,0.249,0.240,0.849,0.379
0.425,0.129,0.594,0.004,0.207,0.242,0.523,0.655,0.435,0.074,0.649,0.729,0.229,0.370,0.289,0.386,0.204,0.737,0.292,0.185,0.219,0.376,0.063,0.127,0.336,0.238,0.833,0.538
0.689,0.421,0.440,0.005,0.178,0.156,0.745,0.633,0.583,0.241,0.692,0.683,0.017,0.339,0.139,0.254,0.350,0.300,0.260,0.052,0.097,0.260,0.133,0.138,0.329,0.331,0.632,0.734
0.796,0.352,0.816,0.415,0.376,0.180,0.713,0.694,0.433,0.261,0.732,0.609,0.217,0.755,0.068,0.287,0.172,0.698,0.203,0.113,0.057,0.280,0.076,0.317,0.219,0.280,0.694,0.439
0.799,0.435,0.328,0.115,0.323,0.266,0.879,0.721,0.743,0.239,0.829,0.718,0.139,0.316,0.086,0.189,0.374,0.565,0.354,0.124,0.310,0.328,0.118,0.336,0.382,0.243,0.949,0.537
0.622,0.197,0.680,0.345,0.397,0.475,0.725,0.549,0.653,0.262,0.812,0.765,0.011,0.686,0.317,0.314,0.329,0.696,0.136,0.065,0.192,0.259,0.054,0.178,0.278,0.378,0.799,0.454
0.598,0.180,0.552,0.374,0.242,0.168,0.533,0.529,0.350,0.194,0.566,0.699,0.271,0.789,0.175,0.165,0.222,0.391,0.374,0.057,0.311,0.242,0.200,0.348,0.347,0.347,0.689,0.491
0.616,0.319,0.567,0.126,0.240,0.313,0.516,0.612,0.824,0.257,0.695,0.650,0.274,0.661,0.257,0.093,0.348,0.446,0.263,0.163,0.030,0.384,0.120,0.262,0.315,0.391,0.788,0.324
0.673,0.478,0.528,0.015,0.257,0.478,0.563,0.625,0.694,0.052,0.740,0.696,0.216,0.407,0.355,0.217,0.383,0.409,0.229,0.196,0.326,0.228,0.186,0.352,0.298,0.152,0.674,0.240
0.641,0.348,0.799,0.069,0.224,0.200,0.666,0.484,0.814,0.111,0.768,0.718,0.268,0.724,0.278,0.385,0.356,0.517,0.437,0.103,0.063,0.284,0.180,0.105,0.298,0.161,0.927,0.361
0.544,0.372,0.301,0.182,0.325,0.366,0.671,0.721,0.807,0.028,0.718,0.826,0.147,0.442,0.230,0.281,0.222,0.488,0.241,0.078,0.168,0.349,0.134,0.300,0.261,0.351,0.669,0.530
0.470,0.375,0.756,0.326,0.296,0.387,0.573,0.513,0.444,0.038,0.759,0.624,0.136,0.763,0.230,0.136,0.328,0.607,0.181,0.210,0.249,0.393,0.156,0.200,0.292,0.282,0.802,0.755
0.569,0.272,0.827,0.259,0.285,0.265,0.565,0.470,0.806,0.081,0.594,0.630,0.230,0.398,0.197,0.229,0.177,0.649,0.152,0.116,0.082,0.375,0.170,0.303,0.218,0.279,0.878,0.719
0.625,0.452,0.768,0.179,0.266,0.403,0.761,0.650,0.822,0.045,0.727,0.835,0.199,0.744,0.198,0.212,0.280,0.705,0.306,0.061,0.022,0.359,0.001,0.202,0.262,0.255,0.980,0.300
0.418,0.370,0.592,0.385,0.409,0.374,0.612,0.623,0.519,0.200,0.586,0.661,0.059,0.433,0.272,0.293,0.193,0.693,0.174,0.042,0.244,0.276,0.183,0.165,0.236,0.307,0.987,0.742
0.567,0.281,0.285,0.265,0.341,0.379,0.597,0.562,0.400,0.261,0.713,0.808,0.014,0.754,0.365,0.155,0.222,0.576,0.326,0.148,0.100,0.372,0.169,0.306,0.299,0.218,0.839,0.479
0.548,0.333,0.338,0.399,0.447,0.160,0.874,0.604,0.406,0.210,0.862,0.750,0.277,0.502,0.177,0.416,0.270,0.744,0.413,0.149,0.196,0.287,0.043,0.346,0.293,0.233,0.631,0.633
0.393,0.225,0.308,0.185,0.261,0.163,0.573,0.615,0.554,0.245,0.682,0.601,0.186,0.657,0.069,0.094,0.223,0.691,0.155,0.121,0.215,0.348,0.020,0.370,0.370,0.324,0.913,0.548
0.478,0.460,0.323,0.365,0.428,0.207,0.853,0.767,0.771,0.115,0.661,0.775,0.244,0.745,0.321,0.394,0.258,0.405,0.397,0.088,0.036,0.392,0.013,0.316,0.316,0.203,0.685,0.502
0.387,0.192,0.477,0.140,0.474,0.253,0.853,0.676,0.860,0.170,0.663,0.621,0.192,0.766,0.201,0.398,0.237,0.393,0.127,0.029,0.100,0.329,0.128,0.281,0.376,0.326,0.646,0.774
0.689,0.188,0.634,0.207,0.455,0.463,0.820,0.644,0.561,0.147,0.801,0.686,0.005,0.288,0.217,0.318,0.382,0.610,0.368,0.075,0.035,0.285,0.024,0.323,0.236,0.361,0.629,0.254
0.674,0.320,0.749,0.416,0.294,0.417,0.620,0.490,0.798,0.221,0.612,0.767,0.053,0.696,0.069,0.267,0.272,0.226,0.157,0.174,0.031,0.263,0.110,0.160,0.359,0.340,0.831,0.662
0.728,0.113,0.883,0.398,0.178,0.284,0.780,0.752,0.719,0.088,0.850,0.694,0.265,0.724,0.262,0.361,0.251,0.227,0.435,0.006,0.219,0.267,0.208,0.313,0.225,0.245,0.928,0.581
0.825,0.346,0.400,0.310,0.206,0.166,0.895,0.734,0.766,0.218,0.564,0.686,0.214,0.653,0.235,0.131,0.145,0.599,0.408,0.106,0.029,0.277,0.165,0.327,0.283,0.175,0.860,0.359
0.499,0.393,0.618,0.282,0.468,0.364,0.784,0.555,0.684,0.150,0.631,0.671,0.035,0.625,0.113,0.262,0.353,0.703,0.352,0.187,0.114,0.355,0.133,0.224,0.359,0.176,0.620,0.576
0.768,0.384,0.803,0.340,0.210,0.292,0.604,0.473,0.612,0.225,0.567,0.668,0.151,0.278,0.119,0.096,0.224,0.354,0.377,0.061,0.110,0.294,0.161,0.083,0.235,0.329,0.930,0.573
0.650,0.271,0.548,0.425,0.410,0.298,0.570,0.742,0.828,0.263,0.861,0.627,0.191,0.279,0.144,0.095,0.236,0.739,0.191,0.025,0.228,0.274,0.003,0.279,0.235,0.188,0.824,0.315
0.396,0.386,0.531,0.246,0.219,0.398,0.592,0.681,0.538,0.119,0.850,0.617,0.068,0.648,0.376,0.153,0.214,0.517,0.151,0.221,0.282,0.255,0.191,0.219,0.283,0.295,0.932,0.722
0.411,0.363,0.455,0.393,0.254,0.396,0.609,0.580,0.370,0.079,0.865,0.611,0.135,0.461,0.346,0.138,0.133,0.335,0.241,0.015,0.305,0.326,0.154,0.103,0.379,0.266,0.833,0.551
0.812,0.126,0.744,0.327,0.214,0.398,0.668,0.627,0.615,0.067,0.702,0.672,0.256,0.768,0.081,0.143,0.380,0.606,0.418,0.025,0.131,0.315,0.040,0.360,0.372,0.237,0.917,0.745
0.410,0.407,0.480,0.402,0.508,0.242,0.754,0.725,0.460,0.049,0.860,0.730,0.091,0.403,0.192,0.376,0.262,0.748,0.332,0.086,0.015,0.333,0.128,0.161,0.253,0.288,0.695,0.619
0.546,0.274,0.727,0.346,0.407,0.377,0.749,0.775,0.600,0.182,0.637,0.723,0.080,0.269,0.298,0.171,0.294,0.364,0.338,0.169,0.163,0.350,0.002,0.321,0.268,0.282,0.628,0.748
0.452,0.146,0.402,0.244,0.304,0.306,0.648,0.565,0.427,0.088,0.570,0.738,0.310,0.273,0.243,0.304,0.272,0.688,0.408,0.021,0.035,0.362,0.028,0.270,0.364,0.199,0.965,0.634
0.695,0.149,0.861,0.026,0.232,0.216,0.758,0.636,0.472,0.052,0.805,0.662,0.125,0.299,0.215,0.115,0.186,0.605,0.208,0.062,0.210,0.315,0.206,0.178,0.219,0.159,0.701,0.325
0.490,0.274,0.851,0.036,0.323,0.323,0.526,0.631,0.399,0.111,0.836,0.850,0.219,0.322,0.071,0.284,0.144,0.771,0.444,0.184,0.058,0.385,0.173,0.328,0.270,0.376,0.841,0.659
0.752,0.446,0.715,0.351,0.418,0.247,0.649,0.765,0.533,0.165,0.690,0.820,0.167,0.348,0.230,0.203,0.368,0.671,0.376,0.127,0.041,0.343,0.035,0.346,0.333,0.367,0.720,0.703
0.785,0.230,0.485,0.123,0.300,0.389,0.599,0.561,0.581,0.094,0.649,0.850,0.034,0.695,0.322,0.280,0.285,0.643,0.138,0.148,0.059,0.380,0.025,0.141,0.301,0.177,0.718,0.615
0.427,0.200,0.293,0.290,0.335,0.213,0.517,0.517,0.604,0.133,0.716,0.852,0.304,0.309,0.187,0.203,0.363,0.770,0.418,0.071,0.038,0.383,0.184,0.261,0.338,0.373,0.755,0.328
0.751,0.426,0.654,0.316,0.331,0.305,0.789,0.481,0.607,0.202,0.565,0.804,0.172,0.415,0.087,0.129,0.385,0.562,0.123,0.097,0.128,0.347,0.061,0.161,0.370,0.354,0.916,0.471
0.658,0.396,0.364,0.264,0.146,0.258,0.689,0.635,0.823,0.082,0.790,0.607,0.129,0.487,0.082,0.098,0.192,0.744,0.136,0.135,0.027,0.388,0.073,0.264,0.257,0.310,0.653,0.449
0.734,0.387,0.435,0.008,0.464,0.148,0.637,0.690,0.562,0.002,0.707,0.833,0.145,0.349,0.213,0.292,0.321,0.385,0.420,0.212,0.319,0.288,0.185,0.131,0.381,0.329,0.936,0.643
0.744,0.424,0.290,0.414,0.406,0.343,0.604,0.642,0.446,0.206,0.568,0.741,0.228,0.307,0.063,0.158,0.319,0.325,0.193,0.156,0.303,0.328,0.151,0.110,0.379,0.312,0.686,0.775
0.860,0.160,0.748,0.170,0.423,0.332,0.573,0.606,0.617,0.026,0.618,0.754,0.217,0.345,0.225,0.273,0.178,0.433,0.368,0.154,0.107,0.387,0.122,0.252,0.337,0.287,0.838,0.239
0.736,0.142,0.283,0.215,0.416,0.295,0.767,0.533,0.776,0.133,0.696,0.677,0.028,0.620,0.332,0.367,0.281,0.710,0.229,0.065,0.187,0.270,0.205,0.373,0.329,0.382,0.725,0.397
0.709,0.129,0.688,0.128,0.155,0.357,0.890,0.472,0.868,0.145,0.699,0.849,0.082,0.418,0.147,0.260,0.203,0.300,0.338,0.011,0.298,0.326,0.098,0.091,0.331,0.192,0.954,0.579
0.388,0.219,0.694,0.253,0.303,0.384,0.857,0.579,0.571,0.133,0.628,0.696,0.200,0.783,0.103,0.357,0.186,0.233,0.173,0.050,0.123,0.315,0.142,0.328,0.229,0.343,0.792,0.564
0.622,0.246,0.379,0.083,0.345,0.404,0.552,0.658,0.592,0.068,0.674,0.699,0.012,0.631,0.192,0.285,0.182,0.573,0.397,0.006,0.183,0.276,0.048,0.103,0.315,0.274,0.734,0.478
0.506,0.160,0.694,0.148,0.203,0.264,0.800,0.676,0.721,0.229,0.585,0.640,0.300,0.263,0.370,0.330,0.377,0.221,0.412,0.211,0.095,0.276,0.008,0.166,0.215,0.177,0.685,0.505
0.879,0.226,0.663,0.234,0.162,0.301,0.785,0.508,0.784,0.192,0.610,0.808,0.010,0.417,0.336,0.135,0.169,0.562,0.387,0.087,0.089,0.266,0.052,0.345,0.225,0.257,0.804,0.597
0.843,0.289,0.555,0.392,0.499,0.364,0.637,0.678,0.728,0.043,0.736,0.761,0.223,0.550,0.334,0.097,0.282,0.520,0.425,0.193,0.110,0.313,0.162,0.085,0.302,0.246,0.817,0.292
0.535,0.459,0.803,0.414,0.193,0.344,0.676,0.545,0.702,0.064,0.601,0.737,0.297,0.696,0.278,0.355,0.147,0.776,0.299,0.183,0.263,0.253,0.108,0.355,0.347,0.279,0.837,0.567
0.461,0.352,0.593,0.298,0.274,0.290,0.559,0.775,0.568,0.063,0.787,0.709,0.062,0.541,0.104,0.312,0.270,0.356,0.131,0.173,0.071,0.252,0.203,0.167,0.289,0.192,0.930,0.407
0.864,0.427,0.860,0.012,0.233,0.346,0.530,0.698,0.464,0.005,0.614,0.615,0.106,0.493,0.116,0.338,0.306,0.213,0.327,0.023,0.172,0.330,0.188,0.138,0.234,0.214,0.623,0.456
0.489,0.321,0.282,0.081,0.313,0.461,0.527,0.661,0.669,0.060,0.781,0.589,0.015,0.694,0.123,0.145,0.394,0.411,0.273,0.123,0.016,0.396,0.047,0.224,0.294,0.184,0.913,0.623
0.532,0.304,0.779,0.406,0.386,0.294,0.755,0.716,0.452,0.039,0.591,0.827,0.082,0.680,0.337,0.133,0.359,0.251,0.461,0.182,0.108,0.245,0.126,0.309,0.286,0.237,0.641,0.239
0.773,0.297,0.834,0.094,0.165,0.190,0.634,0.506,0.647,0.115,0.695,0.765,0.105,0.547,0.284,0.343,0.163,0.801,0.120,0.010,0.203,0.338,0.114,0.097,0.365,0.329,0.774,0.704
0.645,0.198,0.502,0.079,0.392,0.374,0.541,0.639,0.818,0.111,0.587,0.657,0.140,0.365,0.307,0.095,0.187,0.378,0.436,0.056,0.091,0.318,0.106,0.131,0.307,0.370,0.973,0.723
0.423,0.387,0.675,0.104,0.224,0.303,0.748,0.768,0.887,0.265,0.657,0.677,0.273,0.275,0.360,0.338,0.134,0.594,0.238,0.111,0.227,0.292,0.102,0.339,0.321,0.226,0.735,0.473
0.513,0.149,0.505,0.408,0.149,0.329,0.779,0.735,0.554,0.073,0.670,0.676,0.278,0.293,0.331,0.186,0.344,0.291,0.231,0.037,0.137,0.305,0.174,0.087,0.284,0.231,0.851,0.314
0.425,0.217,0.546,0.134,0.116,0.210,0.874,0.696,0.606,0.013,0.857,0.651,0.000,0.790,0.311,0.235,0.331,0.639,0.139,0.051,0.258,0.304,0.045,0.296,0.345,0.194,0.808,0.704
0.414,0.202,0.297,0.057,0.326,0.454,0.873,0.772,0.885,0.255,0.693,0.756,0.027,0.367,0.208,0.307,0.248,0.321,0.160,0.184,0.282,0.371,0.031,0.322,0.224,0.197,0.904,0.322
0.863,0.184,0.843,0.029,0.439,0.416,0.538,0.459,0.751,0.124,0.677,0.836,0.137,0.598,0.178,0.102,0.325,0.737,0.200,0.128,0.190,0.280,0.159,0.217,0.382,0.317,0.703,0.762
0.681,0.314,0.540,0.179,0.309,0.323,0.565,0.515,0.585,0.055,0.598,0.834,0.086,0.661,0.349,0.284,0.328,0.785,0.418,0.082,0.188,0.295,0.050,0.168,0.327,0.306,0.794,0.324
0.733,0.228,0.766,0.013,0.502,0.188,0.713,0.675,0.463,0.081,0.631,0.710,0.312,0.393,0.165,0.262,0.265,0.585,0.221,0.225,0.277,0.346,0.205,0.289,0.263,0.375,0.930,0.638
0.417,0.330,0.620,0.193,0.134,0.282,0.722,0.575,0.493,0.034,0.586,0.804,0.113,0.298,0.264,0.217,0.359,0.570,0.405,0.148,0.047,0.270,0.169,0.273,0.348,0.194,0.741,0.709
0.721,0.133,0.893,0.381,0.389,0.387,0.705,0.721,0.806,0.189,0.713,0.771,0.298,0.302,0.348,0.153,0.150,0.218,0.371,0.072,0.039,0.259,0.014,0.159,0.345,0.250,0.975,0.471
0.605,0.118,0.586,0.287,0.231,0.410,0.865,0.603,0.615,0.062,0.672,0.747,0.180,0.516,0.155,0.369,0.198,0.225,0.414,0.095,0.241,0.378,0.009,0.334,0.292,0.277,0.937,0.524
0.807,0.239,0.422,0.307,0.279,0.465,0.525,0.743,0.427,0.062,0.657,0.820,0.048,0.492,0.280,0.146,0.239,0.701,0.460,0.114,0.221,0.257,0.156,0.139,0.332,0.342,0.969,0.606
0.433,0.456,0.472,0.128,0.330,0.397,0.661,0.520,0.776,0.059,0.567,0.744,0.083,0.546,0.184,0.393,0.136,0.403,0.416,0.032,0.237,0.245,0.173,0.336,0.350,0.177,0.657,0.524
0.823,0.154,0.815,0.409,0.435,0.174,0.791,0.570,0.710,0.199,0.812,0.836,0.294,0.764,0.344,0.213,0.203,0.236,0.381,0.199,0.093,0.279,0.006,0.323,0.297,0.185,0.764,0.349
0.809,0.299,0.685,0.198,0.391,0.426,0.556,0.648,0.857,0.039,0.794,0.678,0.012,0.471,0.123,0.378,0.153,0.223,0.273,0.156,0.207,0.320,0.031,0.243,0.217,0.238,0.974,0.459
0.483,0.202,0.495,0.285,0.146,0.297,0.715,0.629,0.720,0.228,0.715,0.609,0.128,0.293,0.238,0.212,0.160,0.616,0.421,0.085,0.318,0.381,0.077,0.121,0.361,0.290,0.817,0.426
0.811,0.365,0.728,0.152,0.504,0.264,0.595,0.693,0.752,0.084,0.649,0.606,0.069,0.532,0.113,0.273,0.178,0.217,0.294,0.116,0.255,0.346,0.148,0.258,0.295,0.276,0.963,0.380
0.818,0.134,0.583,0.419,0.455,0.470,0.882,0.545,0.634,0.109,0.841,0.801,0.141,0.337,0.181,0.266,0.200,0.386,0.234,0.024,0.181,0.266,0.025,0.104,0.332,0.161,0.781,0.584
0.509,0.296,0.809,0.301,0.273,0.298,0.835,0.593,0.874,0.210,0.598,0.599,0.189,0.404,0.076,0.112,0.306,0.357,0.209,0.225,0.152,0.325,0.208,0.268,0.259,0.267,0.701,0.631
0.761,0.207,0.337,0.053,0.483,0.394,0.764,0.672,0.604,0.137,0.815,0.678,0.248,0.317,0.359,0.226,0.174,0.642,0.346,0.190,0.030,0.252,0.098,0.229,0.390,0.180,0.913,0.550
0.845,0.197,0.654,0.323,0.233,0.418,0.600,0.524,0.339,0.136,0.692,0.600,0.086,0.552,0.087,0.238,0.380,0.305,0.127,0.084,0.077,0.341,0.157,0.337,0.249,0.189,0.632,0.591
0.877,0.208,0.352,0.350,0.273,0.257,0.685,0.651,0.604,0.034,0.660,0.815,0.028,0.293,0.062,0.130,0.338,0.373,0.272,0.112,0.065,0.295,0.122,0.069,0.357,0.197,0.667,0.693
0.831,0.452,0.368,0.031,0.472,0.192,0.857,0.722,0.659,0.246,0.765,0.848,0.111,0.635,0.334,0.125,0.152,0.383,0.365,0.114,0.290,0.242,0.176,0.258,0.225,0.287,0.733,0.552
0.644,0.137,0.308,0.063,0.449,0.226,0.537,0.489,0.527,0.045,0.666,0.862,0.061,0.411,0.330,0.137,0.345,0.360,0.316,0.192,0.067,0.395,0.154,0.164,0.367,0.282,0.947,0.435
0.384,0.247,0.706,0.368,0.261,0.216,0.891,0.757,0.543,0.128,0.631,0.689,0.062,0.573,0.160,0.174,0.148,0.301,0.324,0.005,0.260,0.395,0.165,0.166,0.354,0.205,0.653,0.253
0.418,0.303,0.712,0.311,0.162,0.284,0.817,0.674,0.627,0.159,0.854,0.787,0.155,0.562,0.069,0.269,0.266,0.752,0.272,0.022,0.110,0.350,0.184,0.307,0.250,0.210,0.614,0.736
0.402,0.445,0.360,0.257,0.263,0.146,0.675,0.542,0.394,0.134,0.605,0.833,0.271,0.636,0.204,0.404,0.288,0.757,0.294,0.157,0.130,0.384,0.041,0.208,0.251,0.207,0.687,0.692
0.568,0.233,0.723,0.305,0.347,0.302,0.729,0.691,0.413,0.075,0.584,0.583,0.205,0.472,0.289,0.224,0.254,0.352,0.409,0.200,0.200,0.372,0.100,0.296,0.360,0.301,0.637,0.274
0.745,0.301,0.697,0.407,0.490,0.171,0.672,0.478,0.473,0.076,0.584,0.814,0.303,0.413,0.175,0.156,0.269,0.393,0.412,0.033,0.087,0.243,0.049,0.121,0.215,0.353,0.984,0.392
0.496,0.318,0.885,0.303,0.504,0.280,0.602,0.551,0.615,0.037,0.804,0.868,0.067,0.498,0.378,0.200,0.328,0.264,0.135,0.108,0.136,0.344,0.114,0.115,0.382,0.355,0.793,0.777
0.450,0.377,0.699,0.252,0.256,0.415,0.896,0.762,0.648,0.192,0.866,0.597,0.045,0.739,0.375,0.218,0.130,0.691,0.321,0.023,0.260,0.252,0.179,0.198,0.391,0.361,0.796,0.345
0.552,0.158,0.491,0.062,0.282,0.471,0.693,0.560,0.377,0.104,0.692,0.606,0.000,0.362,0.280,0.141,0.301,0.325,0.425,0.157,0.045,0.241,0.104,0.154,0.391,0.367,0.879,0.400
0.479,0.475,0.744,0.220,0.149,0.203,0.609,0.544,0.550,0.023,0.771,0.636,0.185,0.545,0.199,0.268,0.289,0.314,0.455,0.163,0.045,0.236,0.020,0.128,0.255,0.303,0.849,0.695
0.741,0.278,0.528,0.396,0.345,0.172,0.784,0.750,0.518,0.011,0.839,0.586,0.251,0.384,0.132,0.386,0.309,0.698,0.123,0.040,0.177,0.231,0.171,0.298,0.369,0.354,0.931,0.458
0.839,0.273,0.507,0.365,0.394,0.244,0.872,0.606,0.550,0.150,0.569,0.727,0.028,0.605,0.113,0.362,0.291,0.489,0.417,0.082,0.203,0.230,0.040,0.186,0.264,0.197,0.850,0.765
0.649,0.299,0.795,0.173,0.335,0.170,0.623,0.736,0.746,0.222,0.798,0.735,0.061,0.564,0.217,0.131,0.228,0.662,0.443,0.055,0.104,0.364,0.048,0.099,0.328,0.379,0.685,0.316
0.680,0.223,0.531,0.222,0.175,0.246,0.890,0.654,0.615,0.161,0.614,0.812,0.013,0.638,0.150,0.191,0.219,0.700,0.263,0.087,0.277,0.352,0.156,0.361,0.243,0.173,0.963,0.746
0.417,0.429,0.598,0.204,0.137,0.306,0.877,0.499,0.537,0.036,0.600,0.828,0.172,0.295,0.142,0.308,0.210,0.402,0.347,0.039,0.151,0.374,0.146,0.116,0.271,0.217,0.949,0.745
0.602,0.478,0.763,0.158,0.295,0.333,0.580,0.601,0.396,0.020,0.730,0.628,0.280,0.761,0.297,0.181,0.355,0.528,0.231,0.056,0.239,0.297,0.065,0.245,0.349,0.172,0.682,0.325
0.478,0.390,0.395,0.015,0.443,0.219,0.776,0.503,0.781,0.161,0.705,0.710,0.145,0.308,0.169,0.235,0.384,0.374,0.455,0.220,0.073,0.349,0.110,0.116,0.257,0.373,0.867,0.498
0.669,0.247,0.586,0.185,0.293,0.230,0.633,0.473,0.571,0.087,0.653,0.857,0.031,0.492,0.326,0.255,0.282,0.719,0.413,0.207,0.246,0.319,0.068,0.203,0.242,0.262,0.945,0.267
0.536,0.464,0.758,0.340,0.238,0.462,0.827,0.485,0.610,0.038,0.715,0.867,0.255,0.737,0.139,0.101,0.351,0.682,0.127,0.123,0.278,0.317,0.090,0.065,0.397,0.370,0.633,0.494
0.419,0.149,0.772,0.418,0.256,0.394,0.752,0.619,0.366,0.221,0.612,0.838,0.081,0.729,0.211,0.331,0.316,0.615,0.191,0.193,0.137,0.347,0.163,0.268,0.296,0.206,0.946,0.394
0.518,0.144,0.345,0.422,0.230,0.208,0.882,0.484,0.821,0.045,0.692,0.587,0.245,0.729,0.354,0.093,0.220,0.569,0.151,0.033,0.123,0.260,0.127,0.236,0.266,0.332,0.631,0.489
0.671,0.345,0.376,0.304,0.303,0.259,0.510,0.663,0.360,0.083,0.672,0.585,0.063,0.296,0.115,0.386,0.251,0.473,0.386,0.183,0.319,0.354,0.131,0.225,0.245,0.180,0.814,0.546
0.546,0.420,0.671,0.032,0.206,0.245,0.725,0.615,0.656,0.059,0.813,0.771,0.277,0.760,0.305,0.416,0.337,0.519,0.414,0.196,0.263,0.280,0.145,0.097,0.329,0.354,0.755,0.469
0.780,0.312,0.841,0.310,0.224,0.363,0.522,0.702,0.440,0.092,0.623,0.862,0.029,0.289,0.297,0.349,0.288,0.477,0.207,0.170,0.048,0.341,0.203,0.178,0.362,0.311,0.977,0.361
0.851,0.226,0.708,0.247,0.511,0.251,0.574,0.688,0.631,0.147,0.624,0.846,0.178,0.273,0.253,0.241,0.233,0.348,0.367,0.143,0.138,0.250,0.103,0.349,0.372,0.217,0.662,0.752
0.767,0.257,0.396,0.197,0.228,0.472,0.679,0.771,0.370,0.152,0.795,0.577,0.104,0.656,0.367,0.258,0.386,0.542,0.233,0.210,0.264,0.296,0.172,0.233,0.395,0.393,0.975,0.283
0.594,0.316,0.651,0.384,0.487,0.380,0.639,0.467,0.601,0.188,0.811,0.731,0.055,0.574,0.325,0.129,0.304,0.384,0.146,0.056,0.282,0.352,0.193,0.312,0.386,0.338,0.869,0.756
0.802,0.127,0.565,0.328,0.417,0.351,0.665,0.781,0.359,0.117,0.659,0.681,0.116,0.645,0.199,0.321,0.214,0.340,0.268,0.081,0.089,0.227,0.025,0.333,0.355,0.250,0.751,0.423
0.567,0.383,0.748,0.309,0.483,0.169,0.704,0.466,0.532,0.046,0.837,0.794,0.309,0.366,0.283,0.117,0.275,0.326,0.142,0.109,0.214,0.390,0.025,0.372,0.248,0.207,0.736,0.764
0.859,0.255,0.457,0.381,0.140,0.388,0.551,0.686,0.733,0.108,0.824,0.655,0.066,0.691,0.288,0.187,0.277,0.437,0.457,0.022,0.239,0.267,0.116,0.072,0.296,0.186,0.674,0.566
0.601,0.230,0.829,0.029,0.385,0.435,0.616,0.496,0.433,0.106,0.634,0.859,0.214,0.398,0.244,0.184,0.148,0.678,0.254,0.113,0.021,0.258,0.085,0.145,0.238,0.227,0.635,0.682
0.532,0.170,0.433,0.409,0.376,0.317,0.628,0.468,0.491,0.127,0.840,0.794,0.024,0.490,0.116,0.380,0.168,0.656,0.295,0.031,0.034,0.289,0.002,0.132,0.264,0.368,0.802,0.672
0.416,0.390,0.479,0.315,0.236,0.437,0.642,0.699,0.583,0.251,0.664,0.593,0.192,0.357,0.240,0.265,0.206,0.324,0.234,0.031,0.240,0.379,0.206,0.065,0.294,0.306,0.939,0.585
0.478,0.150,0.651,0.373,0.381,0.473,0.818,0.611,0.851,0.154,0.756,0.595,0.051,0.376,0.246,0.232,0.249,0.779,0.215,0.044,0.029,0.231,0.197,0.371,0.246,0.240,0.828,0.608
0.535,0.428,0.804,0.077,0.313,0.454,0.839,0.487,0.386,0.194,0.630,0.833,0.198,0.758,0.249,0.223,0.394,0.660,0.224,0.160,0.050,0.315,0.142,0.305,0.263,0.337,0.872,0.434
0.390,0.336,0.401,0.269,0.194,0.161,0.719,0.783,0.749,0.218,0.696,0.837,0.245,0.480,0.083,0.300,0.213,0.469,0.405,0.155,0.055,0.309,0.063,0.076,0.278,0.328,0.774,0.305
0.874,0.405,0.442,0.408,0.405,0.338,0.781,0.520,0.808,0.209,0.589,0.770,0.035,0.591,0.243,0.176,0.261,0.707,0.246,0.062,0.122,0.331,0.093,0.225,0.370,0.395,0.825,0.368
0.607,0.342,0.363,0.267,0.261,0.151,0.760,0.564,0.698,0.013,0.637,0.596,0.165,0.346,0.366,0.288,0.283,0.571,0.323,0.125,0.144,0.243,0.169,0.361,0.280,0.365,0.860,0.776
0.489,0.370,0.547,0.277,0.342,0.360,0.735,0.513,0.525,0.098,0.685,0.592,0.275,0.448,0.077,0.209,0.387,0.426,0.355,0.043,0.107,0.227,0.183,0.314,0.320,0.333,0.945,0.663
0.758,0.368,0.867,0.294,0.175,0.393,0.888,0.714,0.887,0.001,0.730,0.721,0.046,0.724,0.139,0.157,0.320,0.352,0.430,0.177,0.066,0.336,0.017,0.313,0.338,0.363,0.723,0.306
0.470,0.165,0.380,0.306,0.434,0.300,0.690,0.751,0.562,0.206,0.641,0.763,0.246,0.515,0.337,0.117,0.203,0.314,0.243,0.108,0.138,0.228,0.170,0.236,0.285,0.151,0.819,0.455
0.795,0.173,0.763,0.071,0.509,0.211,0.842,0.559,0.493,0.056,0.626,0.849,0.025,0.655,0.217,0.218,0.316,0.676,0.259,0.135,0.281,0.385,0.033,0.248,0.361,0.261,0.924,0.240
0.817,0.418,0.305,0.112,0.481,0.168,0.581,0.533,0.518,0.178,0.757,0.835,0.251,0.590,0.135,0.317,0.142,0.737,0.413,0.214,0.009,0.255,0.078,0.124,0.215,0.255,0.702,0.458
0.573,0.446,0.778,0.303,0.250,0.350,0.859,0.455,0.461,0.241,0.784,0.867,0.305,0.320,0.208,0.152,0.324,0.357,0.221,0.078,0.242,0.244,0.019,0.329,0.344,0.389,0.773,0.730
0.453,0.450,0.344,0.143,0.218,0.455,0.565,0.492,0.864,0.236,0.643,0.713,0.164,0.498,0.223,0.129,0.325,0.799,0.276,0.074,0.125,0.351,0.075,0.259,0.373,0.181,0.829,0.258
0.788,0.372,0.475,0.163,0.340,0.349,0.699,0.744,0.560,0.151,0.791,0.808,0.078,0.716,0.064,0.323,0.224,0.633,0.429,0.185,0.175,0.347,0.056,0.364,0.281,0.225,0.922,0.643
0.605,0.218,0.515,0.261,0.157,0.453,0.894,0.782,0.696,0.183,0.600,0.836,0.001,0.386,0.327,0.148,0.164,0.728,0.279,0.036,0.200,0.389,0.141,0.126,0.241,0.235,0.657,0.769
0.699,0.323,0.633,0.032,0.370,0.458,0.824,0.605,0.350,0.172,0.784,0.636,0.233,0.346,0.310,0.161,0.197,0.666,0.139,0.094,0.201,0.234,0.080,0.211,0.219,0.324,0.883,0.712
0.650,0.230,0.731,0.253,0.245,0.439,0.706,0.664,0.824,0.134,0.587,0.741,0.002,0.456,0.072,0.339,0.142,0.320,0.457,0.137,0.015,0.381,0.189,0.090,0.283,0.320,0.696,0.748
0.406,0.370,0.580,0.296,0.268,0.163,0.537,0.622,0.449,0.023,0.612,0.604,0.208,0.759,0.320,0.333,0.258,0.560,0.132,0.028,0.012,0.313,0.113,0.341,0.356,0.234,0.942,0.474
0.800,0.251,0.841,0.068,0.379,0.242,0.565,0.538,0.420,0.148,0.702,0.648,0.051,0.269,0.375,0.411,0.207,0.551,0.436,0.111,0.247,0.237,0.159,0.170,0.237,0.356,0.960,0.430
0.811,0.247,0.510,0.107,0.347,0.388,0.681,0.722,0.474,0.108,0.799,0.754,0.285,0.705,0.321,0.243,0.255,0.467,0.187,0.138,0.104,0.389,0.154,0.275,0.300,0.299,0.684,0.567
0.710,0.140,0.413,0.197,0.255,0.380,0.688,0.510,0.868,0.254,0.630,0.620,0.198,0.619,0.174,0.138,0.237,0.486,0.184,0.003,0.057,0.339,0.110,0.167,0.324,0.184,0.748,0.316
0.877,0.361,0.407,0.062,0.473,0.371,0.795,0.488,0.862,0.148,0.833,0.839,0.110,0.653,0.133,0.171,0.352,0.250,0.457,0.177,0.203,0.284,0.103,0.139,0.273,0.253,0.968,0.711
0.627,0.266,0.328,0.334,0.196,0.329,0.592,0.459,0.335,0.196,0.750,0.864,0.007,0.343,0.187,0.266,0.282,0.706,0.293,0.015,0.018,0.245,0.094,0.216,0.294,0.322,0.669,0.712
0.584,0.269,0.806,0.230,0.271,0.199,0.850,0.517,0.482,0.244,0.790,0.795,0.283,0.440,0.186,0.179,0.178,0.625,0.241,0.010,0.296,0.318,0.141,0.087,0.383,0.314,0.914,0.460
0.589,0.388,0.839,0.057,0.236,0.471,0.727,0.611,0.544,0.044,0.624,0.808,0.291,0.625,0.296,0.322,0.196,0.666,0.309,0.035,0.257,0.385,0.136,0.251,0.271,0.392,0.733,0.495
0.715,0.321,0.679,0.224,0.177,0.376,0.658,0.684,0.605,0.025,0.748,0.639,0.029,0.403,0.296,0.205,0.273,0.651,0.411,0.177,0.268,0.243,0.131,0.070,0.366,0.217,0.961,0.236
0.853,0.370,0.364,0.254,0.313,0.198,0.893,0.572,0.846,0.083,0.746,0.696,0.049,0.507,0.152,0.347,0.148,0.557,0.314,0.103,0.159,0.290,0.093,0.127,0.361,0.225,0.720,0.443
0.526,0.349,0.647,0.089,0.378,0.415,0.757,0.669,0.865,0.079,0.654,0.729,0.117,0.698,0.322,0.268,0.348,0.610,0.397,0.104,0.290,0.304,0.181,0.066,0.304,0.158,0.629,0.503
0.627,0.475,0.661,0.319,0.296,0.245,0.700,0.493,0.397,0.079,0.605,0.797,0.226,0.630,0.190,0.099,0.230,0.621,0.275,0.010,0.009,0.329,0.118,0.133,0.378,0.393,0.729,0.560
0.705,0.176,0.532,0.405,0.400,0.257,0.852,0.478,0.425,0.215,0.797,0.769,0.036,0.592,0.101,0.107,0.358,0.273,0.237,0.094,0.199,0.378,0.085,0.073,0.291,0.287,0.652,0.735
0.553,0.460,0.555,0.236,0.408,0.326,0.882,0.701,0.342,0.041,0.818,0.750,0.175,0.269,0.265,0.344,0.205,0.776,0.453,0.092,0.263,0.364,0.112,0.105,0.381,0.314,0.866,0.687
0.737,0.396,0.813,0.363,0.309,0.170,0.793,0.636,0.496,0.148,0.838,0.643,0.205,0.306,0.168,0.287,0.236,0.324,0.402,0.093,0.318,0.248,0.095,0.096,0.266,0.155,0.785,0.388
0.854,0.191,0.753,0.221,0.269,0.407,0.790,0.677,0.523,0.139,0.785,0.797,0.284,0.749,0.187,0.345,0.174,0.514,0.396,0.165,0.036,0.313,0.055,0.197,0.313,0.218,0.702,0.549
0.637,0.125,0.767,0.051,0.390,0.456,0.811,0.745,0.864,0.190,0.856,0.817,0.256,0.628,0.366,0.383,0.276,0.503,0.395,0.063,0.273,0.353,0.084,0.212,0.375,0.285,0.702,0.253
0.478,0.313,0.473,0.186,0.211,0.149,0.617,0.554,0.772,0.134,0.771,0.597,0.081,0.782,0.156,0.187,0.326,0.304,0.343,0.218,0.237,0.351,0.151,0.073,0.323,0.250,0.656,0.746
0.751,0.160,0.426,0.373,0.319,0.423,0.703,0.759,0.857,0.207,0.856,0.790,0.099,0.703,0.338,0.214,0.252,0.504,0.362,0.051,0.222,0.357,0.179,0.369,0.263,0.220,0.679,0.663
0.855,0.439,0.474,0.381,0.499,0.406,0.832,0.570,0.538,0.058,0.690,0.684,0.025,0.513,0.166,0.148,0.284,0.303,0.368,0.146,0.136,0.270,0.147,0.136,0.217,0.239,0.707,0.334
0.586,0.205,0.871,0.014,0.409,0.312,0.548,0.671,0.336,0.236,0.574,0.631,0.129,0.592,0.229,0.155,0.152,0.519,0.141,0.181,0.097,0.302,0.168,0.261,0.225,0.386,0.859,0.528
0.663,0.212,0.460,0.294,0.314,0.319,0.637,0.566,0.850,0.075,0.640,0.707,0.009,0.412,0.322,0.416,0.321,0.547,0.261,0.156,0.088,0.342,0.117,0.296,0.351,0.393,0.702,0.545
0.802,0.481,0.709,0.045,0.413,0.301,0.724,0.618,0.865,0.099,0.621,0.742,0.172,0.427,0.102,0.392,0.211,0.603,0.127,0.144,0.213,0.262,0.100,0.165,0.236,0.357,0.801,0.287
0.777,0.436,0.835,0.104,0.341,0.206,0.639,0.725,0.383,0.073,0.757,0.618,0.278,0.746,0.163,0.312,0.182,0.226,0.211,0.208,0.132,0.341,0.163,0.280,0.394,0.356,0.752,0.545
0.704,0.311,0.320,0.089,0.136,0.306,0.829,0.576,0.883,0.069,0.656,0.651,0.138,0.361,0.133,0.203,0.182,0.809,0.385,0.151,0.176,0.394,0.100,0.148,0.381,0.305,0.839,0.266
0.480,0.367,0.742,0.357,0.193,0.350,0.770,0.777,0.344,0.041,0.785,0.668,0.156,0.358,0.216,0.169,0.147,0.416,0.428,0.043,0.118,0.362,0.119,0.199,0.343,0.160,0.697,0.290
0.410,0.397,0.770,0.332,0.437,0.329,0.798,0.704,0.837,0.057,0.804,0.660,0.100,0.640,0.239,0.345,0.317,0.303,0.188,0.006,0.156,0.339,0.188,0.124,0.328,0.320,0.624,0.397
0.757,0.436,0.751,0.376,0.143,0.269,0.837,0.668,0.504,0.136,0.819,0.654,0.073,0.534,0.134,0.307,0.385,0.400,0.210,0.028,0.146,0.277,0.037,0.077,0.370,0.316,0.678,0.386
0.704,0.178,0.819,0.114,0.487,0.281,0.646,0.744,0.877,0.171,0.810,0.688,0.253,0.490,0.247,0.151,0.351,0.421,0.383,0.080,0.267,0.257,0.056,0.217,0.362,0.189,0.734,0.683
0.439,0.120,0.791,0.090,0.242,0.281,0.831,0.669,0.673,0.178,0.609,0.761,0.140,0.685,0.155,0.168,0.168,0.707,0.247,0.034,0.116,0.243,0.110,0.096,0.269,0.387,0.740,0.350
0.461,0.190,0.734,0.371,0.287,0.295,0.586,0.751,0.884,0.095,0.643,0.848,0.056,0.753,0.339,0.403,0.188,0.561,0.332,0.156,0.033,0.355,0.136,0.120,0.234,0.258,0.810,0.426
0.823,0.164,0.375,0.141,0.319,0.455,0.606,0.612,0.652,0.022,0.827,0.675,0.097,0.778,0.353,0.242,0.385,0.342,0.373,0.118,0.186,0.276,0.075,0.216,0.240,0.373,0.769,0.245
0.703,0.273,0.829,0.409,0.201,0.411,0.766,0.597,0.523,0.045,0.801,0.633,0.027,0.477,0.124,0.268,0.240,0.456,0.315,0.118,0.079,0.333,0.171,0.143,0.236,0.333,0.666,0.324
0.722,0.146,0.658,0.114,0.195,0.169,0.727,0.576,0.725,0.055,0.845,0.618,0.182,0.672,0.201,0.165,0.240,0.483,0.277,0.145,0.227,0.285,0.014,0.312,0.323,0.258,0.721,0.511
0.433,0.437,0.888,0.386,0.207,0.290,0.751,0.712,0.551,0.027,0.573,0.660,0.019,0.742,0.142,0.273,0.384,0.478,0.278,0.094,0.189,0.262,0.009,0.371,0.271,0.390,0.639,0.506
0.788,0.369,0.423,0.399,0.156,0.166,0.777,0.760,0.659,0.178,0.704,0.859,0.002,0.441,0.202,0.170,0.386,0.254,0.264,0.167,0.194,0.295,0.102,0.093,0.345,0.192,0.805,0.509
0.685,0.175,0.653,0.411,0.258,0.467,0.688,0.599,0.629,0.241,0.596,0.735,0.235,0.400,0.239,0.305,0.194,0.442,0.397,0.034,0.079,0.227,0.075,0.340,0.387,0.301,0.825,0.262
0.731,0.168,0.312,0.106,0.205,0.151,0.686,0.549,0.646,0.244,0.682,0.621,0.065,0.606,0.136,0.194,0.182,0.245,0.228,0.051,0.213,0.310,0.052,0.266,0.327,0.293,0.732,0.660
0.785,0.328,0.723,0.134,0.407,0.355,0.559,0.700,0.750,0.192,0.718,0.634,0.273,0.277,0.193,0.118,0.193,0.360,0.314,0.180,0.258,0.377,0.057,0.350,0.286,0.263,0.914,0.296
0.456,0.251,0.649,0.082,0.367,0.407,0.628,0.543,0.775,0.181,0.659,0.769,0.085,0.625,0.292,0.289,0.227,0.794,0.165,0.071,0.249,0.352,0.181,0.181,0.341,0.378,0.724,0.652
0.584,0.245,0.442,0.403,0.378,0.402,0.714,0.769,0.455,0.098,0.822,0.680,0.136,0.329,0.252,0.282,0.364,0.373,0.282,0.072,0.115,0.282,0.052,0.373,0.315,0.357,0.964,0.475
0.745,0.168,0.462,0.228,0.369,0.193,0.854,0.744,0.438,0.265,0.593,0.628,0.007,0.594,0.265,0.390,0.342,0.438,0.447,0.204,0.043,0.303,0.068,0.356,0.277,0.364,0.852,0.594
0.554,0.116,0.854,0.335,0.351,0.236,0.542,0.652,0.773,0.264,0.849,0.828,0.304,0.751,0.166,0.278,0.181,0.625,0.220,0.023,0.095,0.271,0.044,0.072,0.304,0.209,0.971,0.784
0.469,0.255,0.621,0.426,0.378,0.295,0.760,0.479,0.641,0.063,0.682,0.823,0.133,0.769,0.148,0.146,0.172,0.406,0.328,0.195,0.082,0.334,0.074,0.186,0.255,0.179,0.723,0.625
0.409,0.289,0.541,0.349,0.473,0.307,0.810,0.719,0.598,0.083,0.709,0.625,0.178,0.776,0.296,0.106,0.269,0.749,0.375,0.094,0.173,0.373,0.137,0.289,0.360,0.355,0.757,0.684
0.708,0.221,0.649,0.055,0.420,0.262,0.775,0.508,0.823,0.013,0.569,0.763,0.261,0.761,0.327,0.389,0.252,0.246,0.291,0.110,0.174,0.380,0.115,0.310,0.257,0.342,0.701,0.552
0.540,0.324,0.451,0.015,0.120,0.460,0.650,0.637,0.815,0.027,0.831,0.668,0.223,0.515,0.097,0.414,0.214,0.560,0.118,0.004,0.094,0.302,0.046,0.344,0.326,0.237,0.644,0.450
0.873,0.264,0.698,0.019,0.260,0.166,0.688,0.478,0.783,0.170,0.761,0.618,0.175,0.778,0.282,0.095,0.201,0.424,0.430,0.216,0.302,0.311,0.027,0.326,0.249,0.246,0.887,0.558
0.787,0.179,0.489,0.178,0.269,0.349,0.861,0.552,0.718,0.208,0.762,0.756,0.252,0.400,0.279,0.398,0.247,0.752,0.333,0.109,0.019,0.284,0.091,0.168,0.376,0.352,0.928,0.329
0.858,0.345,0.817,0.142,0.284,0.267,0.587,0.462,0.866,0.161,0.719,0.831,0.143,0.330,0.124,0.311,0.158,0.442,0.364,0.135,0.160,0.256,0.188,0.266,0.375,0.327,0.859,0.437
0.594,0.469,0.414,0.200,0.281,0.440,0.602,0.624,0.569,0.253,0.655,0.623,0.033,0.721,0.164,0.212,0.240,0.567,0.425,0.054,0.251,0.273,0.130,0.372,0.294,0.317,0.842,0.667
0.621,0.236,0.726,0.062,0.249,0.321,0.575,0.774,0.766,0.026,0.617,0.651,0.207,0.776,0.222,0.127,0.334,0.575,0.413,0.104,0.133,0.353,0.106,0.184,0.363,0.372,0.949,0.323
0.652,0.174,0.765,0.149,0.368,0.458,0.599,0.711,0.584,0.206,0.800,0.751,0.209,0.399,0.369,0.248,0.135,0.219,0.336,0.197,0.073,0.355,0.007,0.170,0.395,0.391,0.686,0.343
0.627,0.276,0.411,0.162,0.408,0.444,0.609,0.561,0.401,0.235,0.649,0.763,0.209,0.742,0.190,0.372,0.173,0.368,0.161,0.109,0.077,0.352,0.102,0.226,0.296,0.290,0.754,0.548
0.559,0.177,0.333,0.010,0.245,0.170,0.599,0.625,0.752,0.089,0.745,0.734,0.262,0.736,0.300,0.116,0.332,0.456,0.183,0.100,0.302,0.278,0.035,0.222,0.236,0.373,0.866,0.714
0.393,0.384,0.610,0.048,0.208,0.384,0.643,0.656,0.854,0.126,0.664,0.752,0.158,0.670,0.220,0.355,0.313,0.668,0.132,0.176,0.037,0.276,0.003,0.153,0.314,0.365,0.706,0.463
0.810,0.281,0.714,0.096,0.390,0.173,0.823,0.683,0.529,0.111,0.801,0.628,0.309,0.312,0.070,0.272,0.262,0.334,0.432,0.154,0.014,0.380,0.093,0.088,0.351,0.353,0.651,0.400
0.684,0.243,0.862,0.297,0.341,0.439,0.865,0.708,0.334,0.172,0.633,0.708,0.100,0.582,0.213,0.304,0.210,0.571,0.417,0.053,0.037,0.293,0.106,0.165,0.392,0.163,0.659,0.306
0.410,0.412,0.689,0.148,0.378,0.439,0.810,0.694,0.607,0.110,0.571,0.753,0.220,0.596,0.334,0.124,0.335,0.641,0.141,0.186,0.145,0.314,0.062,0.070,0.351,0.200,0.772,0.348
0.743,0.365,0.639,0.081,0.391,0.377,0.799,0.752,0.585,0.051,0.773,0.641,0.246,0.570,0.080,0.337,0.155,0.261,0.385,0.116,0.152,0.306,0.191,0.200,0.265,0.190,0.865,0.723
0.653,0.401,0.326,0.128,0.147,0.309,0.569,0.484,0.884,0.246,0.641,0.727,0.287,0.426,0.365,0.164,0.291,0.299,0.265,0.191,0.178,0.281,0.159,0.249,0.239,0.321,0.801,0.760
0.805,0.122,0.353,0.195,0.202,0.254,0.568,0.529,0.323,0.048,0.633,0.765,0.115,0.721,0.197,0.185,0.287,0.760,0.415,0.030,0.291,0.296,0.057,0.370,0.259,0.192,0.735,0.726
0.539,0.445,0.292,0.252,0.309,0.431,0.853,0.564,0.407,0.233,0.789,0.834,0.314,0.753,0.219,0.281,0.327,0.445,0.421,0.207,0.053,0.285,0.065,0.333,0.223,0.315,0.914,0.464
0.472,0.370,0.360,0.022,0.362,0.232,0.660,0.703,0.807,0.046,0.643,0.616,0.261,0.784,0.246,0.108,0.330,0.635,0.228,0.159,0.306,0.237,0.134,0.198,0.266,0.302,0.857,0.445
0.780,0.412,0.519,0.397,0.166,0.243,0.546,0.780,0.834,0.197,0.768,0.732,0.130,0.599,0.371,0.310,0.380,0.352,0.120,0.207,0.216,0.289,0.015,0.099,0.330,0.391,0.920,0.491
0.734,0.437,0.758,0.033,0.471,0.192,0.563,0.622,0.825,0.146,0.621,0.678,0.313,0.482,0.334,0.186,0.189,0.613,0.312,0.109,0.078,0.285,0.005,0.137,0.351,0.333,0.729,0.310
0.568,0.455,0.581,0.036,0.435,0.348,0.573,0.522,0.366,0.224,0.650,0.846,0.114,0.572,0.355,0.225,0.352,0.288,0.191,0.075,0.208,0.234,0.056,0.327,0.361,0.356,0.696,0.653
0.422,0.234,0.708,0.212,0.148,0.361,0.570,0.460,0.861,0.069,0.788,0.623,0.122,0.608,0.335,0.402,0.229,0.476,0.458,0.004,0.125,0.245,0.108,0.185,0.227,0.251,0.697,0.223
0.747,0.469,0.661,0.247,0.168,0.149,0.615,0.547,0.746,0.023,0.736,0.697,0.152,0.649,0.246,0.183,0.173,0.219,0.209,0.192,0.065,0.298,0.074,0.355,0.330,0.160,0.937,0.292
0.876,0.189,0.758,0.165,0.182,0.420,0.670,0.604,0.496,0.225,0.784,0.680,0.037,0.428,0.196,0.156,0.141,0.408,0.227,0.127,0.047,0.381,0.055,0.330,0.283,0.162,0.946,0.506
0.399,0.123,0.444,0.272,0.291,0.266,0.690,0.754,0.837,0.000,0.690,0.615,0.141,0.689,0.372,0.198,0.387,0.674,0.249,0.068,0.158,0.269,0.126,0.340,0.360,0.352,0.881,0.539
0.440,0.343,0.440,0.356,0.235,0.435,0.805,0.763,0.860,0.032,0.724,0.719,0.007,0.721,0.355,0.277,0.259,0.560,0.314,0.024,0.148,0.370,0.092,0.171,0.268,0.365,0.907,0.686
0.547,0.402,0.752,0.206,0.152,0.225,0.739,0.759,0.846,0.120,0.623,0.719,0.270,0.335,0.262,0.253,0.291,0.505,0.453,0.132,0.185,0.335,0.207,0.280,0.393,0.303,0.985,0.221
0.446,0.127,0.364,0.052,0.347,0.322,0.614,0.495,0.333,0.027,0.710,0.832,0.023,0.537,0.166,0.222,0.268,0.351,0.223,0.035,0.046,0.246,0.150,0.203,0.308,0.304,0.846,0.472
0.652,0.417,0.679,0.163,0.329,0.333,0.517,0.694,0.839,0.165,0.623,0.796,0.239,0.783,0.225,0.208,0.270,0.820,0.279,0.164,0.015,0.244,0.147,0.209,0.217,0.206,0.886,0.335
0.645,0.234,0.316,0.030,0.362,0.192,0.879,0.668,0.478,0.031,0.848,0.588,0.060,0.692,0.373,0.348,0.261,0.470,0.385,0.060,0.307,0.312,0.017,0.288,0.320,0.308,0.794,0.228
0.414,0.359,0.883,0.116,0.184,0.344,0.811,0.672,0.473,0.155,0.683,0.823,0.234,0.582,0.099,0.412,0.344,0.755,0.445,0.200,0.047,0.300,0.055,0.080,0.213,0.236,0.940,0.679
0.528,0.304,0.804,0.280,0.381,0.242,0.715,0.747,0.775,0.111,0.738,0.730,0.122,0.262,0.107,0.353,0.377,0.442,0.149,0.152,0.087,0.353,0.015,0.224,0.216,0.211,0.946,0.279
0.752,0.421,0.749,0.188,0.496,0.212,0.577,0.695,0.860,0.080,0.703,0.683,0.105,0.613,0.201,0.152,0.181,0.767,0.232,0.043,0.264,0.311,0.078,0.286,0.282,0.205,0.642,0.520
0.746,0.138,0.845,0.295,0.489,0.300,0.627,0.544,0.859,0.113,0.722,0.612,0.249,0.647,0.330,0.424,0.351,0.732,0.200,0.224,0.280,0.280,0.189,0.298,0.396,0.349,0.967,0.739
0.691,0.461,0.649,0.141,0.215,0.326,0.814,0.545,0.700,0.071,0.621,0.595,0.127,0.655,0.328,0.366,0.226,0.506,0.246,0.079,0.242,0.335,0.039,0.169,0.331,0.353,0.729,0.673
0.493,0.335,0.784,0.181,0.359,0.451,0.863,0.559,0.547,0.189,0.768,0.738,0.199,0.485,0.185,0.193,0.345,0.347,0.325,0.207,0.272,0.370,0.098,0.104,0.313,0.272,0.905,0.497
0.574,0.149,0.569,0.146,0.506,0.321,0.670,0.572,0.679,0.179,0.639,0.773,0.076,0.673,0.359,0.389,0.229,0.258,0.380,0.220,0.134,0.322,0.186,0.224,0.275,0.287,0.772,0.749
0.416,0.194,0.633,0.245,0.499,0.255,0.605,0.751,0.533,0.062,0.776,0.847,0.147,0.485,0.186,0.188,0.312,0.317,0.298,0.090,0.314,0.283,0.071,0.315,0.217,0.174,0.815,0.532
0.506,0.309,0.539,0.186,0.408,0.172,0.588,0.506,0.728,0.133,0.654,0.817,0.271,0.554,0.223,0.222,0.165,0.556,0.438,0.065,0.297,0.382,0.100,0.202,0.213,0.236,0.961,0.357
0.796,0.469,0.767,0.332,0.188,0.455,0.710,0.551,0.675,0.214,0.702,0.861,0.173,0.689,0.148,0.396,0.329,0.732,0.124,0.214,0.040,0.364,0.098,0.072,0.392,0.261,0.952,0.442
0.626,0.304,0.751,0.369,0.116,0.161,0.666,0.785,0.797,0.184,0.759,0.794,0.251,0.732,0.247,0.356,0.269,0.742,0.186,0.034,0.097,0.248,0.132,0.194,0.339,0.342,0.911,0.798
0.605,0.115,0.729,0.012,0.381,0.163,0.719,0.585,0.583,0.198,0.621,0.828,0.291,0.485,0.284,0.300,0.272,0.264,0.203,0.144,0.187,0.227,0.076,0.344,0.261,0.256,0.831,0.587
0.529,0.297,0.511,0.077,0.309,0.433,0.624,0.525,0.695,0.217,0.786,0.712,0.089,0.296,0.062,0.341,0.293,0.744,0.146,0.049,0.193,0.302,0.089,0.115,0.320,0.333,0.633,0.471
0.810,0.419,0.821,0.370,0.394,0.213,0.798,0.539,0.458,0.175,0.625,0.675,0.027,0.651,0.263,0.304,0.174,0.530,0.254,0.054,0.215,0.347,0.051,0.318,0.303,0.366,0.871,0.793
0.780,0.263,0.615,0.088,0.261,0.314,0.816,0.629,0.434,0.163,0.787,0.793,0.218,0.693,0.252,0.247,0.207,0.414,0.400,0.005,0.139,0.245,0.090,0.273,0.255,0.394,0.804,0.604
0.498,0.184,0.628,0.011,0.164,0.378,0.544,0.470,0.325,0.070,0.656,0.686,0.293,0.717,0.191,0.206,0.226,0.638,0.398,0.093,0.112,0.338,0.026,0.212,0.387,0.315,0.880,0.634
0.717,0.218,0.657,0.079,0.171,0.283,0.821,0.512,0.638,0.079,0.599,0.862,0.111,0.778,0.074,0.236,0.156,0.379,0.169,0.139,0.197,0.357,0.128,0.215,0.390,0.389,0.836,0.286
0.516,0.386,0.406,0.278,0.279,0.314,0.521,0.548,0.336,0.119,0.809,0.804,0.018,0.495,0.136,0.349,0.218,0.365,0.131,0.084,0.314,0.300,0.081,0.333,0.374,0.236,0.682,0.614
0.647,0.419,0.734,0.096,0.114,0.431,0.741,0.715,0.537,0.170,0.573,0.677,0.020,0.578,0.219,0.418,0.300,0.539,0.400,0.168,0.110,0.343,0.142,0.206,0.340,0.372,0.665,0.721
0.828,0.397,0.843,0.152,0.370,0.434,0.867,0.553,0.881,0.016,0.656,0.653,0.088,0.550,0.119,0.095,0.393,0.470,0.312,0.222,0.184,0.293,0.050,0.175,0.269,0.258,0.843,0.728
0.694,0.198,0.730,0.087,0.279,0.322,0.591,0.684,0.423,0.047,0.638,0.659,0.155,0.627,0.073,0.368,0.335,0.495,0.380,0.167,0.322,0.309,0.010,0.295,0.393,0.357,0.879,0.391
0.852,0.296,0.656,0.310,0.492,0.159,0.816,0.668,0.719,0.215,0.761,0.602,0.284,0.501,0.262,0.171,0.262,0.243,0.123,0.181,0.033,0.370,0.056,0.373,0.233,0.223,0.730,0.625
0.780,0.192,0.459,0.027,0.329,0.295,0.572,0.551,0.599,0.248,0.711,0.683,0.290,0.488,0.357,0.420,0.137,0.719,0.356,0.067,0.146,0.239,0.185,0.147,0.383,0.347,0.735,0.402
0.711,0.258,0.876,0.309,0.140,0.366,0.811,0.748,0.739,0.254,0.738,0.718,0.278,0.697,0.281,0.110,0.268,0.362,0.259,0.114,0.129,0.358,0.087,0.145,0.395,0.203,0.661,0.458
0.767,0.286,0.444,0.277,0.386,0.259,0.633,0.711,0.678,0.098,0.643,0.837,0.306,0.423,0.162,0.131,0.194,0.687,0.461,0.150,0.101,0.321,0.070,0.326,0.311,0.173,0.866,0.448
0.847,0.280,0.599,0.131,0.387,0.148,0.778,0.626,0.557,0.219,0.730,0.703,0.067,0.447,0.072,0.215,0.159,0.274,0.264,0.067,0.012,0.297,0.131,0.303,0.380,0.257,0.921,0.607
0.610,0.400,0.413,0.059,0.455,0.241,0.716,0.690,0.832,0.055,0.607,0.687,0.197,0.449,0.278,0.099,0.239,0.546,0.293,0.032,0.244,0.333,0.191,0.293,0.296,0.331,0.856,0.796
0.776,0.408,0.291,0.407,0.138,0.426,0.882,0.707,0.868,0.147,0.688,0.851,0.169,0.490,0.199,0.288,0.314,0.662,0.327,0.167,0.027,0.390,0.094,0.374,0.351,0.175,0.926,0.683
0.643,0.346,0.804,0.401,0.428,0.191,0.655,0.715,0.851,0.064,0.752,0.759,0.235,0.491,0.122,0.318,0.306,0.704,0.344,0.141,0.298,0.308,0.180,0.197,0.215,0.391,0.692,0.291
0.742,0.455,0.408,0.410,0.314,0.179,0.620,0.675,0.824,0.093,0.799,0.584,0.126,0.792,0.105,0.375,0.133,0.509,0.208,0.169,0.320,0.237,0.168,0.259,0.254,0.263,0.644,0.761
0.737,0.361,0.759,0.375,0.415,0.188,0.712,0.675,0.382,0.116,0.781,0.801,0.099,0.624,0.263,0.266,0.155,0.702,0.424,0.175,0.269,0.254,0.013,0.278,0.382,0.394,0.850,0.748
0.491,0.227,0.388,0.094,0.117,0.444,0.817,0.459,0.827,0.123,0.694,0.816,0.106,0.695,0.067,0.130,0.175,0.796,0.294,0.218,0.186,0.367,0.182,0.081,0.263,0.301,0.802,0.481
0.477,0.178,0.378,0.251,0.481,0.353,0.699,0.561,0.458,0.211,0.805,0.746,0.172,0.538,0.314,0.297,0.153,0.698,0.329,0.121,0.271,0.332,0.023,0.077,0.238,0.392,0.948,0.604
0.450,0.416,0.511,0.037,0.382,0.313,0.562,0.541,0.468,0.001,0.629,0.594,0.300,0.711,0.326,0.349,0.263,0.577,0.135,0.092,0.205,0.377,0.082,0.104,0.244,0.329,0.837,0.325
0.473,0.211,0.340,0.176,0.462,0.395,0.545,0.682,0.410,0.147,0.855,0.820,0.226,0.600,0.106,0.130,0.274,0.460,0.387,0.156,0.313,0.397,0.124,0.277,0.222,0.290,0.835,0.498
0.720,0.253,0.384,0.264,0.178,0.424,0.627,0.590,0.511,0.098,0.738,0.734,0.191,0.792,0.310,0.353,0.274,0.696,0.406,0.043,0.321,0.321,0.068,0.330,0.378,0.163,0.621,0.277
0.770,0.421,0.553,0.178,0.395,0.233,0.654,0.643,0.351,0.235,0.573,0.798,0.063,0.412,0.254,0.329,0.229,0.551,0.275,0.106,0.011,0.340,0.204,0.366,0.227,0.390,0.728,0.683
0.521,0.190,0.476,0.332,0.449,0.335,0.773,0.752,0.747,0.075,0.571,0.712,0.014,0.269,0.148,0.346,0.302,0.459,0.278,0.056,0.286,0.390,0.115,0.197,0.244,0.146,0.866,0.527
0.524,0.144,0.421,0.020,0.484,0.307,0.559,0.707,0.812,0.246,0.674,0.711,0.167,0.291,0.116,0.175,0.276,0.550,0.327,0.211,0.242,0.347,0.030,0.318,0.296,0.295,0.739,0.558
0.826,0.382,0.345,0.297,0.139,0.204,0.616,0.704,0.463,0.003,0.825,0.672,0.268,0.272,0.311,0.230,0.378,0.562,0.391,0.037,0.206,0.365,0.115,0.105,0.253,0.229,0.722,0.477
0.677,0.131,0.455,0.088,0.268,0.315,0.660,0.751,0.793,0.023,0.846,0.596,0.017,0.426,0.127,0.200,0.387,0.573,0.397,0.090,0.011,0.253,0.147,0.134,0.386,0.243,0.648,0.519
0.860,0.141,0.648,0.252,0.284,0.192,0.513,0.566,0.413,0.105,0.633,0.705,0.066,0.426,0.142,0.163,0.148,0.787,0.291,0.004,0.270,0.340,0.023,0.078,0.253,0.231,0.629,0.550
0.765,0.462,0.753,0.328,0.402,0.251,0.609,0.777,0.478,0.033,0.646,0.860,0.026,0.556,0.191,0.099,0.165,0.544,0.218,0.003,0.205,0.319,0.101,0.345,0.307,0.343,0.971,0.701
0.559,0.283,0.769,0.355,0.205,0.248,0.725,0.480,0.837,0.194,0.797,0.658,0.130,0.751,0.159,0.325,0.265,0.564,0.142,0.042,0.064,0.290,0.072,0.356,0.234,0.338,0.718,0.751
0.398,0.299,0.826,0.012,0.253,0.208,0.532,0.643,0.519,0.066,0.652,0.802,0.080,0.438,0.175,0.383,0.363,0.572,0.317,0.091,0.262,0.313,0.028,0.107,0.394,0.262,0.855,0.409
0.765,0.199,0.388,0.156,0.509,0.276,0.753,0.621,0.365,0.013,0.595,0.643,0.032,0.364,0.239,0.168,0.185,0.670,0.387,0.138,0.249,0.376,0.027,0.312,0.310,0.300,0.807,0.292
0.771,0.170,0.380,0.370,0.314,0.172,0.639,0.776,0.419,0.143,0.676,0.650,0.047,0.450,0.179,0.318,0.193,0.215,0.227,0.029,0.149,0.315,0.017,0.120,0.242,0.317,0.837,0.477
0.693,0.324,0.449,0.319,0.485,0.202,0.611,0.516,0.732,0.168,0.852,0.820,0.291,0.703,0.166,0.332,0.188,0.253,0.226,0.111,0.256,0.322,0.077,0.068,0.265,0.307,0.761,0.663
0.798,0.312,0.783,0.026,0.216,0.235,0.752,0.472,0.583,0.171,0.567,0.721,0.253,0.526,0.175,0.328,0.348,0.715,0.176,0.085,0.074,0.373,0.031,0.085,0.329,0.203,0.620,0.627
0.403,0.395,0.756,0.233,0.350,0.383,0.750,0.665,0.355,0.093,0.867,0.736,0.116,0.634,0.323,0.094,0.373,0.534,0.322,0.103,0.044,0.386,0.045,0.262,0.295,0.377,0.745,0.632
0.735,0.185,0.509,0.090,0.466,0.307,0.799,0.682,0.467,0.207,0.795,0.739,0.156,0.699,0.161,0.110,0.207,0.320,0.168,0.138,0.249,0.325,0.139,0.226,0.374,0.263,0.894,0.487
0.625,0.205,0.883,0.413,0.148,0.322,0.801,0.568,0.868,0.019,0.655,0.708,0.227,0.493,0.065,0.259,0.300,0.325,0.177,0.145,0.023,0.385,0.184,0.096,0.341,0.242,0.619,0.261
0.634,0.140,0.638,0.362,0.159,0.459,0.622,0.536,0.740,0.095,0.663,0.577,0.210,0.519,0.210,0.165,0.175,0.816,0.333,0.193,0.310,0.302,0.100,0.168,0.276,0.338,0.631,0.252
0.729,0.309,0.537,0.284,0.400,0.289,0.688,0.554,0.724,0.017,0.718,0.826,0.065,0.324,0.106,0.362,0.389,0.596,0.317,0.014,0.226,0.228,0.060,0.277,0.223,0.148,0.964,0.652
0.683,0.473,0.698,0.179,0.209,0.306,0.810,0.518,0.581,0.040,0.629,0.738,0.162,0.318,0.319,0.323,0.204,0.398,0.299,0.083,0.044,0.323,0.120,0.196,0.309,0.309,0.942,0.412
0.487,0.346,0.433,0.145,0.306,0.217,0.733,0.494,0.766,0.093,0.676,0.694,0.110,0.438,0.162,0.284,0.323,0.482,0.227,0.167,0.142,0.330,0.133,0.176,0.361,0.164,0.770,0.784
0.696,0.173,0.332,0.349,0.370,0.251,0.589,0.541,0.853,0.164,0.690,0.823,0.071,0.484,0.261,0.125,0.194,0.498,0.269,0.030,0.138,0.367,0.175,0.132,0.247,0.323,0.907,0.549
0.667,0.266,0.639,0.273,0.338,0.228,0.655,0.482,0.696,0.030,0.574,0.665,0.157,0.751,0.290,0.099,0.236,0.759,0.402,0.092,0.184,0.274,0.206,0.166,0.322,0.234,0.736,0.495
0.480,0.438,0.814,0.185,0.234,0.403,0.519,0.508,0.451,0.056,0.822,0.844,0.109,0.268,0.320,0.091,0.206,0.479,0.180,0.211,0.062,0.311,0.087,0.374,0.226,0.252,0.937,0.756
0.624,0.158,0.644,0.275,0.176,0.174,0.512,0.608,0.799,0.113,0.627,0.732,0.085,0.475,0.251,0.333,0.359,0.498,0.364,0.092,0.169,0.273,0.121,0.092,0.330,0.155,0.861,0.367
0.588,0.123,0.712,0.412,0.393,0.421,0.512,0.513,0.331,0.184,0.817,0.623,0.135,0.647,0.247,0.322,0.382,0.671,0.440,0.063,0.181,0.271,0.123,0.300,0.299,0.230,0.945,0.611
0.500,0.151,0.333,0.175,0.133,0.171,0.745,0.729,0.844,0.137,0.628,0.697,0.188,0.366,0.367,0.219,0.275,0.731,0.238,0.157,0.254,0.379,0.104,0.338,0.262,0.148,0.652,0.511
0.489,0.157,0.644,0.283,0.347,0.475,0.540,0.762,0.426,0.134,0.788,0.781,0.163,0.471,0.363,0.309,0.231,0.571,0.243,0.053,0.037,0.348,0.129,0.335,0.382,0.340,0.830,0.588
0.863,0.302,0.305,0.071,0.426,0.324,0.526,0.715,0.523,0.068,0.720,0.761,0.067,0.461,0.227,0.307,0.327,0.558,0.236,0.027,0.055,0.288,0.023,0.246,0.297,0.334,0.706,0.603
0.688,0.358,0.459,0.135,0.167,0.473,0.695,0.605,0.850,0.195,0.734,0.584,0.135,0.554,0.194,0.155,0.259,0.390,0.325,0.113,0.244,0.317,0.020,0.221,0.238,0.395,0.753,0.673
0.859,0.284,0.844,0.101,0.362,0.148,0.682,0.629,0.717,0.129,0.682,0.608,0.183,0.277,0.194,0.102,0.254,0.641,0.138,0.179,0.033,0.271,0.030,0.314,0.359,0.221,0.729,0.326
0.598,0.238,0.393,0.085,0.313,0.148,0.626,0.594,0.762,0.209,0.687,0.691,0.276,0.376,0.156,0.138,0.311,0.677,0.311,0.175,0.281,0.347,0.001,0.259,0.319,0.188,0.926,0.631
0.671,0.449,0.801,0.072,0.430,0.275,0.565,0.767,0.462,0.138,0.784,0.761,0.281,0.318,0.086,0.239,0.370,0.801,0.338,0.064,0.054,0.264,0.195,0.372,0.390,0.181,0.698,0.282
0.671,0.463,0.835,0.110,0.433,0.417,0.578,0.503,0.838,0.063,0.866,0.833,0.007,0.492,0.183,0.316,0.191,0.466,0.378,0.048,0.090,0.391,0.154,0.301,0.248,0.276,0.973,0.569
0.400,0.234,0.757,0.006,0.166,0.357,0.697,0.670,0.566,0.207,0.845,0.696,0.014,0.483,0.218,0.361,0.220,0.695,0.132,0.179,0.120,0.255,0.052,0.155,0.294,0.186,0.925,0.347
0.650,0.434,0.428,0.135,0.484,0.222,0.621,0.572,0.420,0.235,0.730,0.773,0.243,0.325,0.246,0.315,0.170,0.426,0.333,0.175,0.215,0.369,0.007,0.093,0.349,0.388,0.680,0.791
0.600,0.158,0.587,0.256,0.462,0.263,0.873,0.487,0.428,0.183,0.865,0.798,0.079,0.567,0.328,0.192,0.158,0.675,0.145,0.145,0.159,0.242,0.085,0.094,0.315,0.288,0.825,0.424
0.558,0.129,0.285,0.341,0.345,0.275,0.794,0.494,0.553,0.071,0.668,0.803,0.024,0.322,0.320,0.418,0.261,0.814,0.401,0.195,0.196,0.392,0.133,0.151,0.287,0.346,0.983,0.381
0.682,0.142,0.754,0.347,0.125,0.190,0.802,0.598,0.854,0.013,0.580,0.703,0.116,0.783,0.129,0.414,0.279,0.552,0.291,0.013,0.316,0.304,0.192,0.213,0.258,0.257,0.849,0.312
0.784,0.186,0.515,0.308,0.195,0.367,0.594,0.499,0.729,0.055,0.570,0.797,0.288,0.481,0.097,0.225,0.236,0.441,0.329,0.046,0.208,0.247,0.083,0.346,0.340,0.148,0.632,0.502
0.770,0.226,0.606,0.217,0.147,0.469,0.710,0.715,0.509,0.101,0.724,0.790,0.091,0.412,0.138,0.148,0.203,0.500,0.120,0.184,0.054,0.282,0.109,0.064,0.215,0.219,0.702,0.261
0.598,0.248,0.888,0.366,0.502,0.456,0.774,0.528,0.625,0.144,0.808,0.854,0.079,0.493,0.241,0.322,0.259,0.492,0.399,0.049,0.138,0.343,0.022,0.154,0.235,0.362,0.862,0.227
0.663,0.238,0.750,0.230,0.238,0.234,0.772,0.667,0.385,0.015,0.836,0.835,0.272,0.372,0.357,0.182,0.349,0.233,0.260,0.109,0.159,0.322,0.038,0.361,0.325,0.305,0.616,0.460
0.871,0.212,0.354,0.056,0.157,0.426,0.764,0.522,0.767,0.124,0.740,0.762,0.022,0.625,0.319,0.269,0.294,0.260,0.242,0.175,0.022,0.250,0.056,0.213,0.380,0.175,0.962,0.342
0.513,0.438,0.370,0.049,0.402,0.149,0.831,0.570,0.793,0.009,0.821,0.834,0.235,0.270,0.325,0.111,0.385,0.266,0.330,0.132,0.190,0.231,0.155,0.260,0.292,0.362,0.938,0.224
0.864,0.245,0.641,0.191,0.118,0.276,0.583,0.689,0.636,0.074,0.662,0.765,0.182,0.357,0.268,0.315,0.193,0.751,0.120,0.203,0.109,0.279,0.056,0.197,0.372,0.340,0.891,0.390
0.764,0.372,0.412,0.182,0.350,0.259,0.671,0.483,0.479,0.197,0.751,0.577,0.162,0.686,0.376,0.287,0.214,0.231,0.319,0.021,0.246,0.315,0.150,0.096,0.259,0.302,0.741,0.611
0.567,0.144,0.711,0.337,0.355,0.218,0.746,0.628,0.563,0.057,0.606,0.640,0.219,0.683,0.075,0.238,0.204,0.696,0.161,0.157,0.066,0.251,0.209,0.252,0.248,0.293,0.843,0.742
0.478,0.150,0.391,0.404,0.376,0.440,0.525,0.685,0.856,0.018,0.691,0.657,0.083,0.414,0.111,0.358,0.285,0.558,0.151,0.174,0.307,0.264,0.183,0.183,0.246,0.205,0.639,0.357
0.634,0.143,0.429,0.030,0.227,0.462,0.533,0.532,0.699,0.042,0.821,0.618,0.050,0.269,0.315,0.423,0.335,0.424,0.365,0.131,0.211,0.304,0.032,0.175,0.310,0.303,0.701,0.429
0.517,0.278,0.279,0.213,0.435,0.179,0.866,0.613,0.776,0.027,0.695,0.704,0.120,0.386,0.250,0.424,0.306,0.493,0.341,0.098,0.279,0.292,0.064,0.174,0.234,0.341,0.705,0.713
0.450,0.154,0.327,0.288,0.235,0.306,0.896,0.724,0.468,0.153,0.742,0.828,0.106,0.659,0.208,0.125,0.303,0.603,0.346,0.019,0.128,0.314,0.062,0.320,0.238,0.381,0.986,0.364
0.717,0.353,0.444,0.141,0.414,0.445,0.836,0.489,0.666,0.037,0.659,0.740,0.080,0.690,0.297,0.398,0.163,0.788,0.125,0.173,0.143,0.335,0.156,0.067,0.278,0.357,0.984,0.299
0.555,0.191,0.454,0.139,0.456,0.335,0.883,0.490,0.549,0.178,0.733,0.705,0.022,0.344,0.209,0.185,0.386,0.612,0.195,0.141,0.299,0.350,0.122,0.158,0.238,0.254,0.874,0.611
0.385,0.337,0.493,0.371,0.396,0.209,0.878,0.622,0.435,0.077,0.779,0.764,0.055,0.530,0.142,0.110,0.342,0.658,0.197,0.216,0.014,0.327,0.012,0.184,0.363,0.365,0.978,0.642
0.441,0.236,0.346,0.066,0.486,0.363,0.811,0.480,0.400,0.128,0.720,0.747,0.279,0.448,0.363,0.119,0.172,0.496,0.274,0.223,0.301,0.312,0.208,0.237,0.243,0.228,0.898,0.582
0.749,0.151,0.313,0.290,0.281,0.422,0.693,0.640,0.466,0.143,0.585,0.829,0.304,0.343,0.106,0.216,0.166,0.422,0.181,0.096,0.036,0.283,0.145,0.145,0.340,0.289,0.660,0.485
0.441,0.200,0.563,0.138,0.374,0.197,0.770,0.694,0.814,0.002,0.592,0.864,0.229,0.456,0.071,0.223,0.201,0.246,0.262,0.142,0.042,0.310,0.200,0.113,0.336,0.243,0.770,0.368
0.560,0.355,0.674,0.114,0.373,0.262,0.734,0.533,0.696,0.130,0.867,0.867,0.124,0.344,0.183,0.185,0.176,0.640,0.296,0.190,0.172,0.246,0.190,0.143,0.266,0.255,0.853,0.708
0.836,0.482,0.849,0.005,0.308,0.261,0.600,0.460,0.396,0.075,0.842,0.608,0.264,0.434,0.313,0.391,0.371,0.630,0.194,0.066,0.088,0.253,0.027,0.186,0.312,0.335,0.752,0.672
0.786,0.159,0.510,0.049,0.308,0.285,0.860,0.591,0.840,0.126,0.782,0.691,0.027,0.578,0.081,0.333,0.318,0.288,0.224,0.167,0.237,0.231,0.091,0.106,0.238,0.348,0.986,0.350
0.857,0.288,0.755,0.251,0.154,0.147,0.671,0.480,0.540,0.079,0.636,0.636,0.078,0.574,0.331,0.280,0.374,0.393,0.372,0.010,0.248,0.259,0.094,0.254,0.309,0.320,0.728,0.428
0.860,0.189,0.628,0.155,0.340,0.359,0.604,0.478,0.414,0.160,0.692,0.751,0.281,0.554,0.110,0.252,0.351,0.354,0.241,0.008,0.112,0.265,0.027,0.311,0.329,0.359,0.965,0.695
0.594,0.159,0.592,0.401,0.372,0.462,0.865,0.685,0.565,0.090,0.659,0.621,0.057,0.280,0.162,0.232,0.391,0.390,0.301,0.138,0.010,0.395,0.090,0.096,0.350,0.392,0.650,0.282
0.387,0.337,0.540,0.266,0.378,0.202,0.750,0.692,0.631,0.197,0.768,0.807,0.119,0.764,0.096,0.402,0.370,0.820,0.457,0.076,0.196,0.325,0.107,0.199,0.349,0.316,0.728,0.239
0.575,0.319,0.857,0.426,0.353,0.392,0.728,0.622,0.591,0.104,0.771,0.694,0.256,0.560,0.320,0.344,0.188,0.380,0.400,0.175,0.022,0.356,0.113,0.104,0.379,0.252,0.646,0.335
0.827,0.257,0.654,0.204,0.365,0.392,0.633,0.719,0.883,0.214,0.709,0.771,0.126,0.664,0.354,0.412,0.225,0.750,0.165,0.011,0.265,0.340,0.020,0.239,0.231,0.244,0.825,0.739
0.801,0.160,0.442,0.274,0.203,0.317,0.616,0.527,0.729,0.242,0.858,0.599,0.006,0.727,0.280,0.215,0.268,0.722,0.355,0.026,0.323,0.389,0.169,0.107,0.267,0.390,0.976,0.485
0.497,0.402,0.555,0.019,0.317,0.390,0.534,0.481,0.577,0.136,0.681,0.686,0.082,0.335,0.324,0.299,0.254,0.468,0.288,0.072,0.019,0.236,0.086,0.361,0.350,0.309,0.708,0.502
0.548,0.464,0.809,0.374,0.202,0.396,0.553,0.522,0.408,0.066,0.589,0.711,0.023,0.710,0.209,0.329,0.201,0.779,0.154,0.107,0.297,0.378,0.185,0.251,0.265,0.386,0.884,0.301
0.618,0.165,0.403,0.048,0.347,0.219,0.632,0.576,0.692,0.178,0.788,0.714,0.302,0.405,0.268,0.314,0.200,0.564,0.294,0.143,0.199,0.275,0.179,0.145,0.261,0.311,0.738,0.512
0.528,0.326,0.354,0.210,0.341,0.419,0.770,0.776,0.855,0.231,0.791,0.835,0.287,0.307,0.227,0.097,0.150,0.278,0.307,0.160,0.196,0.350,0.162,0.230,0.362,0.267,0.883,0.414
0.836,0.378,0.658,0.381,0.125,0.337,0.673,0.661,0.566,0.219,0.691,0.725,0.165,0.647,0.298,0.254,0.135,0.589,0.309,0.017,0.144,0.337,0.090,0.107,0.309,0.369,0.668,0.309
0.840,0.415,0.844,0.367,0.338,0.452,0.879,0.777,0.638,0.138,0.731,0.602,0.134,0.593,0.193,0.172,0.335,0.752,0.278,0.065,0.196,0.291,0.160,0.291,0.220,0.149,0.617,0.525
0.724,0.223,0.768,0.216,0.344,0.303,0.581,0.704,0.873,0.049,0.612,0.839,0.068,0.704,0.252,0.158,0.156,0.781,0.401,0.157,0.321,0.394,0.172,0.316,0.349,0.247,0.805,0.455
0.641,0.286,0.870,0.161,0.333,0.413,0.725,0.768,0.363,0.039,0.804,0.672,0.297,0.597,0.228,0.158,0.355,0.636,0.320,0.057,0.190,0.310,0.073,0.245,0.356,0.355,0.695,0.555
