Example ID,Source,Figure ID,Data Provider,PI,Date Received,Data Measurment Published,Type,Carbon,Nitrogen,Phosphorus,Hydrogen,Titanium,Gold,Lithium,Nickel,Cobalt,Manganese,Oxygen,Cadmium,Selenium,Sulfur,Silicon,Platinum,Zinc,Indium,Selenium,Aluminum,Total Comp Knowledge,Particle Diameter Dimension 1 (nm),Particle Diameter Dimension 2 (nm),Particle Diameter Dimension 3 (nm),Capping Agent,Particle Shape,Concentration (mg/L),Surface Area (NMC) (m2/g),pH,Medium,Natural Organic Matter (mg/L),Purification Method,Total Centrifugation Steps,Exposure Time (min),Bacteria,Gram,Identity,Mutation,Prior Exposure,Method,Viability_Fraction,Error,Comments
1,10.1021/acs.est.7b02823,1 and 3,Arielle Mensch,Bob Hamers,2018/8/23,2017/8/17,Nanodiamond,1,0,0,0,0,0,0,0,0,0,0,0,0,0,0,0,0,0.00,0.00,0.00,T,15,15,15,PAH,Amorphous,3.75 ,0,7.40,HEPES Buffer,0,Dialysis,0,10,Yes,Negative,Shewanella oneidensis,MR-1,No,GBV,0.11 ,,
2,10.1021/acs.est.7b02823,3,Arielle Mensch,Bob Hamers,2018/8/23,2017/8/17,Nanodiamond,1,0,0,0,0,0,0,0,0,0,0,0,0,0,0,0,0,0.00,0.00,0.00,T,15,15,15,PAH,Amorphous,3.75 ,0,7.40,HEPES Buffer,0.50,Dialysis,0,10,Yes,Negative,Shewanella oneidensis,MR-1,No,GBV,0.05 ,,
3,10.1021/acs.est.7b02823,3,Arielle Mensch,Bob Hamers,2018/8/23,2017/8/17,Nanodiamond,1,0,0,0,0,0,0,0,0,0,0,0,0,0,0,0,0,0.00,0.00,0.00,T,15,15,15,PAH,Amorphous,3.75 ,0,7.40,HEPES Buffer,1,Dialysis,0,10,Yes,Negative,Shewanella oneidensis,MR-1,No,GBV,0.05 ,,
4,10.1021/acs.est.7b02823,3,Arielle Mensch,Bob Hamers,2018/8/23,2017/8/17,Nanodiamond,1,0,0,0,0,0,0,0,0,0,0,0,0,0,0,0,0,0.00,0.00,0.00,T,15,15,15,PAH,Amorphous,3.75 ,0,7.40,HEPES Buffer,2,Dialysis,0,10,Yes,Negative,Shewanella oneidensis,MR-1,No,GBV,0.12 ,,
5,10.1021/acs.est.7b02823,3,Arielle Mensch,Bob Hamers,2018/8/23,2017/8/17,Nanodiamond,1,0,0,0,0,0,0,0,0,0,0,0,0,0,0,0,0,0.00,0.00,0.00,T,15,15,15,PAH,Amorphous,3.75 ,0,7.40,HEPES Buffer,3,Dialysis,0,10,Yes,Negative,Shewanella oneidensis,MR-1,No,GBV,0.21 ,,
6,10.1021/acs.est.7b02823,1 and 3,Arielle Mensch,Bob Hamers,2018/8/23,2017/8/17,Nanodiamond,1,0,0,0,0,0,0,0,0,0,0,0,0,0,0,0,0,0.00,0.00,0.00,T,15,15,15,PAH,Amorphous,3.75 ,0,7.40,HEPES Buffer,5,Dialysis,0,10,Yes,Negative,Shewanella oneidensis,MR-1,No,GBV,1.14 ,0.14 ,
7,10.1021/acs.est.7b02823,1 and 3,Arielle Mensch,Bob Hamers,2018/8/23,2017/8/17,Nanodiamond,1,0,0,0,0,0,0,0,0,0,0,0,0,0,0,0,0,0.00,0.00,0.00,T,15,15,15,PAH,Amorphous,3.75 ,0,7.40,HEPES Buffer,25,Dialysis,0,10,Yes,Negative,Shewanella oneidensis,MR-1,No,GBV,0.95 ,,
8,10.1021/acs.analchem.6b04652,3a,Tian Autumn Qiu,Christy Haynes,2018/9/18,2017/1/9,Gold,0,0,0,0,0,1,0,0,0,0,0,0,0,0,0,0,0,0.00,0.00,0.00,T,4.50,4.50,4.50,PAH,Sphere,2.80 ,0,7.40,HEPES Buffer,0,1 C H2O,1,15,Yes,Negative,Shewanella oneidensis,MR-1,No,GBV,0.02 ,,
9,10.1021/acs.analchem.6b04652,3a,Tian Autumn Qiu,Christy Haynes,2018/9/18,2017/1/9,Gold,0,0,0,0,0,1,0,0,0,0,0,0,0,0,0,0,0,0.00,0.00,0.00,T,4.50,4.50,4.50,PAH,Sphere,1.40 ,0,7.40,HEPES Buffer,0,1 C H2O,1,15,Yes,Negative,Shewanella oneidensis,MR-1,No,GBV,0.05 ,,
10,10.1021/acs.analchem.6b04652,3a,Tian Autumn Qiu,Christy Haynes,2018/9/18,2017/1/9,Gold,0,0,0,0,0,1,0,0,0,0,0,0,0,0,0,0,0,0.00,0.00,0.00,T,4.50,4.50,4.50,PAH,Sphere,0.70 ,0,7.40,HEPES Buffer,0,1 C H2O,1,15,Yes,Negative,Shewanella oneidensis,MR-1,No,GBV,0.10 ,,
11,10.1021/acs.analchem.6b04652,3a,Tian Autumn Qiu,Christy Haynes,2018/9/18,2017/1/9,Gold,0,0,0,0,0,1,0,0,0,0,0,0,0,0,0,0,0,0.00,0.00,0.00,T,4.50,4.50,4.50,PAH,Sphere,0.35 ,0,7.40,HEPES Buffer,0,1 C H2O,1,15,Yes,Negative,Shewanella oneidensis,MR-1,No,GBV,0.35 ,,
12,10.1021/acs.analchem.6b04652,3a,Tian Autumn Qiu,Christy Haynes,2018/9/18,2017/1/9,Gold,0,0,0,0,0,1,0,0,0,0,0,0,0,0,0,0,0,0.00,0.00,0.00,T,4.50,4.50,4.50,PAH,Sphere,0.18 ,0,7.40,HEPES Buffer,0,1 C H2O,1,15,Yes,Negative,Shewanella oneidensis,MR-1,No,GBV,1.34 ,,
13,10.1021/acs.analchem.6b04652,3a,Tian Autumn Qiu,Christy Haynes,2018/9/18,2017/1/9,Gold,0,0,0,0,0,1,0,0,0,0,0,0,0,0,0,0,0,0.00,0.00,0.00,T,4.50,4.50,4.50,PAH,Sphere,0.09 ,0,7.40,HEPES Buffer,0,1 C H2O,1,15,Yes,Negative,Shewanella oneidensis,MR-1,No,GBV,1.05 ,,
14,10.1021/acs.analchem.6b04652,3a,Tian Autumn Qiu,Christy Haynes,2018/9/18,2017/1/9,Gold,0,0,0,0,0,1,0,0,0,0,0,0,0,0,0,0,0,0.00,0.00,0.00,T,4.50,4.50,4.50,PAH,Sphere,0.04 ,0,7.40,HEPES Buffer,0,1 C H2O,1,15,Yes,Negative,Shewanella oneidensis,MR-1,No,GBV,1.08 ,,
15,10.1021/acs.analchem.6b04652,3a,Tian Autumn Qiu,Christy Haynes,2018/9/18,2017/1/9,Gold,0,0,0,0,0,1,0,0,0,0,0,0,0,0,0,0,0,0.00,0.00,0.00,T,4.50,4.50,4.50,PAH,Sphere,0.00 ,0,7.40,HEPES Buffer,0,1 C H2O,1,15,Yes,Negative,Shewanella oneidensis,MR-1,No,GBV,1.12 ,,
16,10.1021/acs.analchem.6b04652,3c,Tian Autumn Qiu,Christy Haynes,2018/9/18,2017/1/9,NMC,0,0,0,0,0,0,0.25,0.06,0.14,0.06,0.50,0,0,0,0,0,0,0.00,0.00,0.00,T,5,70,70,None,Sheet,100.00 ,127.20,7.25,Minimal Medium,0,"1 C H2O,  4 C MeOH",5,180,Yes,Negative,Shewanella oneidensis,MR-1,No,GBV,0.27 ,,
17,10.1021/acs.analchem.6b04652,3c,Tian Autumn Qiu,Christy Haynes,2018/9/18,2017/1/9,NMC,0,0,0,0,0,0,0.25,0.06,0.14,0.06,0.50,0,0,0,0,0,0,0.00,0.00,0.00,T,5,70,70,None,Sheet,50.00 ,127.20,7.25,Minimal Medium,0,"1 C H2O,  4 C MeOH",5,180,Yes,Negative,Shewanella oneidensis,MR-1,No,GBV,0.38 ,,
18,10.1021/acs.analchem.6b04652,3c,Tian Autumn Qiu,Christy Haynes,2018/9/18,2017/1/9,NMC,0,0,0,0,0,0,0.25,0.06,0.14,0.06,0.50,0,0,0,0,0,0,0.00,0.00,0.00,T,5,70,70,None,Sheet,25.00 ,127.20,7.25,Minimal Medium,0,"1 C H2O,  4 C MeOH",5,180,Yes,Negative,Shewanella oneidensis,MR-1,No,GBV,0.50 ,0.22 ,
19,10.1021/acs.analchem.6b04652,3c,Tian Autumn Qiu,Christy Haynes,2018/9/18,2017/1/9,NMC,0,0,0,0,0,0,0.25,0.06,0.14,0.06,0.50,0,0,0,0,0,0,0.00,0.00,0.00,T,5,70,70,None,Sheet,12.50 ,127.20,7.25,Minimal Medium,0,"1 C H2O,  4 C MeOH",5,180,Yes,Negative,Shewanella oneidensis,MR-1,No,GBV,0.65 ,,
20,10.1021/acs.analchem.6b04652,3c,Tian Autumn Qiu,Christy Haynes,2018/9/18,2017/1/9,NMC,0,0,0,0,0,0,0.25,0.06,0.14,0.06,0.50,0,0,0,0,0,0,0.00,0.00,0.00,T,5,70,70,None,Sheet,6.25 ,127.20,7.25,Minimal Medium,0,"1 C H2O,  4 C MeOH",5,180,Yes,Negative,Shewanella oneidensis,MR-1,No,GBV,0.76 ,,
21,10.1021/acs.analchem.6b04652,3c,Tian Autumn Qiu,Christy Haynes,2018/9/18,2017/1/9,NMC,0,0,0,0,0,0,0.25,0.06,0.14,0.06,0.50,0,0,0,0,0,0,0.00,0.00,0.00,T,5,70,70,None,Sheet,0.00 ,127.20,7.25,Minimal Medium,0,"1 C H2O,  4 C MeOH",5,180,Yes,Negative,Shewanella oneidensis,MR-1,No,GBV,1.07 ,,
22,10.1021/acs.analchem.6b04652,3c,Tian Autumn Qiu,Christy Haynes,2018/9/18,2017/1/9,NMC,0,0,0,0,0,0,0.25,0.04,0.18,0.04,0.50,0,0,0,0,0,0,0.00,0.00,0.00,T,5,70,70,None,Sheet,100.00 ,127.20,7.25,Minimal Medium,0,"1 C H2O,  4 C MeOH",5,180,Yes,Negative,Shewanella oneidensis,MR-1,No,GBV,0.28 ,,
23,10.1021/acs.analchem.6b04652,3c,Tian Autumn Qiu,Christy Haynes,2018/9/18,2017/1/9,NMC,0,0,0,0,0,0,0.25,0.04,0.18,0.04,0.50,0,0,0,0,0,0,0.00,0.00,0.00,T,5,70,70,None,Sheet,50.00 ,127.20,7.25,Minimal Medium,0,"1 C H2O,  4 C MeOH",5,180,Yes,Negative,Shewanella oneidensis,MR-1,No,GBV,0.23 ,,
24,10.1021/acs.analchem.6b04652,3c,Tian Autumn Qiu,Christy Haynes,2018/9/18,2017/1/9,NMC,0,0,0,0,0,0,0.25,0.04,0.18,0.04,0.50,0,0,0,0,0,0,0.00,0.00,0.00,T,5,70,70,None,Sheet,25.00 ,127.20,7.25,Minimal Medium,0,"1 C H2O,  4 C MeOH",5,180,Yes,Negative,Shewanella oneidensis,MR-1,No,GBV,0.40 ,,
25,10.1021/acs.analchem.6b04652,3c,Tian Autumn Qiu,Christy Haynes,2018/9/18,2017/1/9,NMC,0,0,0,0,0,0,0.25,0.04,0.18,0.04,0.50,0,0,0,0,0,0,0.00,0.00,0.00,T,5,70,70,None,Sheet,12.50 ,127.20,7.25,Minimal Medium,0,"1 C H2O,  4 C MeOH",5,180,Yes,Negative,Shewanella oneidensis,MR-1,No,GBV,0.53 ,,
26,10.1021/acs.analchem.6b04652,3c,Tian Autumn Qiu,Christy Haynes,2018/9/18,2017/1/9,NMC,0,0,0,0,0,0,0.25,0.04,0.18,0.04,0.50,0,0,0,0,0,0,0.00,0.00,0.00,T,5,70,70,None,Sheet,6.25 ,127.20,7.25,Minimal Medium,0,"1 C H2O,  4 C MeOH",5,180,Yes,Negative,Shewanella oneidensis,MR-1,No,GBV,0.73 ,,
27,10.1021/acs.analchem.6b04652,3c,Tian Autumn Qiu,Christy Haynes,2018/9/18,2017/1/9,NMC,0,0,0,0,0,0,0.25,0.04,0.18,0.04,0.50,0,0,0,0,0,0,0.00,0.00,0.00,T,5,70,70,None,Sheet,0.00 ,127.20,7.25,Minimal Medium,0,"1 C H2O,  4 C MeOH",5,180,Yes,Negative,Shewanella oneidensis,MR-1,No,GBV,1.07 ,,
28,10.1021/acs.analchem.6b04652,3d,Tian Autumn Qiu,Christy Haynes,2018/9/18,2017/1/9,Gold,0,0,0,0,0,1,0,0,0,0,0,0,0,0,0,0,0,0.00,0.00,0.00,T,4.50,4.50,4.50,MPNH2,Sphere,0.00 ,0,7.40,HEPES Buffer,0,Diafiltration,0,15,Yes,Positive,Bacillus subtilis,SB 491,No,GBV,1.00 ,,
29,10.1021/acs.analchem.6b04652,3d,Tian Autumn Qiu,Christy Haynes,2018/9/18,2017/1/9,Gold,0,0,0,0,0,1,0,0,0,0,0,0,0,0,0,0,0,0.00,0.00,0.00,T,4.50,4.50,4.50,MPNH2,Sphere,0.50 ,0,7.40,HEPES Buffer,0,Diafiltration,0,15,Yes,Positive,Bacillus subtilis,SB 491,No,GBV,0.73 ,0.00 ,
30,10.1021/acs.analchem.6b04652,3d,Tian Autumn Qiu,Christy Haynes,2018/9/18,2017/1/9,Gold,0,0,0,0,0,1,0,0,0,0,0,0,0,0,0,0,0,0.00,0.00,0.00,T,4.50,4.50,4.50,MPNH2,Sphere,5.00 ,0,7.40,HEPES Buffer,0,Diafiltration,0,15,Yes,Positive,Bacillus subtilis,SB 491,No,GBV,0.46 ,,
31,10.1021/acs.analchem.6b04652,3d,Tian Autumn Qiu,Christy Haynes,2018/9/18,2017/1/9,Gold,0,0,0,0,0,1,0,0,0,0,0,0,0,0,0,0,0,0.00,0.00,0.00,T,4.50,4.50,4.50,MPNH2,Sphere,10.00 ,0,7.40,HEPES Buffer,0,Diafiltration,0,15,Yes,Positive,Bacillus subtilis,SB 491,No,GBV,0.19 ,,
32,10.1021/acs.analchem.6b04652,3d,Tian Autumn Qiu,Christy Haynes,2018/9/18,2017/1/9,Gold,0,0,0,0,0,1,0,0,0,0,0,0,0,0,0,0,0,0.00,0.00,0.00,T,4.50,4.50,4.50,MPNH2,Sphere,0.00 ,0,7.40,HEPES Buffer,0,Diafiltration,0,15,Yes,Positive,Bacillus subtilis,tagE,No,GBV,1.00 ,,
33,10.1021/acs.analchem.6b04652,3d,Tian Autumn Qiu,Christy Haynes,2018/9/18,2017/1/9,Gold,0,0,0,0,0,1,0,0,0,0,0,0,0,0,0,0,0,0.00,0.00,0.00,T,4.50,4.50,4.50,MPNH2,Sphere,0.50 ,0,7.40,HEPES Buffer,0,Diafiltration,0,15,Yes,Positive,Bacillus subtilis,tagE,No,GBV,0.87 ,,
34,10.1021/acs.analchem.6b04652,3d,Tian Autumn Qiu,Christy Haynes,2018/9/18,2017/1/9,Gold,0,0,0,0,0,1,0,0,0,0,0,0,0,0,0,0,0,0.00,0.00,0.00,T,4.50,4.50,4.50,MPNH2,Sphere,5.00 ,0,7.40,HEPES Buffer,0,Diafiltration,0,15,Yes,Positive,Bacillus subtilis,tagE,No,GBV,0.77 ,,
35,10.1021/acs.analchem.6b04652,3d,Tian Autumn Qiu,Christy Haynes,2018/9/18,2017/1/9,Gold,0,0,0,0,0,1,0,0,0,0,0,0,0,0,0,0,0,0.00,0.00,0.00,T,4.50,4.50,4.50,MPNH2,Sphere,10.00 ,0,7.40,HEPES Buffer,0,Diafiltration,0,15,Yes,Positive,Bacillus subtilis,tagE,No,GBV,0.28 ,,
36,10.1021/acs.analchem.6b04652,3d,Tian Autumn Qiu,Christy Haynes,2018/9/18,2017/1/9,Gold,0,0,0,0,0,1,0,0,0,0,0,0,0,0,0,0,0,0.00,0.00,0.00,T,4.50,4.50,4.50,MPNH2,Sphere,0.00 ,0,7.40,HEPES Buffer,0,Diafiltration,0,15,Yes,Positive,Bacillus subtilis,dltA,No,GBV,1.00 ,,
37,10.1021/acs.analchem.6b04652,3d,Tian Autumn Qiu,Christy Haynes,2018/9/18,2017/1/9,Gold,0,0,0,0,0,1,0,0,0,0,0,0,0,0,0,0,0,0.00,0.00,0.00,T,4.50,4.50,4.50,MPNH2,Sphere,0.50 ,0,7.40,HEPES Buffer,0,Diafiltration,0,15,Yes,Positive,Bacillus subtilis,dltA,No,GBV,0.74 ,,
38,10.1021/acs.analchem.6b04652,3d,Tian Autumn Qiu,Christy Haynes,2018/9/18,2017/1/9,Gold,0,0,0,0,0,1,0,0,0,0,0,0,0,0,0,0,0,0.00,0.00,0.00,T,4.50,4.50,4.50,MPNH2,Sphere,5.00 ,0,7.40,HEPES Buffer,0,Diafiltration,0,15,Yes,Positive,Bacillus subtilis,dltA,No,GBV,0.70 ,,
39,10.1021/acs.analchem.6b04652,3d,Tian Autumn Qiu,Christy Haynes,2018/9/18,2017/1/9,Gold,0,0,0,0,0,1,0,0,0,0,0,0,0,0,0,0,0,0.00,0.00,0.00,T,4.50,4.50,4.50,MPNH2,Sphere,10.00 ,0,7.40,HEPES Buffer,0,Diafiltration,0,15,Yes,Positive,Bacillus subtilis,dltA,No,GBV,0.45 ,,
40,10.1021/acsanm.8b00187,5,Natalie Hudson-Smith,Christy Haynes,2018/10/8,2018/4/2,NMC,0,0,0,0,0,0,0.25,0.08,0.08,0.09,0.50,0,0,0,0,0,0,0.00,0.00,0.00,T,5,70,70,None,Sheet,100.00 ,127.20,7.25,Minimal Medium,0,"2 C H2O,  3 C MeOH",5,180,Yes,Negative,Shewanella oneidensis,MR-1,No,GBV,0.29 ,,
41,10.1021/acsanm.8b00187,5,Natalie Hudson-Smith,Christy Haynes,2018/10/8,2018/4/2,NMC,0,0,0,0,0,0,0.25,0.08,0.08,0.09,0.50,0,0,0,0,0,0,0.00,0.00,0.00,T,5,70,70,None,Sheet,50.00 ,127.20,7.25,Minimal Medium,0,"2 C H2O,  3 C MeOH",5,180,Yes,Negative,Shewanella oneidensis,MR-1,No,GBV,0.39 ,,
42,10.1021/acsanm.8b00187,5,Natalie Hudson-Smith,Christy Haynes,2018/10/8,2018/4/2,NMC,0,0,0,0,0,0,0.25,0.08,0.08,0.09,0.50,0,0,0,0,0,0,0.00,0.00,0.00,T,5,70,70,None,Sheet,25.00 ,127.20,7.25,Minimal Medium,0,"2 C H2O,  3 C MeOH",5,180,Yes,Negative,Shewanella oneidensis,MR-1,No,GBV,0.52 ,,
43,10.1021/acsanm.8b00187,5,Natalie Hudson-Smith,Christy Haynes,2018/10/8,2018/4/2,NMC,0,0,0,0,0,0,0.25,0.08,0.08,0.09,0.50,0,0,0,0,0,0,0.00,0.00,0.00,T,5,70,70,None,Sheet,13.00 ,127.20,7.25,Minimal Medium,0,"2 C H2O,  3 C MeOH",5,180,Yes,Negative,Shewanella oneidensis,MR-1,No,GBV,0.58 ,,
44,10.1021/acsanm.8b00187,5,Natalie Hudson-Smith,Christy Haynes,2018/10/8,2018/4/2,NMC,0,0,0,0,0,0,0.25,0.08,0.08,0.09,0.50,0,0,0,0,0,0,0.00,0.00,0.00,T,5,70,70,None,Sheet,6.00 ,127.20,7.25,Minimal Medium,0,"2 C H2O,  3 C MeOH",5,180,Yes,Negative,Shewanella oneidensis,MR-1,No,GBV,0.75 ,,
45,10.1021/acsanm.8b00187,5,Natalie Hudson-Smith,Christy Haynes,2018/10/8,2018/4/2,NMC,0,0,0,0,0,0,0.25,0.08,0.08,0.09,0.50,0,0,0,0,0,0,0.00,0.00,0.00,T,5,70,70,None,Sheet,0.00 ,127.20,7.25,Minimal Medium,0,"2 C H2O,  3 C MeOH",5,180,Yes,Negative,Shewanella oneidensis,MR-1,No,GBV,1.16 ,,
46,10.1021/acsanm.8b00187,5,Natalie Hudson-Smith,Christy Haynes,2018/10/8,2018/4/2,NMC,0,0,0,0,0,0,0.25,0.08,0.09,0.08,0.50,0,0,0,0,0,0,0.00,0.00,0.00,T,33,40,47,None,Rectangular Prism,100.00 ,24.32,7.25,Minimal Medium,0,"2 C H2O,  3 C MeOH",5,180,Yes,Negative,Shewanella oneidensis,MR-1,No,GBV,0.56 ,,
47,10.1021/acsanm.8b00187,5,Natalie Hudson-Smith,Christy Haynes,2018/10/8,2018/4/2,NMC,0,0,0,0,0,0,0.25,0.08,0.09,0.08,0.50,0,0,0,0,0,0,0.00,0.00,0.00,T,33,40,47,None,Rectangular Prism,50.00 ,24.32,7.25,Minimal Medium,0,"2 C H2O,  3 C MeOH",5,180,Yes,Negative,Shewanella oneidensis,MR-1,No,GBV,0.71 ,,
48,10.1021/acsanm.8b00187,5,Natalie Hudson-Smith,Christy Haynes,2018/10/8,2018/4/2,NMC,0,0,0,0,0,0,0.25,0.08,0.09,0.08,0.50,0,0,0,0,0,0,0.00,0.00,0.00,T,33,40,47,None,Rectangular Prism,25.00 ,24.32,7.25,Minimal Medium,0,"2 C H2O,  3 C MeOH",5,180,Yes,Negative,Shewanella oneidensis,MR-1,No,GBV,0.83 ,0.05 ,
49,10.1021/acsanm.8b00187,5,Natalie Hudson-Smith,Christy Haynes,2018/10/8,2018/4/2,NMC,0,0,0,0,0,0,0.25,0.08,0.09,0.08,0.50,0,0,0,0,0,0,0.00,0.00,0.00,T,33,40,47,None,Rectangular Prism,13.00 ,24.32,7.25,Minimal Medium,0,"2 C H2O,  3 C MeOH",5,180,Yes,Negative,Shewanella oneidensis,MR-1,No,GBV,0.84 ,0.10 ,
50,10.1021/acsanm.8b00187,5,Natalie Hudson-Smith,Christy Haynes,2018/10/8,2018/4/2,NMC,0,0,0,0,0,0,0.25,0.08,0.09,0.08,0.50,0,0,0,0,0,0,0.00,0.00,0.00,T,33,40,47,None,Rectangular Prism,6.00 ,24.32,7.25,Minimal Medium,0,"2 C H2O,  3 C MeOH",5,180,Yes,Negative,Shewanella oneidensis,MR-1,No,GBV,0.98 ,,
51,10.1021/acsanm.8b00187,5,Natalie Hudson-Smith,Christy Haynes,2018/10/8,2018/4/2,NMC,0,0,0,0,0,0,0.25,0.08,0.09,0.08,0.50,0,0,0,0,0,0,0.00,0.00,0.00,T,33,40,47,None,Rectangular Prism,0.00 ,24.32,7.25,Minimal Medium,0,"2 C H2O,  3 C MeOH",5,180,Yes,Negative,Shewanella oneidensis,MR-1,No,GBV,1.12 ,,
52,10.1021/acsanm.8b00187,5,Natalie Hudson-Smith,Christy Haynes,2018/10/8,2018/4/2,NMC,0,0,0,0,0,0,0.25,0.08,0.08,0.08,0.50,0,0,0,0,0,0,0.00,0.00,0.00,T,"7,000","11,000","15,000",None,Amorphous,1000.00 ,0.98,7.25,Minimal Medium,0,"2 C H2O,  3 C MeOH",5,180,Yes,Negative,Shewanella oneidensis,MR-1,No,GBV,0.76 ,,
53,10.1021/acsanm.8b00187,5,Natalie Hudson-Smith,Christy Haynes,2018/10/8,2018/4/2,NMC,0,0,0,0,0,0,0.25,0.08,0.08,0.08,0.50,0,0,0,0,0,0,0.00,0.00,0.00,T,"7,000","11,000","15,000",None,Amorphous,500.00 ,0.98,7.25,Minimal Medium,0,"2 C H2O,  3 C MeOH",5,180,Yes,Negative,Shewanella oneidensis,MR-1,No,GBV,0.90 ,,
54,10.1021/acsanm.8b00187,5,Natalie Hudson-Smith,Christy Haynes,2018/10/8,2018/4/2,NMC,0,0,0,0,0,0,0.25,0.08,0.08,0.08,0.50,0,0,0,0,0,0,0.00,0.00,0.00,T,"7,000","11,000","15,000",None,Amorphous,250.00 ,0.98,7.25,Minimal Medium,0,"2 C H2O,  3 C MeOH",5,180,Yes,Negative,Shewanella oneidensis,MR-1,No,GBV,1.00 ,0.13 ,
55,10.1021/acsanm.8b00187,5,Natalie Hudson-Smith,Christy Haynes,2018/10/8,2018/4/2,NMC,0,0,0,0,0,0,0.25,0.08,0.08,0.08,0.50,0,0,0,0,0,0,0.00,0.00,0.00,T,"7,000","11,000","15,000",None,Amorphous,125.00 ,0.98,7.25,Minimal Medium,0,"2 C H2O,  3 C MeOH",5,180,Yes,Negative,Shewanella oneidensis,MR-1,No,GBV,1.09 ,,
56,10.1021/acsanm.8b00187,5,Natalie Hudson-Smith,Christy Haynes,2018/10/8,2018/4/2,NMC,0,0,0,0,0,0,0.25,0.08,0.08,0.08,0.50,0,0,0,0,0,0,0.00,0.00,0.00,T,"7,000","11,000","15,000",None,Amorphous,63.00 ,0.98,7.25,Minimal Medium,0,"2 C H2O,  3 C MeOH",5,180,Yes,Negative,Shewanella oneidensis,MR-1,No,GBV,1.15 ,,
57,10.1021/acsanm.8b00187,5,Natalie Hudson-Smith,Christy Haynes,2018/10/8,2018/4/2,NMC,0,0,0,0,0,0,0.25,0.08,0.08,0.08,0.50,0,0,0,0,0,0,0.00,0.00,0.00,T,"7,000","11,000","15,000",None,Amorphous,0.00 ,0.98,7.25,Minimal Medium,0,"2 C H2O,  3 C MeOH",5,180,Yes,Negative,Shewanella oneidensis,MR-1,No,GBV,1.18 ,,
58,10.1021/acs.analchem.6b04161,2,Tian Autumn Qiu,Christy Haynes,2018/10/6,2016/12/26,Gold,0,0,0,0,0,1,0,0,0,0,0,0,0,0,0,0,0,0.00,0.00,0.00,T,4.80,4.80,4.80,PAH,Sphere,0.00 ,0.98,7.40,HEPES Buffer,0,Diafiltration,0,15,Yes,Negative,Shewanella oneidensis,MR-1,No,CC,1.00 ,,
59,10.1021/acs.analchem.6b04161,2,Tian Autumn Qiu,Christy Haynes,2018/10/6,2016/12/26,Gold,0,0,0,0,0,1,0,0,0,0,0,0,0,0,0,0,0,0.00,0.00,0.00,T,4.80,4.80,4.80,PAH,Sphere,0.00 ,0,7.40,HEPES Buffer,0,Diafiltration,0,15,Yes,Negative,Shewanella oneidensis,MR-1,No,CC,0.99 ,,
60,10.1021/acs.analchem.6b04161,2,Tian Autumn Qiu,Christy Haynes,2018/10/6,2016/12/26,Gold,0,0,0,0,0,1,0,0,0,0,0,0,0,0,0,0,0,0.00,0.00,0.00,T,4.80,4.80,4.80,PAH,Sphere,0.00 ,0,7.40,HEPES Buffer,0,Diafiltration,0,15,Yes,Negative,Shewanella oneidensis,MR-1,No,CC,1.21 ,,
61,10.1021/acs.analchem.6b04161,2,Tian Autumn Qiu,Christy Haynes,2018/10/6,2016/12/26,Gold,0,0,0,0,0,1,0,0,0,0,0,0,0,0,0,0,0,0.00,0.00,0.00,T,4.80,4.80,4.80,PAH,Sphere,0.00 ,0,7.40,HEPES Buffer,0,Diafiltration,0,15,Yes,Negative,Shewanella oneidensis,MR-1,No,CC,1.11 ,,
62,10.1021/acs.analchem.6b04161,2,Tian Autumn Qiu,Christy Haynes,2018/10/6,2016/12/26,Gold,0,0,0,0,0,1,0,0,0,0,0,0,0,0,0,0,0,0.00,0.00,0.00,T,4.80,4.80,4.80,PAH,Sphere,0.00 ,0,7.40,HEPES Buffer,0,Diafiltration,0,15,Yes,Negative,Shewanella oneidensis,MR-1,No,CC,0.49 ,,
63,10.1021/acs.analchem.6b04161,2,Tian Autumn Qiu,Christy Haynes,2018/10/6,2016/12/26,Gold,0,0,0,0,0,1,0,0,0,0,0,0,0,0,0,0,0,0.00,0.00,0.00,T,4.80,4.80,4.80,PAH,Sphere,0.03 ,0,7.40,HEPES Buffer,0,Diafiltration,0,15,Yes,Negative,Shewanella oneidensis,MR-1,No,CC,0.01 ,,
64,10.1021/acs.analchem.6b04161,2,Tian Autumn Qiu,Christy Haynes,2018/10/6,2016/12/26,Gold,0,0,0,0,0,1,0,0,0,0,0,0,0,0,0,0,0,0.00,0.00,0.00,T,4.50,4.50,4.50,PAH,Sphere,0.00 ,0,7.40,HEPES Buffer,0,1 C H2O,1,15,Yes,Negative,Shewanella oneidensis,MR-1,No,CC,1.00 ,,
65,10.1021/acs.analchem.6b04161,2,Tian Autumn Qiu,Christy Haynes,2018/10/6,2016/12/26,Gold,0,0,0,0,0,1,0,0,0,0,0,0,0,0,0,0,0,0.00,0.00,0.00,T,4.50,4.50,4.50,PAH,Sphere,0.03 ,0,7.40,HEPES Buffer,0,1 C H2O,1,15,Yes,Negative,Shewanella oneidensis,MR-1,No,CC,1.00 ,0.07 ,
66,10.1021/acs.analchem.6b04161,2,Tian Autumn Qiu,Christy Haynes,2018/10/6,2016/12/26,Gold,0,0,0,0,0,1,0,0,0,0,0,0,0,0,0,0,0,0.00,0.00,0.00,T,4.50,4.50,4.50,PAH,Sphere,0.08 ,0,7.40,HEPES Buffer,0,1 C H2O,1,15,Yes,Negative,Shewanella oneidensis,MR-1,No,CC,1.55 ,,
67,10.1021/acs.analchem.6b04161,2,Tian Autumn Qiu,Christy Haynes,2018/10/6,2016/12/26,Gold,0,0,0,0,0,1,0,0,0,0,0,0,0,0,0,0,0,0.00,0.00,0.00,T,4.50,4.50,4.50,PAH,Sphere,0.13 ,0,7.40,HEPES Buffer,0,1 C H2O,1,15,Yes,Negative,Shewanella oneidensis,MR-1,No,CC,1.42 ,0.15 ,
68,10.1021/acs.analchem.6b04161,2,Tian Autumn Qiu,Christy Haynes,2018/10/6,2016/12/26,Gold,0,0,0,0,0,1,0,0,0,0,0,0,0,0,0,0,0,0.00,0.00,0.00,T,4.50,4.50,4.50,PAH,Sphere,0.25 ,0,7.40,HEPES Buffer,0,1 C H2O,1,15,Yes,Negative,Shewanella oneidensis,MR-1,No,CC,0.57 ,,
69,10.1021/acs.analchem.6b04161,2,Tian Autumn Qiu,Christy Haynes,2018/10/6,2016/12/26,Gold,0,0,0,0,0,1,0,0,0,0,0,0,0,0,0,0,0,0.00,0.00,0.00,T,4.50,4.50,4.50,PAH,Sphere,0.30 ,0,7.40,HEPES Buffer,0,1 C H2O,1,15,Yes,Negative,Shewanella oneidensis,MR-1,No,CC,0.09 ,,
70,10.1021/acs.analchem.6b04161,2,Tian Autumn Qiu,Christy Haynes,2018/10/6,2016/12/26,Gold,0,0,0,0,0,1,0,0,0,0,0,0,0,0,0,0,0,0.00,0.00,0.00,T,4.50,4.50,4.50,PAH,Sphere,0.60 ,0,7.40,HEPES Buffer,0,1 C H2O,1,15,Yes,Negative,Shewanella oneidensis,MR-1,No,CC,0.01 ,,
71,10.1021/acs.analchem.6b04161,2,Tian Autumn Qiu,Christy Haynes,2018/10/6,2016/12/26,Gold,0,0,0,0,0,1,0,0,0,0,0,0,0,0,0,0,0,0.00,0.00,0.00,T,5.10,5.10,5.10,PAH,Sphere,0.00 ,0,7.40,HEPES Buffer,0,2 C H2O,2,15,Yes,Negative,Shewanella oneidensis,MR-1,No,CC,1.00 ,,
72,10.1021/acs.analchem.6b04161,2,Tian Autumn Qiu,Christy Haynes,2018/10/6,2016/12/26,Gold,0,0,0,0,0,1,0,0,0,0,0,0,0,0,0,0,0,0.00,0.00,0.00,T,5.10,5.10,5.10,PAH,Sphere,0.30 ,0,7.40,HEPES Buffer,0,2 C H2O,2,15,Yes,Negative,Shewanella oneidensis,MR-1,No,CC,0.91 ,,
73,10.1021/acs.analchem.6b04161,2,Tian Autumn Qiu,Christy Haynes,2018/10/6,2016/12/26,Gold,0,0,0,0,0,1,0,0,0,0,0,0,0,0,0,0,0,0.00,0.00,0.00,T,5.10,5.10,5.10,PAH,Sphere,0.60 ,0,7.40,HEPES Buffer,0,2 C H2O,2,15,Yes,Negative,Shewanella oneidensis,MR-1,No,CC,0.66 ,,
74,10.1021/acs.analchem.6b04161,2,Tian Autumn Qiu,Christy Haynes,2018/10/6,2016/12/26,Gold,0,0,0,0,0,1,0,0,0,0,0,0,0,0,0,0,0,0.00,0.00,0.00,T,5.10,5.10,5.10,PAH,Sphere,1.20 ,0,7.40,HEPES Buffer,0,2 C H2O,2,15,Yes,Negative,Shewanella oneidensis,MR-1,No,CC,0.66 ,,
75,10.1021/acs.analchem.6b04161,2,Tian Autumn Qiu,Christy Haynes,2018/10/6,2016/12/26,Gold,0,0,0,0,0,1,0,0,0,0,0,0,0,0,0,0,0,0.00,0.00,0.00,T,5.10,5.10,5.10,PAH,Sphere,2.00 ,0,7.40,HEPES Buffer,0,2 C H2O,2,15,Yes,Negative,Shewanella oneidensis,MR-1,No,CC,0.32 ,0.07 ,
76,10.1039/c5sc00792e,2,Vivian Feng,Vivian Feng,2019/1/22,2015/6/15,Gold,0,0,0,0,0,1,0,0,0,0,0,0,0,0,0,0,0,0.00,0.00,0.00,T,4.70,4.70,4.70,PAH,Sphere,0.00 ,0,7.40,HEPES Buffer,0,1 C H2O,1,10,Yes,Negative,Shewanella oneidensis,MR-1,No,CC,1.00 ,,
77,10.1039/c5sc00792e,2,Vivian Feng,Vivian Feng,2019/1/22,2015/6/15,Gold,0,0,0,0,0,1,0,0,0,0,0,0,0,0,0,0,0,0.00,0.00,0.00,T,4.70,4.70,4.70,PAH,Sphere,0.00 ,0,7.40,HEPES Buffer,0,1 C H2O,1,10,Yes,Negative,Shewanella oneidensis,MR-1,No,CC,0.93 ,,
78,10.1039/c5sc00792e,2,Vivian Feng,Vivian Feng,2019/1/22,2015/6/15,Gold,0,0,0,0,0,1,0,0,0,0,0,0,0,0,0,0,0,0.00,0.00,0.00,T,4.70,4.70,4.70,PAH,Sphere,0.00 ,0,7.40,HEPES Buffer,0,1 C H2O,1,10,Yes,Negative,Shewanella oneidensis,MR-1,No,CC,0.76 ,,
79,10.1039/c5sc00792e,2,Vivian Feng,Vivian Feng,2019/1/22,2015/6/15,Gold,0,0,0,0,0,1,0,0,0,0,0,0,0,0,0,0,0,0.00,0.00,0.00,T,4.70,4.70,4.70,PAH,Sphere,0.00 ,0,7.40,HEPES Buffer,0,1 C H2O,1,10,Yes,Negative,Shewanella oneidensis,MR-1,No,CC,0.35 ,,
80,10.1039/c5sc00792e,2,Vivian Feng,Vivian Feng,2019/1/22,2015/6/15,Gold,0,0,0,0,0,1,0,0,0,0,0,0,0,0,0,0,0,0.00,0.00,0.00,T,4.70,4.70,4.70,PAH,Sphere,0.00 ,0,7.40,HEPES Buffer,0,1 C H2O,1,10,Yes,Positive,Bacillus subtilis,SB 491,No,CC,1.00 ,0.27 ,
81,10.1039/c5sc00792e,2,Vivian Feng,Vivian Feng,2019/1/22,2015/6/15,Gold,0,0,0,0,0,1,0,0,0,0,0,0,0,0,0,0,0,0.00,0.00,0.00,T,4.70,4.70,4.70,PAH,Sphere,0.00 ,0,7.40,HEPES Buffer,0,1 C H2O,1,10,Yes,Positive,Bacillus subtilis,SB 491,No,CC,0.91 ,,
82,10.1039/c5sc00792e,2,Vivian Feng,Vivian Feng,2019/1/22,2015/6/15,Gold,0,0,0,0,0,1,0,0,0,0,0,0,0,0,0,0,0,0.00,0.00,0.00,T,4.70,4.70,4.70,PAH,Sphere,0.00 ,0,7.40,HEPES Buffer,0,1 C H2O,1,10,Yes,Positive,Bacillus subtilis,SB 491,No,CC,0.06 ,,
83,10.1039/c5sc00792e,2,Vivian Feng,Vivian Feng,2019/1/22,2015/6/15,Gold,0,0,0,0,0,1,0,0,0,0,0,0,0,0,0,0,0,0.00,0.00,0.00,T,4.70,4.70,4.70,PAH,Sphere,0.00 ,0,7.40,HEPES Buffer,0,1 C H2O,1,10,Yes,Positive,Bacillus subtilis,SB 491,No,CC,0.06 ,0.01 ,
84,10.1039/c5sc00792e,2,Vivian Feng,Vivian Feng,2019/1/22,2015/6/15,Gold,0,0,0,0,0,1,0,0,0,0,0,0,0,0,0,0,0,0.00,0.00,0.00,T,8.90,8.90,8.90,MPNH2,Sphere,0.00 ,0,7.40,HEPES Buffer,0,Diafiltration,0,10,Yes,Negative,Shewanella oneidensis,MR-1,No,CC,1.00 ,,
85,10.1039/c5sc00792e,2,Vivian Feng,Vivian Feng,2019/1/22,2015/6/15,Gold,0,0,0,0,0,1,0,0,0,0,0,0,0,0,0,0,0,0.00,0.00,0.00,T,8.90,8.90,8.90,MPNH2,Sphere,0.00 ,0,7.40,HEPES Buffer,0,Diafiltration,0,10,Yes,Negative,Shewanella oneidensis,MR-1,No,CC,0.70 ,,
86,10.1039/c5sc00792e,2,Vivian Feng,Vivian Feng,2019/1/22,2015/6/15,Gold,0,0,0,0,0,1,0,0,0,0,0,0,0,0,0,0,0,0.00,0.00,0.00,T,8.90,8.90,8.90,MPNH2,Sphere,0.00 ,0,7.40,HEPES Buffer,0,Diafiltration,0,10,Yes,Negative,Shewanella oneidensis,MR-1,No,CC,0.79 ,,
87,10.1039/c5sc00792e,2,Vivian Feng,Vivian Feng,2019/1/22,2015/6/15,Gold,0,0,0,0,0,1,0,0,0,0,0,0,0,0,0,0,0,0.00,0.00,0.00,T,8.90,8.90,8.90,MPNH2,Sphere,0.01 ,0,7.40,HEPES Buffer,0,Diafiltration,0,10,Yes,Negative,Shewanella oneidensis,MR-1,No,CC,0.56 ,,
88,10.1039/c5sc00792e,2,Vivian Feng,Vivian Feng,2019/1/22,2015/6/15,Gold,0,0,0,0,0,1,0,0,0,0,0,0,0,0,0,0,0,0.00,0.00,0.00,T,8.90,8.90,8.90,MPNH2,Sphere,0.00 ,0,7.40,HEPES Buffer,0,Diafiltration,0,10,Yes,Positive,Bacillus subtilis,SB 491,No,CC,1.00 ,,
89,10.1039/c5sc00792e,2,Vivian Feng,Vivian Feng,2019/1/22,2015/6/15,Gold,0,0,0,0,0,1,0,0,0,0,0,0,0,0,0,0,0,0.00,0.00,0.00,T,8.90,8.90,8.90,MPNH2,Sphere,0.00 ,0,7.40,HEPES Buffer,0,Diafiltration,0,10,Yes,Positive,Bacillus subtilis,SB 491,No,CC,0.90 ,,
90,10.1039/c5sc00792e,2,Vivian Feng,Vivian Feng,2019/1/22,2015/6/15,Gold,0,0,0,0,0,1,0,0,0,0,0,0,0,0,0,0,0,0.00,0.00,0.00,T,8.90,8.90,8.90,MPNH2,Sphere,0.00 ,0,7.40,HEPES Buffer,0,Diafiltration,0,10,Yes,Positive,Bacillus subtilis,SB 491,No,CC,0.97 ,,
91,10.1039/c5sc00792e,2,Vivian Feng,Vivian Feng,2019/1/22,2015/6/15,Gold,0,0,0,0,0,1,0,0,0,0,0,0,0,0,0,0,0,0.00,0.00,0.00,T,8.90,8.90,8.90,MPNH2,Sphere,0.01 ,0,7.40,HEPES Buffer,0,Diafiltration,0,10,Yes,Positive,Bacillus subtilis,SB 491,No,CC,0.64 ,,
92,10.1039/c5sc00792e,2,Vivian Feng,Vivian Feng,2019/1/22,2015/6/15,Gold,0,0,0,0,0,1,0,0,0,0,0,0,0,0,0,0,0,0.00,0.00,0.00,T,4.20,4.20,4.20,MPA,Sphere,0.01 ,0,7.40,HEPES Buffer,0,Diafiltration,0,10,Yes,Positive,Bacillus subtilis,SB 491,No,CC,1.00 ,0.06 ,
93,10.1039/c5sc00792e,2,Vivian Feng,Vivian Feng,2019/1/22,2015/6/15,Gold,0,0,0,0,0,1,0,0,0,0,0,0,0,0,0,0,0,0.00,0.00,0.00,T,4.20,4.20,4.20,MPA,Sphere,0.01 ,0,7.40,HEPES Buffer,0,Diafiltration,0,10,Yes,Negative,Shewanella oneidensis,MR-1,No,CC,1.00 ,,
94,10.1039/c5sc00792e,2,Vivian Feng,Vivian Feng,2019/1/22,2015/6/15,Gold,0,0,0,0,0,1,0,0,0,0,0,0,0,0,0,0,0,0.00,0.00,0.00,T,8.90,8.90,8.90,MPNH2,Sphere,0.05 ,0,7.40,HEPES Buffer,0,Diafiltration,0,10,Yes,Positive,Bacillus subtilis,SB 491,No,CC,0.92 ,,
95,10.1039/c5sc00792e,2,Vivian Feng,Vivian Feng,2019/1/22,2015/6/15,Gold,0,0,0,0,0,1,0,0,0,0,0,0,0,0,0,0,0,0.00,0.00,0.00,T,8.90,8.90,8.90,MPNH2,Sphere,0.50 ,0,7.40,HEPES Buffer,0,Diafiltration,0,10,Yes,Positive,Bacillus subtilis,SB 491,No,CC,0.87 ,,
96,10.1039/c5sc00792e,2,Vivian Feng,Vivian Feng,2019/1/22,2015/6/15,Gold,0,0,0,0,0,1,0,0,0,0,0,0,0,0,0,0,0,0.00,0.00,0.00,T,8.90,8.90,8.90,MPNH2,Sphere,5.00 ,0,7.40,HEPES Buffer,0,Diafiltration,0,10,Yes,Positive,Bacillus subtilis,SB 491,No,CC,0.47 ,,
97,10.1039/c5sc00792e,2,Vivian Feng,Vivian Feng,2019/1/22,2015/6/15,Gold,0,0,0,0,0,1,0,0,0,0,0,0,0,0,0,0,0,0.00,0.00,0.00,T,8.90,8.90,8.90,MPNH2,Sphere,10.00 ,0,7.40,HEPES Buffer,0,Diafiltration,0,10,Yes,Positive,Bacillus subtilis,SB 491,No,CC,0.22 ,,
98,10.1039/c7en00832e,Table 3,Clyde Daly,Christy Haynes,2019/2/1,2017/12/20,Gold,0,0,0,0,0,1,0,0,0,0,0,0,0,0,0,0,0,0.00,0.00,0.00,T,4.20,4.20,4.20,PAH,Sphere,0.03 ,0,7.40,HEPES Buffer,0,1 C H2O,1,10,Yes,Negative,Azotobacter vinelandii,UW,No,CC,0.00 ,,
99,10.1039/c7en00832e,Table 3,Clyde Daly,Christy Haynes,2019/2/1,2017/12/20,Gold,0,0,0,0,0,1,0,0,0,0,0,0,0,0,0,0,0,0.00,0.00,0.00,T,4.20,4.20,4.20,PAH,Sphere,0.03 ,0,7.40,HEPES Buffer,0,1 C H2O,1,10,Yes,Negative,Pseudomonas aeruginosa,PAO1,No,CC,0.00 ,,
100,10.1039/c7en00832e,Table 3,Clyde Daly,Christy Haynes,2019/2/1,2017/12/20,Gold,0,0,0,0,0,1,0,0,0,0,0,0,0,0,0,0,0,0.00,0.00,0.00,T,4.20,4.20,4.20,PAH,Sphere,0.28 ,0,7.40,HEPES Buffer,0,1 C H2O,1,10,Yes,Negative,Shewanella oneidensis,MR-4,No,CC,0.00 ,,
101,10.1039/c7en00832e,Table 3,Clyde Daly,Christy Haynes,2019/2/1,2017/12/20,Gold,0,0,0,0,0,1,0,0,0,0,0,0,0,0,0,0,0,0.00,0.00,0.00,T,4.20,4.20,4.20,PAH,Sphere,2.09 ,0,7.40,HEPES Buffer,0,1 C H2O,1,10,Yes,Negative,Acinetobacter baylyi,ADP 1,No,CC,0.00 ,0.00 ,
102,10.1016/j.carbon.2017.12.004,7,Bo Zhi,Christy Haynes,2019/1/31,2017/12/2,Carbon Dot,0.47,0.14,0.00,0,0,0,0,0,0,0,0.36,0,0,0,0.00,0.05,0,0.00,0.00,0.00,F,3.70,7.80,7.80,None,Ellipsoid,0.00 ,0,7.40,HEPES Buffer,0,None,0,15,Yes,Negative,Shewanella oneidensis,MR-1,No,CC,1.00 ,,
103,10.1016/j.carbon.2017.12.004,7,Bo Zhi,Christy Haynes,2019/1/31,2017/12/2,Carbon Dot,0.47,0.14,0.00,0,0,0,0,0,0,0,0.36,0,0,0,0.00,0.05,0,0.00,0.00,0.00,F,3.70,7.80,7.80,None,Ellipsoid,5000.00 ,0,7.40,HEPES Buffer,0,None,0,15,Yes,Negative,Shewanella oneidensis,MR-1,No,CC,1.28 ,,
104,10.1016/j.carbon.2017.12.004,7,Bo Zhi,Christy Haynes,2019/1/31,2017/12/2,Carbon Dot,0.45,0.14,0.02,0,0,0,0,0,0,0,0.33,0,0,0,0.00,0.07,0,0.00,0.00,0.00,F,3.70,6.50,6.50,None,Ellipsoid,5000.00 ,0,7.40,HEPES Buffer,0,None,0,15,Yes,Negative,Shewanella oneidensis,MR-1,No,CC,1.50 ,,
105,10.1016/j.carbon.2017.12.004,7,Bo Zhi,Christy Haynes,2019/1/31,2017/12/2,Carbon Dot,0.43,0.11,0.06,0,0,0,0,0,0,0,0.26,0,0,0,0.00,0.14,0,0.00,0.00,0.00,F,3.70,6.90,6.90,None,Ellipsoid,5000.00 ,0,7.40,HEPES Buffer,0,None,0,15,Yes,Negative,Shewanella oneidensis,MR-1,No,CC,1.52 ,,
106,10.1016/j.carbon.2017.12.004,7,Bo Zhi,Christy Haynes,2019/1/31,2017/12/2,Carbon Dot,0.45,0.12,0.05,0,0,0,0,0,0,0,0.27,0,0,0,0.00,0.11,0,0.00,0.00,0.00,F,3.70,6.30,6.30,None,Ellipsoid,5000.00 ,0,7.40,HEPES Buffer,0,None,0,15,Yes,Negative,Shewanella oneidensis,MR-1,No,CC,1.19 ,,
107,10.1016/j.carbon.2017.12.004,7,Bo Zhi,Christy Haynes,2019/1/31,2017/12/2,Carbon Dot,0.38,0.10,0.11,0,0,0,0,0,0,0,0.32,0,0,0,0.00,0.08,0,0.00,0.00,0.00,F,3.70,7.10,7.10,None,Ellipsoid,5000.00 ,0,7.40,HEPES Buffer,0,None,0,15,Yes,Negative,Shewanella oneidensis,MR-1,No,CC,1.64 ,,
108,10.1016/j.carbon.2017.12.004,7,Bo Zhi,Christy Haynes,2019/1/31,2017/12/2,Carbon Dot,0.47,0.14,0.00,0,0,0,0,0,0,0,0.36,0,0,0,0.00,0.05,0,0.00,0.00,0.00,F,3.70,7.80,7.80,None,Ellipsoid,0.00 ,0,7.40,HEPES Buffer,0,None,0,60,Yes,Negative,Shewanella oneidensis,MR-1,No,CC,1.00 ,,
109,10.1016/j.carbon.2017.12.004,7,Bo Zhi,Christy Haynes,2019/1/31,2017/12/2,Carbon Dot,0.47,0.14,0.00,0,0,0,0,0,0,0,0.36,0,0,0,0.00,0.05,0,0.00,0.00,0.00,F,3.70,7.80,7.80,None,Ellipsoid,5000.00 ,0,7.40,HEPES Buffer,0,None,0,60,Yes,Negative,Shewanella oneidensis,MR-1,No,CC,0.94 ,,
110,10.1016/j.carbon.2017.12.004,7,Bo Zhi,Christy Haynes,2019/1/31,2017/12/2,Carbon Dot,0.45,0.14,0.02,0,0,0,0,0,0,0,0.33,0,0,0,0.00,0.07,0,0.00,0.00,0.00,F,3.70,6.50,6.50,None,Ellipsoid,5000.00 ,0,7.40,HEPES Buffer,0,None,0,60,Yes,Negative,Shewanella oneidensis,MR-1,No,CC,2.02 ,,
111,10.1016/j.carbon.2017.12.004,7,Bo Zhi,Christy Haynes,2019/1/31,2017/12/2,Carbon Dot,0.43,0.11,0.06,0,0,0,0,0,0,0,0.26,0,0,0,0.00,0.14,0,0.00,0.00,0.00,F,3.70,6.90,6.90,None,Ellipsoid,5000.00 ,0,7.40,HEPES Buffer,0,None,0,60,Yes,Negative,Shewanella oneidensis,MR-1,No,CC,2.09 ,,
112,10.1016/j.carbon.2017.12.004,7,Bo Zhi,Christy Haynes,2019/1/31,2017/12/2,Carbon Dot,0.45,0.12,0.05,0,0,0,0,0,0,0,0.27,0,0,0,0.00,0.11,0,0.00,0.00,0.00,F,3.70,6.30,6.30,None,Ellipsoid,5000.00 ,0,7.40,HEPES Buffer,0,None,0,60,Yes,Negative,Shewanella oneidensis,MR-1,No,CC,1.50 ,0.85 ,
113,10.1016/j.carbon.2017.12.004,7,Bo Zhi,Christy Haynes,2019/1/31,2017/12/2,Carbon Dot,0.38,0.10,0.11,0,0,0,0,0,0,0,0.32,0,0,0,0.00,0.08,0,0.00,0.00,0.00,F,3.70,7.10,7.10,None,Ellipsoid,5000.00 ,0,7.40,HEPES Buffer,0,None,0,60,Yes,Negative,Shewanella oneidensis,MR-1,No,CC,1.15 ,,
114,10.1016/j.carbon.2017.12.004,7,Bo Zhi,Christy Haynes,2019/1/31,2017/12/2,Carbon Dot,0.46,0.14,0.01,0,0,0,0,0,0,0,0.30,0,0,0,0.00,0.09,0,0.00,0.00,0.00,F,3.50,5.50,5.50,None,Ellipsoid,0.00 ,0,7.40,HEPES Buffer,0,None,0,15,Yes,Negative,Shewanella oneidensis,MR-1,No,CC,1.00 ,,
115,10.1016/j.carbon.2017.12.004,7,Bo Zhi,Christy Haynes,2019/1/31,2017/12/2,Carbon Dot,0.46,0.14,0.01,0,0,0,0,0,0,0,0.30,0,0,0,0.00,0.09,0,0.00,0.00,0.00,F,3.50,5.50,5.50,None,Ellipsoid,5000.00 ,0,7.40,HEPES Buffer,0,None,0,15,Yes,Negative,Shewanella oneidensis,MR-1,No,CC,1.56 ,0.43 ,
116,10.1016/j.carbon.2017.12.004,7,Bo Zhi,Christy Haynes,2019/1/31,2017/12/2,Carbon Dot,0.46,0.15,0.02,0,0,0,0,0,0,0,0.29,0,0,0,0.00,0.08,0,0.00,0.00,0.00,F,3.50,8.10,8.10,None,Ellipsoid,5000.00 ,0,7.40,HEPES Buffer,0,None,0,15,Yes,Negative,Shewanella oneidensis,MR-1,No,CC,1.51 ,,
117,10.1016/j.carbon.2017.12.004,7,Bo Zhi,Christy Haynes,2019/1/31,2017/12/2,Carbon Dot,0.42,0.13,0.05,0,0,0,0,0,0,0,0.28,0,0,0,0.00,0.11,0,0.00,0.00,0.00,F,3.50,7.90,7.90,None,Ellipsoid,5000.00 ,0,7.40,HEPES Buffer,0,None,0,15,Yes,Negative,Shewanella oneidensis,MR-1,No,CC,1.74 ,,
118,10.1016/j.carbon.2017.12.004,7,Bo Zhi,Christy Haynes,2019/1/31,2017/12/2,Carbon Dot,0.39,0.13,0.07,0,0,0,0,0,0,0,0.27,0,0,0,0.00,0.14,0,0.00,0.00,0.00,F,3.50,5.80,5.80,None,Ellipsoid,5000.00 ,0,7.40,HEPES Buffer,0,None,0,15,Yes,Negative,Shewanella oneidensis,MR-1,No,CC,1.73 ,,
119,10.1016/j.carbon.2017.12.004,7,Bo Zhi,Christy Haynes,2019/1/31,2017/12/2,Carbon Dot,0.36,0.12,0.08,0,0,0,0,0,0,0,0.28,0,0,0,0.00,0.14,0,0.00,0.00,0.00,F,3.50,7.30,7.30,None,Ellipsoid,5000.00 ,0,7.40,HEPES Buffer,0,None,0,15,Yes,Negative,Shewanella oneidensis,MR-1,No,CC,1.64 ,,
120,10.1016/j.carbon.2017.12.004,7,Bo Zhi,Christy Haynes,2019/1/31,2017/12/2,Carbon Dot,0.46,0.14,0.01,0,0,0,0,0,0,0,0.30,0,0,0,0.00,0.09,0,0.00,0.00,0.00,F,3.50,5.50,5.50,None,Ellipsoid,0.00 ,0,7.40,HEPES Buffer,0,None,0,60,Yes,Negative,Shewanella oneidensis,MR-1,No,CC,1.00 ,,
121,10.1016/j.carbon.2017.12.004,7,Bo Zhi,Christy Haynes,2019/1/31,2017/12/2,Carbon Dot,0.46,0.14,0.01,0,0,0,0,0,0,0,0.30,0,0,0,0.00,0.09,0,0.00,0.00,0.00,F,3.50,5.50,5.50,None,Ellipsoid,5000.00 ,0,7.40,HEPES Buffer,0,None,0,60,Yes,Negative,Shewanella oneidensis,MR-1,No,CC,1.43 ,,
122,10.1016/j.carbon.2017.12.004,7,Bo Zhi,Christy Haynes,2019/1/31,2017/12/2,Carbon Dot,0.46,0.15,0.02,0,0,0,0,0,0,0,0.29,0,0,0,0.00,0.08,0,0.00,0.00,0.00,F,3.50,8.10,8.10,None,Ellipsoid,5000.00 ,0,7.40,HEPES Buffer,0,None,0,60,Yes,Negative,Shewanella oneidensis,MR-1,No,CC,1.55 ,,
123,10.1016/j.carbon.2017.12.004,7,Bo Zhi,Christy Haynes,2019/1/31,2017/12/2,Carbon Dot,0.42,0.13,0.05,0,0,0,0,0,0,0,0.28,0,0,0,0.00,0.11,0,0.00,0.00,0.00,F,3.50,7.90,7.90,None,Ellipsoid,5000.00 ,0,7.40,HEPES Buffer,0,None,0,60,Yes,Negative,Shewanella oneidensis,MR-1,No,CC,2.70 ,,
124,10.1016/j.carbon.2017.12.004,7,Bo Zhi,Christy Haynes,2019/1/31,2017/12/2,Carbon Dot,0.39,0.13,0.07,0,0,0,0,0,0,0,0.27,0,0,0,0.00,0.14,0,0.00,0.00,0.00,F,3.50,5.80,5.80,None,Ellipsoid,5000.00 ,0,7.40,HEPES Buffer,0,None,0,60,Yes,Negative,Shewanella oneidensis,MR-1,No,CC,1.49 ,,
125,10.1016/j.carbon.2017.12.004,7,Bo Zhi,Christy Haynes,2019/1/31,2017/12/2,Carbon Dot,0.36,0.12,0.08,0,0,0,0,0,0,0,0.28,0,0,0,0.00,0.14,0,0.00,0.00,0.00,F,3.50,7.30,7.30,None,Ellipsoid,5000.00 ,0,7.40,HEPES Buffer,0,None,0,60,Yes,Negative,Shewanella oneidensis,MR-1,No,CC,0.00 ,,
126,10.1021/acsanm.8b01000,8,Sunipa Pramanik ,Christy Haynes,2019/1/31,2018/8/10,CdSe Core QD,0,0,0,0,0,0,0,0,0,0,0,0.77,0.23,0,0,0,0,0.00,0.00,0.00,F,3.90,3.90,3.90,None,Sphere,0.00 ,0,7.40,HEPES Buffer,0,None,0,15,Yes,Negative,Shewanella oneidensis,MR-1,No,CC,1.00 ,,
127,10.1021/acsanm.8b01000,8,Sunipa Pramanik ,Christy Haynes,2019/1/31,2018/8/10,CdSe Core QD,0,0,0,0,0,0,0,0,0,0,0,0.77,0.23,0,0,0,0,0.00,0.00,0.00,F,3.90,3.90,3.90,None,Sphere,0.10 ,0,7.40,HEPES Buffer,0,None,0,15,Yes,Negative,Shewanella oneidensis,MR-1,No,CC,0.50 ,,
128,10.1021/acsanm.8b01000,8,Sunipa Pramanik ,Christy Haynes,2019/1/31,2018/8/10,CdSe Core QD,0,0,0,0,0,0,0,0,0,0,0,0.77,0.23,0,0,0,0,0.00,0.00,0.00,F,3.90,3.90,3.90,None,Sphere,0.20 ,0,7.40,HEPES Buffer,0,None,0,15,Yes,Negative,Shewanella oneidensis,MR-1,No,CC,0.33 ,,
129,10.1021/acsanm.8b01000,8,Sunipa Pramanik ,Christy Haynes,2019/1/31,2018/8/10,CdSe Core QD,0,0,0,0,0,0,0,0,0,0,0,0.77,0.23,0,0,0,0,0.00,0.00,0.00,F,3.90,3.90,3.90,None,Sphere,0.50 ,0,7.40,HEPES Buffer,0,None,0,15,Yes,Negative,Shewanella oneidensis,MR-1,No,CC,0.21 ,,
130,10.1021/acsanm.8b01000,8,Sunipa Pramanik ,Christy Haynes,2019/1/31,2018/8/10,CdSe Core QD,0,0,0,0,0,0,0,0,0,0,0,0.80,0.13,0,0,0,0.07,0.00,0.00,0.00,F,4.20,4.20,4.20,None,Sphere,0.00 ,0,7.40,HEPES Buffer,0,None,0,15,Yes,Negative,Shewanella oneidensis,MR-1,No,CC,1.00 ,,
131,10.1021/acsanm.8b01000,8,Sunipa Pramanik ,Christy Haynes,2019/1/31,2018/8/10,CdSe Core QD,0,0,0,0,0,0,0,0,0,0,0,0.80,0.13,0,0,0,0.07,0.00,0.00,0.00,F,4.20,4.20,4.20,None,Sphere,0.10 ,0,7.40,HEPES Buffer,0,None,0,15,Yes,Negative,Shewanella oneidensis,MR-1,No,CC,0.36 ,,
132,10.1021/acsanm.8b01000,8,Sunipa Pramanik ,Christy Haynes,2019/1/31,2018/8/10,CdSe Core QD,0,0,0,0,0,0,0,0,0,0,0,0.80,0.13,0,0,0,0.07,0.00,0.00,0.00,F,4.20,4.20,4.20,None,Sphere,0.20 ,0,7.40,HEPES Buffer,0,None,0,15,Yes,Negative,Shewanella oneidensis,MR-1,No,CC,0.18 ,,
133,10.1021/acsanm.8b01000,8,Sunipa Pramanik ,Christy Haynes,2019/1/31,2018/8/10,CdSe Core QD,0,0,0,0,0,0,0,0,0,0,0,0.80,0.13,0,0,0,0.07,0.00,0.00,0.00,F,4.20,4.20,4.20,None,Sphere,0.50 ,0,7.40,HEPES Buffer,0,None,0,15,Yes,Negative,Shewanella oneidensis,MR-1,No,CC,0.07 ,,
134,10.1021/acsanm.8b01000,8,Sunipa Pramanik ,Christy Haynes,2019/1/31,2018/8/10,CdSe Core QD,0,0,0,0,0,0,0,0,0,0,0,0.58,0.15,0,0,0,0.28,0.00,0.00,0.00,F,5,5,5,None,Sphere,0.00 ,0,7.40,HEPES Buffer,0,None,0,15,Yes,Negative,Shewanella oneidensis,MR-1,No,CC,1.00 ,,
135,10.1021/acsanm.8b01000,8,Sunipa Pramanik ,Christy Haynes,2019/1/31,2018/8/10,CdSe Core QD,0,0,0,0,0,0,0,0,0,0,0,0.58,0.15,0,0,0,0.28,0.00,0.00,0.00,F,5,5,5,None,Sphere,0.10 ,0,7.40,HEPES Buffer,0,None,0,15,Yes,Negative,Shewanella oneidensis,MR-1,No,CC,0.18 ,,
136,10.1021/acsanm.8b01000,8,Sunipa Pramanik ,Christy Haynes,2019/1/31,2018/8/10,CdSe Core QD,0,0,0,0,0,0,0,0,0,0,0,0.58,0.15,0,0,0,0.28,0.00,0.00,0.00,F,5,5,5,None,Sphere,0.20 ,0,7.40,HEPES Buffer,0,None,0,15,Yes,Negative,Shewanella oneidensis,MR-1,No,CC,0.08 ,,
137,10.1021/acsanm.8b01000,8,Sunipa Pramanik ,Christy Haynes,2019/1/31,2018/8/10,CdSe Core QD,0,0,0,0,0,0,0,0,0,0,0,0.58,0.15,0,0,0,0.28,0.00,0.00,0.00,F,5,5,5,None,Sphere,0.50 ,0,7.40,HEPES Buffer,0,None,0,15,Yes,Negative,Shewanella oneidensis,MR-1,No,CC,0.01 ,,
138,10.1021/acsanm.8b01000,8,Sunipa Pramanik ,Christy Haynes,2019/1/31,2018/8/10,CdSe Core QD,0,0,0,0,0,0,0,0,0,0,0,0.02,0.01,0,0,0,0.97,0.00,0.00,0.00,F,5.90,5.90,5.90,None,Sphere,0.00 ,0,7.40,HEPES Buffer,0,None,0,15,Yes,Negative,Shewanella oneidensis,MR-1,No,CC,1.00 ,,
139,10.1021/acsanm.8b01000,8,Sunipa Pramanik ,Christy Haynes,2019/1/31,2018/8/10,CdSe Core QD,0,0,0,0,0,0,0,0,0,0,0,0.02,0.01,0,0,0,0.97,0.00,0.00,0.00,F,5.90,5.90,5.90,None,Sphere,0.10 ,0,7.40,HEPES Buffer,0,None,0,15,Yes,Negative,Shewanella oneidensis,MR-1,No,CC,0.02 ,,
140,10.1021/acsanm.8b01000,8,Sunipa Pramanik ,Christy Haynes,2019/1/31,2018/8/10,CdSe Core QD,0,0,0,0,0,0,0,0,0,0,0,0.02,0.01,0,0,0,0.97,0.00,0.00,0.00,F,5.90,5.90,5.90,None,Sphere,0.20 ,0,7.40,HEPES Buffer,0,None,0,15,Yes,Negative,Shewanella oneidensis,MR-1,No,CC,0.00 ,,
141,10.1021/acsanm.8b01000,8,Sunipa Pramanik ,Christy Haynes,2019/1/31,2018/8/10,CdSe Core QD,0,0,0,0,0,0,0,0,0,0,0,0.02,0.01,0,0,0,0.97,0.00,0.00,0.00,F,5.90,5.90,5.90,None,Sphere,0.50 ,0,7.40,HEPES Buffer,0,None,0,15,Yes,Negative,Shewanella oneidensis,MR-1,No,CC,0.00 ,,
142,https://doi.org/10.1080/17435390.2018.1508785,2,Eric Melby,Gayla Orr,2019/1/31,2018/7/27,LCO,0,0,0,0,0,0,0.25,0,0.25,0,0.50,0,0,0,0,0,0,0.00,0.00,0.00,T,5,30,50,None,Sheet,0.00 ,0,7.60,Leibovitz’s L-15 media,0,Washing,0,180,No,None,Oncorhynchus mykiss,RTgill-W1,No,CC,1.00 ,,
143,https://doi.org/10.1080/17435390.2018.1508785,2,Eric Melby,Gayla Orr,2019/1/31,2018/7/27,LCO,0,0,0,0,0,0,0.25,0,0.25,0,0.50,0,0,0,0,0,0,0.00,0.00,0.00,T,5,30,50,None,Sheet,1.00 ,0,7.60,Leibovitz’s L-15 media,0,Washing,0,180,No,None,Oncorhynchus mykiss,RTgill-W1,No,CC,0.98 ,,
144,https://doi.org/10.1080/17435390.2018.1508785,2,Eric Melby,Gayla Orr,2019/1/31,2018/7/27,LCO,0,0,0,0,0,0,0.25,0,0.25,0,0.50,0,0,0,0,0,0,0.00,0.00,0.00,T,5,30,50,None,Sheet,10.00 ,0,7.60,Leibovitz’s L-15 media,0,Washing,0,180,No,None,Oncorhynchus mykiss,RTgill-W1,No,CC,0.94 ,,
145,https://doi.org/10.1080/17435390.2018.1508785,2,Eric Melby,Gayla Orr,2019/1/31,2018/7/27,LCO,0,0,0,0,0,0,0.25,0,0.25,0,0.50,0,0,0,0,0,0,0.00,0.00,0.00,T,5,30,50,None,Sheet,50.00 ,0,7.60,Leibovitz’s L-15 media,0,Washing,0,180,No,None,Oncorhynchus mykiss,RTgill-W1,No,CC,0.78 ,,
146,https://doi.org/10.1080/17435390.2018.1508785,2,Eric Melby,Gayla Orr,2019/1/31,2018/7/27,LCO,0,0,0,0,0,0,0.25,0,0.25,0,0.50,0,0,0,0,0,0,0.00,0.00,0.00,T,5,30,50,None,Sheet,100.00 ,0,7.60,Leibovitz’s L-15 media,0,Washing,0,180,No,None,Oncorhynchus mykiss,RTgill-W1,No,CC,0.69 ,,
147,https://doi.org/10.1080/17435390.2018.1508785,2,Eric Melby,Gayla Orr,2019/1/31,2018/7/27,LCP,0,0,0.14,0,0,0,0.14,0,0.14,0,0.57,0,0,0,0,0,0,0.00,0.00,0.00,F,5,100,500,None,Sheet,0.00 ,0,7.60,Leibovitz’s L-15 media,0,Washing,0,180,No,None,Oncorhynchus mykiss,RTgill-W1,No,CC,1.00 ,,
148,https://doi.org/10.1080/17435390.2018.1508785,2,Eric Melby,Gayla Orr,2019/1/31,2018/7/27,LCP,0,0,0.14,0,0,0,0.14,0,0.14,0,0.57,0,0,0,0,0,0,0.00,0.00,0.00,F,5,100,500,None,Sheet,1.00 ,0,7.60,Leibovitz’s L-15 media,0,Washing,0,180,No,None,Oncorhynchus mykiss,RTgill-W1,No,CC,1.00 ,0.02 ,
149,https://doi.org/10.1080/17435390.2018.1508785,2,Eric Melby,Gayla Orr,2019/1/31,2018/7/27,LCP,0,0,0.14,0,0,0,0.14,0,0.14,0,0.57,0,0,0,0,0,0,0.00,0.00,0.00,F,5,100,500,None,Sheet,10.00 ,0,7.60,Leibovitz’s L-15 media,0,Washing,0,180,No,None,Oncorhynchus mykiss,RTgill-W1,No,CC,1.01 ,,
150,https://doi.org/10.1080/17435390.2018.1508785,2,Eric Melby,Gayla Orr,2019/1/31,2018/7/27,LCP,0,0,0.14,0,0,0,0.14,0,0.14,0,0.57,0,0,0,0,0,0,0.00,0.00,0.00,F,5,100,500,None,Sheet,50.00 ,0,7.60,Leibovitz’s L-15 media,0,Washing,0,180,No,None,Oncorhynchus mykiss,RTgill-W1,No,CC,1.00 ,0.02 ,
151,https://doi.org/10.1080/17435390.2018.1508785,2,Eric Melby,Gayla Orr,2019/1/31,2018/7/27,LCP,0,0,0.14,0,0,0,0.14,0,0.14,0,0.57,0,0,0,0,0,0,0.00,0.00,0.00,F,5,100,500,None,Sheet,100.00 ,0,7.60,Leibovitz’s L-15 media,0,Washing,0,180,No,None,Oncorhynchus mykiss,RTgill-W1,No,CC,0.99 ,,
152,10.1016/j.chemosphere.2016.10.085,N/A - Page 1163,Clyde Daly,"Haynes, Klaper",2019/4/22,2016/11/4,Titania,0,0,0,0,0.33,0,0,0,0,0,0.67,0,0,0,0,0,0,0.00,0.00,0.00,T,20,20,20,None,Amorphous,100.00 ,0,7,LB Broth,0,Dialysis,0,30,Yes,Negative,Shewanella oneidensis,MR-1,No,VCA,1.00 ,,
153,http://dx.doi.org/10.1039/C9EN01074B,2,Joseph T. Buchman,Christy Haynes,2019/2/25,2019/12/23,NMC,0,0,0,0,0,0,0.25,0.09,0.08,0.08,0.50,0,0,0,0,0,0,0.00,0.00,0.00,T,5,70,70,None,Sheet,0.00 ,114,7.40,Minimal Medium,0,"2 C H2O,  3 C MeOH",5,180,Yes,Negative,Shewanella oneidensis,MR-1,No,GBV,1.37 ,,
154,http://dx.doi.org/10.1039/C9EN01074B,2,Joseph T. Buchman,Christy Haynes,2019/2/25,2019/12/23,NMC,0,0,0,0,0,0,0.25,0.09,0.08,0.08,0.50,0,0,0,0,0,0,0.00,0.00,0.00,T,5,70,70,None,Sheet,0.00 ,114,7.40,Minimal Medium,0,"2 C H2O,  3 C MeOH",5,180,Yes,Negative,Shewanella oneidensis,MR-1,No,GBV,0.71 ,,
155,http://dx.doi.org/10.1039/C9EN01074B,2,Joseph T. Buchman,Christy Haynes,2019/2/25,2019/12/23,NMC,0,0,0,0,0,0,0.25,0.09,0.08,0.08,0.50,0,0,0,0,0,0,0.00,0.00,0.00,T,5,70,70,None,Sheet,0.00 ,114,7.40,Minimal Medium,0,"2 C H2O,  3 C MeOH",5,180,Yes,Negative,Shewanella oneidensis,MR-1,No,GBV,0.52 ,,
156,http://dx.doi.org/10.1039/C9EN01074B,2,Joseph T. Buchman,Christy Haynes,2019/2/25,2019/12/23,NMC,0,0,0,0,0,0,0.25,0.09,0.08,0.08,0.50,0,0,0,0,0,0,0.00,0.00,0.00,T,5,70,70,None,Sheet,0.01 ,114,7.40,Minimal Medium,0,"2 C H2O,  3 C MeOH",5,180,Yes,Negative,Shewanella oneidensis,MR-1,No,GBV,0.41 ,,
157,http://dx.doi.org/10.1039/C9EN01074B,2,Joseph T. Buchman,Christy Haynes,2019/2/25,2019/12/23,NMC,0,0,0,0,0,0,0.25,0.09,0.08,0.08,0.50,0,0,0,0,0,0,0.00,0.00,0.00,T,5,70,70,None,Sheet,0.01 ,114,7.40,Minimal Medium,0,"2 C H2O,  3 C MeOH",5,180,Yes,Negative,Shewanella oneidensis,MR-1,No,GBV,0.32 ,,
158,http://dx.doi.org/10.1039/C9EN01074B,2,Joseph T. Buchman,Christy Haynes,2019/2/25,2019/12/23,NMC,0,0,0,0,0,0,0.25,0.09,0.08,0.08,0.50,0,0,0,0,0,0,0.00,0.00,0.00,T,5,70,70,None,Sheet,0.02 ,114,7.40,Minimal Medium,0,"2 C H2O,  3 C MeOH",5,180,Yes,Negative,Shewanella oneidensis,MR-1,No,GBV,0.24 ,,
159,http://dx.doi.org/10.1039/C9EN01074B,2,Joseph T. Buchman,Christy Haynes,2019/2/25,2019/12/23,NMC,0,0,0,0,0,0,0.25,0.15,0.05,0.05,0.50,0,0,0,0,0,0,0.00,0.00,0.00,T,5,70,70,None,Sheet,0.00 ,107.30,7.40,Minimal Medium,0,"2 C H2O,  3 C MeOH",5,180,Yes,Negative,Shewanella oneidensis,MR-1,No,GBV,1.32 ,,
160,http://dx.doi.org/10.1039/C9EN01074B,2,Joseph T. Buchman,Christy Haynes,2019/2/25,2019/12/23,NMC,0,0,0,0,0,0,0.25,0.15,0.05,0.05,0.50,0,0,0,0,0,0,0.00,0.00,0.00,T,5,70,70,None,Sheet,0.00 ,107.30,7.40,Minimal Medium,0,"2 C H2O,  3 C MeOH",5,180,Yes,Negative,Shewanella oneidensis,MR-1,No,GBV,0.94 ,,
161,http://dx.doi.org/10.1039/C9EN01074B,2,Joseph T. Buchman,Christy Haynes,2019/2/25,2019/12/23,NMC,0,0,0,0,0,0,0.25,0.15,0.05,0.05,0.50,0,0,0,0,0,0,0.00,0.00,0.00,T,5,70,70,None,Sheet,0.00 ,107.30,7.40,Minimal Medium,0,"2 C H2O,  3 C MeOH",5,180,Yes,Negative,Shewanella oneidensis,MR-1,No,GBV,0.73 ,0.07 ,
162,http://dx.doi.org/10.1039/C9EN01074B,2,Joseph T. Buchman,Christy Haynes,2019/2/25,2019/12/23,NMC,0,0,0,0,0,0,0.25,0.15,0.05,0.05,0.50,0,0,0,0,0,0,0.00,0.00,0.00,T,5,70,70,None,Sheet,0.01 ,107.30,7.40,Minimal Medium,0,"2 C H2O,  3 C MeOH",5,180,Yes,Negative,Shewanella oneidensis,MR-1,No,GBV,0.54 ,,
163,http://dx.doi.org/10.1039/C9EN01074B,2,Joseph T. Buchman,Christy Haynes,2019/2/25,2019/12/23,NMC,0,0,0,0,0,0,0.25,0.15,0.05,0.05,0.50,0,0,0,0,0,0,0.00,0.00,0.00,T,5,70,70,None,Sheet,0.01 ,107.30,7.40,Minimal Medium,0,"2 C H2O,  3 C MeOH",5,180,Yes,Negative,Shewanella oneidensis,MR-1,No,GBV,0.43 ,,
164,http://dx.doi.org/10.1039/C9EN01074B,2,Joseph T. Buchman,Christy Haynes,2019/2/25,2019/12/23,NMC,0,0,0,0,0,0,0.25,0.15,0.05,0.05,0.50,0,0,0,0,0,0,0.00,0.00,0.00,T,5,70,70,None,Sheet,0.02 ,107.30,7.40,Minimal Medium,0,"2 C H2O,  3 C MeOH",5,180,Yes,Negative,Shewanella oneidensis,MR-1,No,GBV,0.31 ,,
165,http://dx.doi.org/10.1039/C9EN01074B,2,Joseph T. Buchman,Christy Haynes,2019/2/25,2019/12/23,NMC,0,0,0,0,0,0,0.25,0.14,0.05,0.06,0.50,0,0,0,0,0,0,0.00,0.00,0.00,T,750,750,750,None,Amorphous,0.00 ,0.54,7.40,Minimal Medium,0,"2 C H2O,  3 C MeOH",5,180,Yes,Negative,Shewanella oneidensis,MR-1,No,GBV,1.06 ,,
166,http://dx.doi.org/10.1039/C9EN01074B,2,Joseph T. Buchman,Christy Haynes,2019/2/25,2019/12/23,NMC,0,0,0,0,0,0,0.25,0.14,0.05,0.06,0.50,0,0,0,0,0,0,0.00,0.00,0.00,T,750,750,750,None,Amorphous,0.33 ,0.54,7.40,Minimal Medium,0,"2 C H2O,  3 C MeOH",5,180,Yes,Negative,Shewanella oneidensis,MR-1,No,GBV,0.89 ,,
167,http://dx.doi.org/10.1039/C9EN01074B,2,Joseph T. Buchman,Christy Haynes,2019/2/25,2019/12/23,NMC,0,0,0,0,0,0,0.25,0.14,0.05,0.06,0.50,0,0,0,0,0,0,0.00,0.00,0.00,T,750,750,750,None,Amorphous,0.66 ,0.54,7.40,Minimal Medium,0,"2 C H2O,  3 C MeOH",5,180,Yes,Negative,Shewanella oneidensis,MR-1,No,GBV,0.76 ,,
168,http://dx.doi.org/10.1039/C9EN01074B,2,Joseph T. Buchman,Christy Haynes,2019/2/25,2019/12/23,NMC,0,0,0,0,0,0,0.25,0.14,0.05,0.06,0.50,0,0,0,0,0,0,0.00,0.00,0.00,T,750,750,750,None,Amorphous,1.33 ,0.54,7.40,Minimal Medium,0,"2 C H2O,  3 C MeOH",5,180,Yes,Negative,Shewanella oneidensis,MR-1,No,GBV,0.64 ,,
169,http://dx.doi.org/10.1039/C9EN01074B,2,Joseph T. Buchman,Christy Haynes,2019/2/25,2019/12/23,NMC,0,0,0,0,0,0,0.25,0.14,0.05,0.06,0.50,0,0,0,0,0,0,0.00,0.00,0.00,T,750,750,750,None,Amorphous,2.66 ,0.54,7.40,Minimal Medium,0,"2 C H2O,  3 C MeOH",5,180,Yes,Negative,Shewanella oneidensis,MR-1,No,GBV,0.48 ,,
170,http://dx.doi.org/10.1039/C9EN01074B,2,Joseph T. Buchman,Christy Haynes,2019/2/25,2019/12/23,NMC,0,0,0,0,0,0,0.25,0.14,0.05,0.06,0.50,0,0,0,0,0,0,0.00,0.00,0.00,T,750,750,750,None,Amorphous,0.00 ,0.96,7.40,Minimal Medium,0,"2 C H2O,  3 C MeOH",5,180,Yes,Negative,Shewanella oneidensis,MR-1,No,GBV,1.14 ,,
171,http://dx.doi.org/10.1039/C9EN01074B,2,Joseph T. Buchman,Christy Haynes,2019/2/25,2019/12/23,NMC,0,0,0,0,0,0,0.25,0.14,0.05,0.06,0.50,0,0,0,0,0,0,0.00,0.00,0.00,T,750,750,750,None,Amorphous,0.19 ,0.96,7.40,Minimal Medium,0,"2 C H2O,  3 C MeOH",5,180,Yes,Negative,Shewanella oneidensis,MR-1,No,GBV,0.88 ,,
172,http://dx.doi.org/10.1039/C9EN01074B,2,Joseph T. Buchman,Christy Haynes,2019/2/25,2019/12/23,NMC,0,0,0,0,0,0,0.25,0.14,0.05,0.06,0.50,0,0,0,0,0,0,0.00,0.00,0.00,T,750,750,750,None,Amorphous,0.37 ,0.96,7.40,Minimal Medium,0,"2 C H2O,  3 C MeOH",5,180,Yes,Negative,Shewanella oneidensis,MR-1,No,GBV,0.70 ,,
173,http://dx.doi.org/10.1039/C9EN01074B,2,Joseph T. Buchman,Christy Haynes,2019/2/25,2019/12/23,NMC,0,0,0,0,0,0,0.25,0.14,0.05,0.06,0.50,0,0,0,0,0,0,0.00,0.00,0.00,T,750,750,750,None,Amorphous,0.74 ,0.96,7.40,Minimal Medium,0,"2 C H2O,  3 C MeOH",5,180,Yes,Negative,Shewanella oneidensis,MR-1,No,GBV,0.52 ,,
174,http://dx.doi.org/10.1039/C9EN01074B,2,Joseph T. Buchman,Christy Haynes,2019/2/25,2019/12/23,NMC,0,0,0,0,0,0,0.25,0.14,0.05,0.06,0.50,0,0,0,0,0,0,0.00,0.00,0.00,T,750,750,750,None,Amorphous,1.49 ,0.96,7.40,Minimal Medium,0,"2 C H2O,  3 C MeOH",5,180,Yes,Negative,Shewanella oneidensis,MR-1,No,GBV,0.44 ,,
175,http://dx.doi.org/10.1039/C9EN01074B,2,Joseph T. Buchman,Christy Haynes,2019/2/25,2019/12/23,NMC,0,0,0,0,0,0,0.25,0.09,0.08,0.08,0.50,0,0,0,0,0,0,0.00,0.00,0.00,T,5,70,70,None,Sheet,0.00 ,114,7.40,MHRW,0,"2 C H2O,  3 C MeOH",5,0,No,None,Daphnia magna ,None,No,ATT,1.00 ,,
176,http://dx.doi.org/10.1039/C9EN01074B,2,Joseph T. Buchman,Christy Haynes,2019/2/25,2019/12/23,NMC,0,0,0,0,0,0,0.25,0.09,0.08,0.08,0.50,0,0,0,0,0,0,0.00,0.00,0.00,T,5,70,70,None,Sheet,0.00 ,114,7.40,MHRW,0,"2 C H2O,  3 C MeOH",5,0,No,None,Daphnia magna ,None,No,ATT,1.00 ,,
177,http://dx.doi.org/10.1039/C9EN01074B,2,Joseph T. Buchman,Christy Haynes,2019/2/25,2019/12/23,NMC,0,0,0,0,0,0,0.25,0.09,0.08,0.08,0.50,0,0,0,0,0,0,0.00,0.00,0.00,T,5,70,70,None,Sheet,0.01 ,114,7.40,MHRW,0,"2 C H2O,  3 C MeOH",5,0,No,None,Daphnia magna ,None,No,ATT,1.00 ,,
178,http://dx.doi.org/10.1039/C9EN01074B,2,Joseph T. Buchman,Christy Haynes,2019/2/25,2019/12/23,NMC,0,0,0,0,0,0,0.25,0.09,0.08,0.08,0.50,0,0,0,0,0,0,0.00,0.00,0.00,T,5,70,70,None,Sheet,0.02 ,114,7.40,MHRW,0,"2 C H2O,  3 C MeOH",5,0,No,None,Daphnia magna ,None,No,ATT,1.00 ,,
179,http://dx.doi.org/10.1039/C9EN01074B,2,Joseph T. Buchman,Christy Haynes,2019/2/25,2019/12/23,NMC,0,0,0,0,0,0,0.25,0.09,0.08,0.08,0.50,0,0,0,0,0,0,0.00,0.00,0.00,T,5,70,70,None,Sheet,0.00 ,114,7.40,MHRW,0,"2 C H2O,  3 C MeOH",5,"86,400",No,None,Daphnia magna ,None,No,ATT,1.00 ,,
180,http://dx.doi.org/10.1039/C9EN01074B,2,Joseph T. Buchman,Christy Haynes,2019/2/25,2019/12/23,NMC,0,0,0,0,0,0,0.25,0.09,0.08,0.08,0.50,0,0,0,0,0,0,0.00,0.00,0.00,T,5,70,70,None,Sheet,0.00 ,114,7.40,MHRW,0,"2 C H2O,  3 C MeOH",5,"86,400",No,None,Daphnia magna ,None,No,ATT,1.00 ,,
181,http://dx.doi.org/10.1039/C9EN01074B,2,Joseph T. Buchman,Christy Haynes,2019/2/25,2019/12/23,NMC,0,0,0,0,0,0,0.25,0.09,0.08,0.08,0.50,0,0,0,0,0,0,0.00,0.00,0.00,T,5,70,70,None,Sheet,0.01 ,114,7.40,MHRW,0,"2 C H2O,  3 C MeOH",5,"86,400",No,None,Daphnia magna ,None,No,ATT,1.00 ,,
182,http://dx.doi.org/10.1039/C9EN01074B,2,Joseph T. Buchman,Christy Haynes,2019/2/25,2019/12/23,NMC,0,0,0,0,0,0,0.25,0.09,0.08,0.08,0.50,0,0,0,0,0,0,0.00,0.00,0.00,T,5,70,70,None,Sheet,0.02 ,114,7.40,MHRW,0,"2 C H2O,  3 C MeOH",5,"86,400",No,None,Daphnia magna ,None,No,ATT,0.95 ,,
183,http://dx.doi.org/10.1039/C9EN01074B,2,Joseph T. Buchman,Christy Haynes,2019/2/25,2019/12/23,NMC,0,0,0,0,0,0,0.25,0.09,0.08,0.08,0.50,0,0,0,0,0,0,0.00,0.00,0.00,T,5,70,70,None,Sheet,0.00 ,114,7.40,MHRW,0,"2 C H2O,  3 C MeOH",5,"172,800",No,None,Daphnia magna ,None,No,ATT,1.00 ,,
184,http://dx.doi.org/10.1039/C9EN01074B,2,Joseph T. Buchman,Christy Haynes,2019/2/25,2019/12/23,NMC,0,0,0,0,0,0,0.25,0.09,0.08,0.08,0.50,0,0,0,0,0,0,0.00,0.00,0.00,T,5,70,70,None,Sheet,0.00 ,114,7.40,MHRW,0,"2 C H2O,  3 C MeOH",5,"172,800",No,None,Daphnia magna ,None,No,ATT,0.80 ,,
185,http://dx.doi.org/10.1039/C9EN01074B,2,Joseph T. Buchman,Christy Haynes,2019/2/25,2019/12/23,NMC,0,0,0,0,0,0,0.25,0.09,0.08,0.08,0.50,0,0,0,0,0,0,0.00,0.00,0.00,T,5,70,70,None,Sheet,0.01 ,114,7.40,MHRW,0,"2 C H2O,  3 C MeOH",5,"172,800",No,None,Daphnia magna ,None,No,ATT,0.70 ,,
186,http://dx.doi.org/10.1039/C9EN01074B,2,Joseph T. Buchman,Christy Haynes,2019/2/25,2019/12/23,NMC,0,0,0,0,0,0,0.25,0.09,0.08,0.08,0.50,0,0,0,0,0,0,0.00,0.00,0.00,T,5,70,70,None,Sheet,0.02 ,114,7.40,MHRW,0,"2 C H2O,  3 C MeOH",5,"172,800",No,None,Daphnia magna ,None,No,ATT,0.70 ,,
187,http://dx.doi.org/10.1039/C9EN01074B,2,Joseph T. Buchman,Christy Haynes,2019/2/25,2019/12/23,NMC,0,0,0,0,0,0,0.25,0.15,0.05,0.05,0.50,0,0,0,0,0,0,0.00,0.00,0.00,T,5,70,70,None,Sheet,0.00 ,107.30,7.40,MHRW,0,"2 C H2O,  3 C MeOH",5,0,No,None,Daphnia magna ,None,No,ATT,1.00 ,,
188,http://dx.doi.org/10.1039/C9EN01074B,2,Joseph T. Buchman,Christy Haynes,2019/2/25,2019/12/23,NMC,0,0,0,0,0,0,0.25,0.15,0.05,0.05,0.50,0,0,0,0,0,0,0.00,0.00,0.00,T,5,70,70,None,Sheet,0.00 ,107.30,7.40,MHRW,0,"2 C H2O,  3 C MeOH",5,0,No,None,Daphnia magna ,None,No,ATT,1.00 ,,
189,http://dx.doi.org/10.1039/C9EN01074B,2,Joseph T. Buchman,Christy Haynes,2019/2/25,2019/12/23,NMC,0,0,0,0,0,0,0.25,0.15,0.05,0.05,0.50,0,0,0,0,0,0,0.00,0.00,0.00,T,5,70,70,None,Sheet,0.01 ,107.30,7.40,MHRW,0,"2 C H2O,  3 C MeOH",5,0,No,None,Daphnia magna ,None,No,ATT,1.00 ,,
190,http://dx.doi.org/10.1039/C9EN01074B,2,Joseph T. Buchman,Christy Haynes,2019/2/25,2019/12/23,NMC,0,0,0,0,0,0,0.25,0.15,0.05,0.05,0.50,0,0,0,0,0,0,0.00,0.00,0.00,T,5,70,70,None,Sheet,0.02 ,107.30,7.40,MHRW,0,"2 C H2O,  3 C MeOH",5,0,No,None,Daphnia magna ,None,No,ATT,1.00 ,,
191,http://dx.doi.org/10.1039/C9EN01074B,2,Joseph T. Buchman,Christy Haynes,2019/2/25,2019/12/23,NMC,0,0,0,0,0,0,0.25,0.15,0.05,0.05,0.50,0,0,0,0,0,0,0.00,0.00,0.00,T,5,70,70,None,Sheet,0.00 ,107.30,7.40,MHRW,0,"2 C H2O,  3 C MeOH",5,"86,400",No,None,Daphnia magna ,None,No,ATT,1.00 ,,
192,http://dx.doi.org/10.1039/C9EN01074B,2,Joseph T. Buchman,Christy Haynes,2019/2/25,2019/12/23,NMC,0,0,0,0,0,0,0.25,0.15,0.05,0.05,0.50,0,0,0,0,0,0,0.00,0.00,0.00,T,5,70,70,None,Sheet,0.00 ,107.30,7.40,MHRW,0,"2 C H2O,  3 C MeOH",5,"86,400",No,None,Daphnia magna ,None,No,ATT,0.95 ,,
193,http://dx.doi.org/10.1039/C9EN01074B,2,Joseph T. Buchman,Christy Haynes,2019/2/25,2019/12/23,NMC,0,0,0,0,0,0,0.25,0.15,0.05,0.05,0.50,0,0,0,0,0,0,0.00,0.00,0.00,T,5,70,70,None,Sheet,0.01 ,107.30,7.40,MHRW,0,"2 C H2O,  3 C MeOH",5,"86,400",No,None,Daphnia magna ,None,No,ATT,0.85 ,,
194,http://dx.doi.org/10.1039/C9EN01074B,2,Joseph T. Buchman,Christy Haynes,2019/2/25,2019/12/23,NMC,0,0,0,0,0,0,0.25,0.15,0.05,0.05,0.50,0,0,0,0,0,0,0.00,0.00,0.00,T,5,70,70,None,Sheet,0.07 ,107.30,7.40,MHRW,0,"2 C H2O,  3 C MeOH",5,"86,400",No,None,Daphnia magna ,None,No,ATT,0.85 ,,
195,http://dx.doi.org/10.1039/C9EN01074B,2,Joseph T. Buchman,Christy Haynes,2019/2/25,2019/12/23,NMC,0,0,0,0,0,0,0.25,0.15,0.05,0.05,0.50,0,0,0,0,0,0,0.00,0.00,0.00,T,5,70,70,None,Sheet,0.00 ,107.30,7.40,MHRW,0,"2 C H2O,  3 C MeOH",5,"172,800",No,None,Daphnia magna ,None,No,ATT,0.95 ,,
196,http://dx.doi.org/10.1039/C9EN01074B,2,Joseph T. Buchman,Christy Haynes,2019/2/25,2019/12/23,NMC,0,0,0,0,0,0,0.25,0.15,0.05,0.05,0.50,0,0,0,0,0,0,0.00,0.00,0.00,T,5,70,70,None,Sheet,0.00 ,107.30,7.40,MHRW,0,"2 C H2O,  3 C MeOH",5,"172,800",No,None,Daphnia magna ,None,No,ATT,0.65 ,,
197,http://dx.doi.org/10.1039/C9EN01074B,2,Joseph T. Buchman,Christy Haynes,2019/2/25,2019/12/23,NMC,0,0,0,0,0,0,0.25,0.15,0.05,0.05,0.50,0,0,0,0,0,0,0.00,0.00,0.00,T,5,70,70,None,Sheet,0.01 ,107.30,7.40,MHRW,0,"2 C H2O,  3 C MeOH",5,"172,800",No,None,Daphnia magna ,None,No,ATT,0.45 ,,
198,http://dx.doi.org/10.1039/C9EN01074B,2,Joseph T. Buchman,Christy Haynes,2019/2/25,2019/12/23,NMC,0,0,0,0,0,0,0.25,0.15,0.05,0.05,0.50,0,0,0,0,0,0,0.00,0.00,0.00,T,5,70,70,None,Sheet,0.07 ,107.30,7.40,MHRW,0,"2 C H2O,  3 C MeOH",5,"172,800",No,None,Daphnia magna ,None,No,ATT,0.65 ,,
199,http://dx.doi.org/10.1039/C9EN01074B,2,Joseph T. Buchman,Christy Haynes,2019/2/25,2019/12/23,NMC,0,0,0,0,0,0,0.25,0.14,0.05,0.06,0.50,0,0,0,0,0,0,0.00,0.00,0.00,T,750,750,750,None,Amorphous,0.00 ,0.54,7.40,MHRW,0,"2 C H2O,  3 C MeOH",5,"172,800",No,None,Daphnia magna ,None,No,ATT,1.00 ,0.00 ,
200,http://dx.doi.org/10.1039/C9EN01074B,2,Joseph T. Buchman,Christy Haynes,2019/2/25,2019/12/23,NMC,0,0,0,0,0,0,0.25,0.14,0.05,0.06,0.50,0,0,0,0,0,0,0.00,0.00,0.00,T,750,750,750,None,Amorphous,1.87 ,0.54,7.40,MHRW,0,"2 C H2O,  3 C MeOH",5,"172,800",No,None,Daphnia magna ,None,No,ATT,1.00 ,,
201,http://dx.doi.org/10.1039/C9EN01074B,2,Joseph T. Buchman,Christy Haynes,2019/2/25,2019/12/23,NMC,0,0,0,0,0,0,0.25,0.14,0.05,0.06,0.50,0,0,0,0,0,0,0.00,0.00,0.00,T,750,750,750,None,Amorphous,18.66 ,0.54,7.40,MHRW,0,"2 C H2O,  3 C MeOH",5,"172,800",No,None,Daphnia magna ,None,No,ATT,0.95 ,,
202,http://dx.doi.org/10.1039/C9EN01074B,2,Joseph T. Buchman,Christy Haynes,2019/2/25,2019/12/23,NMC,0,0,0,0,0,0,0.25,0.14,0.05,0.06,0.50,0,0,0,0,0,0,0.00,0.00,0.00,T,750,750,750,None,Amorphous,46.64 ,0.54,7.40,MHRW,0,"2 C H2O,  3 C MeOH",5,"172,800",No,None,Daphnia magna ,None,No,ATT,1.00 ,0.00 ,
203,http://dx.doi.org/10.1039/C9EN01074B,2,Joseph T. Buchman,Christy Haynes,2019/2/25,2019/12/23,NMC,0,0,0,0,0,0,0.25,0.14,0.05,0.06,0.50,0,0,0,0,0,0,0.00,0.00,0.00,T,750,750,750,None,Amorphous,0.00 ,0.96,7.40,MHRW,0,"2 C H2O,  3 C MeOH",5,"172,800",No,None,Daphnia magna ,None,No,ATT,1.00 ,,
204,http://dx.doi.org/10.1039/C9EN01074B,2,Joseph T. Buchman,Christy Haynes,2019/2/25,2019/12/23,NMC,0,0,0,0,0,0,0.25,0.14,0.05,0.06,0.50,0,0,0,0,0,0,0.00,0.00,0.00,T,750,750,750,None,Amorphous,1.05 ,0.96,7.40,MHRW,0,"2 C H2O,  3 C MeOH",5,"172,800",No,None,Daphnia magna ,None,No,ATT,1.00 ,,
205,http://dx.doi.org/10.1039/C9EN01074B,2,Joseph T. Buchman,Christy Haynes,2019/2/25,2019/12/23,NMC,0,0,0,0,0,0,0.25,0.14,0.05,0.06,0.50,0,0,0,0,0,0,0.00,0.00,0.00,T,750,750,750,None,Amorphous,10.46 ,0.96,7.40,MHRW,0,"2 C H2O,  3 C MeOH",5,"172,800",No,None,Daphnia magna ,None,No,ATT,1.00 ,,
206,http://dx.doi.org/10.1039/C9EN01074B,2,Joseph T. Buchman,Christy Haynes,2019/2/25,2019/12/23,NMC,0,0,0,0,0,0,0.25,0.14,0.05,0.06,0.50,0,0,0,0,0,0,0.00,0.00,0.00,T,750,750,750,None,Amorphous,26.15 ,0.96,7.40,MHRW,0,"2 C H2O,  3 C MeOH",5,"172,800",No,None,Daphnia magna ,None,No,ATT,1.00 ,,
207,https://doi.org/10.1021/acs.chemrestox.9b00465,S3,WebPlotDigitizer: https://automeris.io/WebPlotDigitizer/citation.html,Christy Haynes,2020/5/11,2020/2/2,LCP,0,0,0.14,0,0,0,0.14,0,0.14,0,0.57,0,0,0,0,0,0,0.00,0.00,0.00,T,10,500,"1,000",None,Sheet,0.00 ,0,7.40,HEPES Buffer,0,Washing,0,60,Yes,Positive,Shewanella oneidensis,MR-1,No,GBV,1.19 ,0.19 ,
208,https://doi.org/10.1021/acs.chemrestox.9b00465,S3,WebPlotDigitizer: https://automeris.io/WebPlotDigitizer/citation.html,Christy Haynes,2020/5/11,2020/2/2,LCP,0,0,0.14,0,0,0,0.14,0,0.14,0,0.57,0,0,0,0,0,0,0.00,0.00,0.00,T,10,500,"1,000",None,Sheet,0.10 ,0,7.40,HEPES Buffer,0,Washing,0,60,Yes,Positive,Shewanella oneidensis,MR-1,No,GBV,0.89 ,0.17 ,
209,https://doi.org/10.1021/acs.chemrestox.9b00465,S3,WebPlotDigitizer: https://automeris.io/WebPlotDigitizer/citation.html,Christy Haynes,2020/5/11,2020/2/2,LCP,0,0,0.14,0,0,0,0.14,0,0.14,0,0.57,0,0,0,0,0,0,0.00,0.00,0.00,T,10,500,"1,000",None,Sheet,1.00 ,0,7.40,HEPES Buffer,0,Washing,0,60,Yes,Positive,Shewanella oneidensis,MR-1,No,GBV,0.40 ,0.20 ,
210,https://doi.org/10.1021/acs.chemrestox.9b00465,S3,WebPlotDigitizer: https://automeris.io/WebPlotDigitizer/citation.html,Christy Haynes,2020/5/11,2020/2/2,LCP,0,0,0.14,0,0,0,0.14,0,0.14,0,0.57,0,0,0,0,0,0,0.00,0.00,0.00,T,10,500,"1,000",None,Sheet,10.00 ,0,7.40,HEPES Buffer,0,Washing,0,60,Yes,Positive,Shewanella oneidensis,MR-1,No,GBV,0.10 ,0.08 ,
211,https://doi.org/10.1021/acs.chemrestox.9b00465,S3,WebPlotDigitizer: https://automeris.io/WebPlotDigitizer/citation.html,Christy Haynes,2020/5/11,2020/2/2,LCP,0,0,0.14,0,0,0,0.14,0,0.14,0,0.57,0,0,0,0,0,0,0.00,0.00,0.00,T,10,500,"1,000",None,Sheet,100.00 ,0,7.40,HEPES Buffer,0,Washing,0,60,Yes,Positive,Shewanella oneidensis,MR-1,No,GBV,0.05 ,0.05 ,
212,https://doi.org/10.1021/acs.chemrestox.9b00465,S3,WebPlotDigitizer: https://automeris.io/WebPlotDigitizer/citation.html,Christy Haynes,2020/5/11,2020/2/2,LCP,0,0,0.14,0,0,0,0.14,0,0.14,0,0.57,0,0,0,0,0,0,0.00,0.00,0.00,T,10,500,"1,000",None,Sheet,0.00 ,0,7.40,HEPES Buffer,0,Washing,0,60,Yes,Negative,Bacillus subtilis,SB 491,No,GBV,0.92 ,0.10 ,
213,https://doi.org/10.1021/acs.chemrestox.9b00465,S3,WebPlotDigitizer: https://automeris.io/WebPlotDigitizer/citation.html,Christy Haynes,2020/5/11,2020/2/2,LCP,0,0,0.14,0,0,0,0.14,0,0.14,0,0.57,0,0,0,0,0,0,0.00,0.00,0.00,T,10,500,"1,000",None,Sheet,0.10 ,0,7.40,HEPES Buffer,0,Washing,0,60,Yes,Negative,Bacillus subtilis,SB 491,No,GBV,0.48 ,0.29 ,
214,https://doi.org/10.1021/acs.chemrestox.9b00465,S3,WebPlotDigitizer: https://automeris.io/WebPlotDigitizer/citation.html,Christy Haynes,2020/5/11,2020/2/2,LCP,0,0,0.14,0,0,0,0.14,0,0.14,0,0.57,0,0,0,0,0,0,0.00,0.00,0.00,T,10,500,"1,000",None,Sheet,1.00 ,0,7.40,HEPES Buffer,0,Washing,0,60,Yes,Negative,Bacillus subtilis,SB 491,No,GBV,0.26 ,0.11 ,
215,https://doi.org/10.1021/acs.chemrestox.9b00465,S3,WebPlotDigitizer: https://automeris.io/WebPlotDigitizer/citation.html,Christy Haynes,2020/5/11,2020/2/2,LCP,0,0,0.14,0,0,0,0.14,0,0.14,0,0.57,0,0,0,0,0,0,0.00,0.00,0.00,T,10,500,"1,000",None,Sheet,10.00 ,0,7.40,HEPES Buffer,0,Washing,0,60,Yes,Negative,Bacillus subtilis,SB 491,No,GBV,0.16 ,0.09 ,
216,https://doi.org/10.1021/acs.chemrestox.9b00465,S3,WebPlotDigitizer: https://automeris.io/WebPlotDigitizer/citation.html,Christy Haynes,2020/5/11,2020/2/2,LCP,0,0,0.14,0,0,0,0.14,0,0.14,0,0.57,0,0,0,0,0,0,0.00,0.00,0.00,T,10,500,"1,000",None,Sheet,100.00 ,0,7.40,HEPES Buffer,0,Washing,0,60,Yes,Negative,Bacillus subtilis,SB 491,No,GBV,0.09 ,0.08 ,
217,https://doi.org/10.1021/jacs.0c02737,4,Natalie Hudson-Smith,Christy Haynes,2020/5/18,2020/5/13,Nanodiamond,1,0,0,0,0,0,0,0,0,0,0,0,0,0,0,0,0,0.00,0.00,0.00,T,5,5,5,PAH,Amorphous,0.00 ,0,7.40,HEPES Buffer,0,3 C H2O,3,60,Yes,Positive,Shewanella oneidensis,MR-1,No,GBV,1.00 ,0.00 ,
218,https://doi.org/10.1021/jacs.0c02737,4,Natalie Hudson-Smith,Christy Haynes,2020/5/18,2020/5/13,Nanodiamond,1,0,0,0,0,0,0,0,0,0,0,0,0,0,0,0,0,0.00,0.00,0.00,T,5,5,5,PAH,Amorphous,0.05 ,0,7.40,HEPES Buffer,0,3 C H2O,3,60,Yes,Positive,Shewanella oneidensis,MR-1,No,GBV,0.97 ,0.08 ,
219,https://doi.org/10.1021/jacs.0c02737,4,Natalie Hudson-Smith,Christy Haynes,2020/5/18,2020/5/13,Nanodiamond,1,0,0,0,0,0,0,0,0,0,0,0,0,0,0,0,0,0.00,0.00,0.00,T,5,5,5,PAH,Amorphous,0.10 ,0,7.40,HEPES Buffer,0,3 C H2O,3,60,Yes,Positive,Shewanella oneidensis,MR-1,No,GBV,1.00 ,0.08 ,
220,https://doi.org/10.1021/jacs.0c02737,4,Natalie Hudson-Smith,Christy Haynes,2020/5/18,2020/5/13,Nanodiamond,1,0,0,0,0,0,0,0,0,0,0,0,0,0,0,0,0,0.00,0.00,0.00,T,5,5,5,PAH,Amorphous,0.19 ,0,7.40,HEPES Buffer,0,3 C H2O,3,60,Yes,Positive,Shewanella oneidensis,MR-1,No,GBV,0.91 ,0.13 ,
221,https://doi.org/10.1021/jacs.0c02737,4,Natalie Hudson-Smith,Christy Haynes,2020/5/18,2020/5/13,Nanodiamond,1,0,0,0,0,0,0,0,0,0,0,0,0,0,0,0,0,0.00,0.00,0.00,T,5,5,5,PAH,Amorphous,0.38 ,0,7.40,HEPES Buffer,0,3 C H2O,3,60,Yes,Positive,Shewanella oneidensis,MR-1,No,GBV,0.40 ,0.17 ,
222,https://doi.org/10.1021/jacs.0c02737,4,Natalie Hudson-Smith,Christy Haynes,2020/5/18,2020/5/13,Nanodiamond,1,0,0,0,0,0,0,0,0,0,0,0,0,0,0,0,0,0.00,0.00,0.00,T,5,5,5,PAH,Amorphous,0.77 ,0,7.40,HEPES Buffer,0,3 C H2O,3,60,Yes,Positive,Shewanella oneidensis,MR-1,No,GBV,0.02 ,0.02 ,
223,https://doi.org/10.1021/jacs.0c02737,4,Natalie Hudson-Smith,Christy Haynes,2020/5/18,2020/5/13,Nanodiamond,1,0,0,0,0,0,0,0,0,0,0,0,0,0,0,0,0,0.00,0.00,0.00,T,5,5,5,PAH,Amorphous,1.54 ,0,7.40,HEPES Buffer,0,3 C H2O,3,60,Yes,Positive,Shewanella oneidensis,MR-1,No,GBV,1.00 ,0.00 ,
224,https://doi.org/10.1021/jacs.0c02737,4,Natalie Hudson-Smith,Christy Haynes,2020/5/18,2020/5/13,Nanodiamond,1,0,0,0,0,0,0,0,0,0,0,0,0,0,0,0,0,0.00,0.00,0.00,T,5,5,5,PAH,Amorphous,3.08 ,0,7.40,HEPES Buffer,0,3 C H2O,3,60,Yes,Positive,Shewanella oneidensis,MR-1,No,GBV,1.00 ,0.00 ,
225,https://doi.org/10.1039/d0en00844c,2,Arielle C. Mensch,Gayla Orr,2020/5/27,2020/10/20,LCO,0,0,0,0,0,0,0.25,0,0.25,0,0.50,0,0,0,0,0,0,0.00,0.00,0.00,T,5,30,50,None,Sheet,0.00 ,0,7.60,Leibovitz’s L-15 media,0,None,0,"1,440",No,None,Oncorhynchus mykiss,RTgill-W1,No,CC,1.00 ,0.07 ,2025_new
226,https://doi.org/10.1039/d0en00845c,2,Arielle C. Mensch,Gayla Orr,2020/5/27,2020/10/20,LCO,0,0,0,0,0,0,0.25,0,0.25,0,0.50,0,0,0,0,0,0,0.00,0.00,0.00,T,5,30,50,None,Sheet,3.00 ,0,7.60,Leibovitz’s L-15 media,0,None,0,"1,440",No,None,Oncorhynchus mykiss,RTgill-W1,No,CC,0.99 ,0.08 ,
227,https://doi.org/10.1039/d0en00846c,2,Arielle C. Mensch,Gayla Orr,2020/5/27,2020/10/20,LCO,0,0,0,0,0,0,0.25,0,0.25,0,0.50,0,0,0,0,0,0,0.00,0.00,0.00,T,5,30,50,None,Sheet,5.00 ,0,7.60,Leibovitz’s L-15 media,0,None,0,"1,440",No,None,Oncorhynchus mykiss,RTgill-W1,No,CC,0.98 ,0.09 ,
228,https://doi.org/10.1039/d0en00847c,2,Arielle C. Mensch,Gayla Orr,2020/5/27,2020/10/20,LCO,0,0,0,0,0,0,0.25,0,0.25,0,0.50,0,0,0,0,0,0,0.00,0.00,0.00,T,5,30,50,None,Sheet,10.00 ,0,7.60,Leibovitz’s L-15 media,0,None,0,"1,440",No,None,Oncorhynchus mykiss,RTgill-W1,No,CC,0.95 ,0.09 ,
229,https://doi.org/10.1039/d0en00848c,2,Arielle C. Mensch,Gayla Orr,2020/5/27,2020/10/20,LCO,0,0,0,0,0,0,0.25,0,0.25,0,0.50,0,0,0,0,0,0,0.00,0.00,0.00,T,5,30,50,None,Sheet,15.00 ,0,7.60,Leibovitz’s L-15 media,0,None,0,"1,440",No,None,Oncorhynchus mykiss,RTgill-W1,No,CC,0.92 ,0.06 ,
230,https://doi.org/10.1039/d0en00849c,2,Arielle C. Mensch,Gayla Orr,2020/5/27,2020/10/20,LCO,0,0,0,0,0,0,0.25,0,0.25,0,0.50,0,0,0,0,0,0,0.00,0.00,0.00,T,5,30,50,None,Sheet,25.00 ,0,7.60,Leibovitz’s L-15 media,0,None,0,"1,440",No,None,Oncorhynchus mykiss,RTgill-W1,No,CC,0.89 ,0.06 ,
231,https://doi.org/10.1039/d0en00850c,2,Arielle C. Mensch,Gayla Orr,2020/5/27,2020/10/20,LCO,0,0,0,0,0,0,0.25,0,0.25,0,0.50,0,0,0,0,0,0,0.00,0.00,0.00,T,5,30,50,None,Sheet,50.00 ,0,7.60,Leibovitz’s L-15 media,0,None,0,"1,440",No,None,Oncorhynchus mykiss,RTgill-W1,No,CC,0.74 ,0.05 ,
232,https://doi.org/10.1039/d0en00844c,2,Arielle C. Mensch,Gayla Orr,2020/5/27,2020/10/20,LCO,0,0,0,0,0,0,0.25,0,0.25,0,0.50,0,0,0,0,0,0,0.00,0.00,0.00,T,5,30,50,None,Sheet,0.00 ,0,7.60,Leibovitz’s L-15 media,0,None,0,"2,880",No,None,Oncorhynchus mykiss,RTgill-W1,No,CC,1.00 ,0.05 ,
233,https://doi.org/10.1039/d0en00845c,2,Arielle C. Mensch,Gayla Orr,2020/5/27,2020/10/20,LCO,0,0,0,0,0,0,0.25,0,0.25,0,0.50,0,0,0,0,0,0,0.00,0.00,0.00,T,5,30,50,None,Sheet,3.00 ,0,7.60,Leibovitz’s L-15 media,0,None,0,"2,880",No,None,Oncorhynchus mykiss,RTgill-W1,No,CC,0.99 ,0.08 ,
234,https://doi.org/10.1039/d0en00846c,2,Arielle C. Mensch,Gayla Orr,2020/5/27,2020/10/20,LCO,0,0,0,0,0,0,0.25,0,0.25,0,0.50,0,0,0,0,0,0,0.00,0.00,0.00,T,5,30,50,None,Sheet,5.00 ,0,7.60,Leibovitz’s L-15 media,0,None,0,"2,880",No,None,Oncorhynchus mykiss,RTgill-W1,No,CC,0.99 ,0.06 ,
235,https://doi.org/10.1039/d0en00847c,2,Arielle C. Mensch,Gayla Orr,2020/5/27,2020/10/20,LCO,0,0,0,0,0,0,0.25,0,0.25,0,0.50,0,0,0,0,0,0,0.00,0.00,0.00,T,5,30,50,None,Sheet,10.00 ,0,7.60,Leibovitz’s L-15 media,0,None,0,"2,880",No,None,Oncorhynchus mykiss,RTgill-W1,No,CC,0.97 ,0.07 ,
236,https://doi.org/10.1039/d0en00848c,2,Arielle C. Mensch,Gayla Orr,2020/5/27,2020/10/20,LCO,0,0,0,0,0,0,0.25,0,0.25,0,0.50,0,0,0,0,0,0,0.00,0.00,0.00,T,5,30,50,None,Sheet,15.00 ,0,7.60,Leibovitz’s L-15 media,0,None,0,"2,880",No,None,Oncorhynchus mykiss,RTgill-W1,No,CC,0.95 ,0.09 ,
237,https://doi.org/10.1039/d0en00849c,2,Arielle C. Mensch,Gayla Orr,2020/5/27,2020/10/20,LCO,0,0,0,0,0,0,0.25,0,0.25,0,0.50,0,0,0,0,0,0,0.00,0.00,0.00,T,5,30,50,None,Sheet,25.00 ,0,7.60,Leibovitz’s L-15 media,0,None,0,"2,880",No,None,Oncorhynchus mykiss,RTgill-W1,No,CC,0.89 ,0.06 ,
238,https://doi.org/10.1039/d0en00850c,2,Arielle C. Mensch,Gayla Orr,2020/5/27,2020/10/20,LCO,0,0,0,0,0,0,0.25,0,0.25,0,0.50,0,0,0,0,0,0,0.00,0.00,0.00,T,5,30,50,None,Sheet,50.00 ,0,7.60,Leibovitz’s L-15 media,0,None,0,"2,880",No,None,Oncorhynchus mykiss,RTgill-W1,No,CC,0.74 ,0.04 ,
239,https://doi.org/10.1039/D0SC02987D,1,Tian A. Qiu,Christy Haynes,2020/8/12,2020/9/21,NMC,0,0,0,0,0,0,0.25,0.08,0.08,0.08,0.50,0,0,0,0,0,0,0.00,0.00,0.00,T,5,70,70,None,Sheet,0.00 ,114,7.25,Minimal Medium,0,"2 C H2O,  3 C MeOH",1,60,Yes,Negative,Shewanella oneidensis,MR-1,No,GBV,1.03 ,,
240,https://doi.org/10.1039/D0SC02987D,1,Tian A. Qiu,Christy Haynes,2020/8/12,2020/9/21,NMC,0,0,0,0,0,0,0.25,0.08,0.08,0.08,0.50,0,0,0,0,0,0,0.00,0.00,0.00,T,5,70,70,None,Sheet,5.00 ,114,7.25,Minimal Medium,0,"2 C H2O,  3 C MeOH",1,60,Yes,Negative,Shewanella oneidensis,MR-1,No,GBV,0.95 ,,
241,https://doi.org/10.1039/D0SC02987D,1,Tian A. Qiu,Christy Haynes,2020/8/12,2020/9/21,NMC,0,0,0,0,0,0,0.25,0.08,0.08,0.08,0.50,0,0,0,0,0,0,0.00,0.00,0.00,T,5,70,70,None,Sheet,10.00 ,114,7.25,Minimal Medium,0,"2 C H2O,  3 C MeOH",1,60,Yes,Negative,Shewanella oneidensis,MR-1,No,GBV,1.01 ,,
242,https://doi.org/10.1039/D0SC02987D,1,Tian A. Qiu,Christy Haynes,2020/8/12,2020/9/21,NMC,0,0,0,0,0,0,0.25,0.08,0.08,0.08,0.50,0,0,0,0,0,0,0.00,0.00,0.00,T,5,70,70,None,Sheet,25.00 ,114,7.25,Minimal Medium,0,"2 C H2O,  3 C MeOH",1,60,Yes,Negative,Shewanella oneidensis,MR-1,No,GBV,0.87 ,,
243,https://doi.org/10.1039/D0SC02987D,1,Tian A. Qiu,Christy Haynes,2020/8/12,2020/9/21,NMC,0,0,0,0,0,0,0.25,0.08,0.08,0.08,0.50,0,0,0,0,0,0,0.00,0.00,0.00,T,5,70,70,None,Sheet,50.00 ,114,7.25,Minimal Medium,0,"2 C H2O,  3 C MeOH",1,60,Yes,Negative,Shewanella oneidensis,MR-1,No,GBV,0.81 ,,
244,https://doi.org/10.1039/D0SC02987D,1,Tian A. Qiu,Christy Haynes,2020/8/12,2020/9/21,NMC,0,0,0,0,0,0,0.25,0.08,0.08,0.08,0.50,0,0,0,0,0,0,0.00,0.00,0.00,T,5,70,70,None,Sheet,0.00 ,114,7.25,Minimal Medium,0,"2 C H2O,  3 C MeOH",1,480,Yes,Negative,Shewanella oneidensis,MR-1,No,GBV,1.03 ,,
245,https://doi.org/10.1039/D0SC02987D,1,Tian A. Qiu,Christy Haynes,2020/8/12,2020/9/21,NMC,0,0,0,0,0,0,0.25,0.08,0.08,0.08,0.50,0,0,0,0,0,0,0.00,0.00,0.00,T,5,70,70,None,Sheet,5.00 ,114,7.25,Minimal Medium,0,"2 C H2O,  3 C MeOH",1,480,Yes,Negative,Shewanella oneidensis,MR-1,No,GBV,0.90 ,,
246,https://doi.org/10.1039/D0SC02987D,1,Tian A. Qiu,Christy Haynes,2020/8/12,2020/9/21,NMC,0,0,0,0,0,0,0.25,0.08,0.08,0.08,0.50,0,0,0,0,0,0,0.00,0.00,0.00,T,5,70,70,None,Sheet,10.00 ,114,7.25,Minimal Medium,0,"2 C H2O,  3 C MeOH",1,480,Yes,Negative,Shewanella oneidensis,MR-1,No,GBV,0.61 ,,
247,https://doi.org/10.1039/D0SC02987D,1,Tian A. Qiu,Christy Haynes,2020/8/12,2020/9/21,NMC,0,0,0,0,0,0,0.25,0.08,0.08,0.08,0.50,0,0,0,0,0,0,0.00,0.00,0.00,T,5,70,70,None,Sheet,25.00 ,114,7.25,Minimal Medium,0,"2 C H2O,  3 C MeOH",1,480,Yes,Negative,Shewanella oneidensis,MR-1,No,GBV,0.27 ,,
248,https://doi.org/10.1039/D0SC02987D,1,Tian A. Qiu,Christy Haynes,2020/8/12,2020/9/21,NMC,0,0,0,0,0,0,0.25,0.08,0.08,0.08,0.50,0,0,0,0,0,0,0.00,0.00,0.00,T,5,70,70,None,Sheet,50.00 ,114,7.25,Minimal Medium,0,"2 C H2O,  3 C MeOH",1,480,Yes,Negative,Shewanella oneidensis,MR-1,No,GBV,0.12 ,,
249,https://doi.org/10.1039/D0SC02987D,1,Tian A. Qiu,Christy Haynes,2020/8/12,2020/9/21,NMC,0,0,0,0,0,0,0.25,0.08,0.08,0.08,0.50,0,0,0,0,0,0,0.00,0.00,0.00,T,5,70,70,None,Sheet,0.00 ,114,7.25,Minimal Medium,0,"2 C H2O,  3 C MeOH",1,300,Yes,Positive,Bacillus subtilis,SB 491,No,GBV,1.12 ,,
250,https://doi.org/10.1039/D0SC02987D,1,Tian A. Qiu,Christy Haynes,2020/8/12,2020/9/21,NMC,0,0,0,0,0,0,0.25,0.08,0.08,0.08,0.50,0,0,0,0,0,0,0.00,0.00,0.00,T,5,70,70,None,Sheet,5.00 ,114,7.25,Minimal Medium,0,"2 C H2O,  3 C MeOH",1,300,Yes,Positive,Bacillus subtilis,SB 491,No,GBV,2.48 ,,
251,https://doi.org/10.1039/D0SC02987D,1,Tian A. Qiu,Christy Haynes,2020/8/12,2020/9/21,NMC,0,0,0,0,0,0,0.25,0.08,0.08,0.08,0.50,0,0,0,0,0,0,0.00,0.00,0.00,T,5,70,70,None,Sheet,10.00 ,114,7.25,Minimal Medium,0,"2 C H2O,  3 C MeOH",1,300,Yes,Positive,Bacillus subtilis,SB 491,No,GBV,0.92 ,,
252,https://doi.org/10.1039/D0SC02987D,1,Tian A. Qiu,Christy Haynes,2020/8/12,2020/9/21,NMC,0,0,0,0,0,0,0.25,0.08,0.08,0.08,0.50,0,0,0,0,0,0,0.00,0.00,0.00,T,5,70,70,None,Sheet,25.00 ,114,7.25,Minimal Medium,0,"2 C H2O,  3 C MeOH",1,300,Yes,Positive,Bacillus subtilis,SB 491,No,GBV,0.52 ,,
253,https://doi.org/10.1039/D0SC02987D,1,Tian A. Qiu,Christy Haynes,2020/8/12,2020/9/21,NMC,0,0,0,0,0,0,0.25,0.08,0.08,0.08,0.50,0,0,0,0,0,0,0.00,0.00,0.00,T,5,70,70,None,Sheet,50.00 ,114,7.25,Minimal Medium,0,"2 C H2O,  3 C MeOH",1,300,Yes,Positive,Bacillus subtilis,SB 491,No,GBV,0.09 ,,
254,https://doi.org/10.1039/D0SC05743F,S20,Bo Zhi,Christy Haynes,2020/10/16,2020/12/22,Carbon Dot,0.31,0.11,0.00,0.31,0,0,0,0,0,0,0.27,0,0,0,0.00,0.00,0,0.00,0.00,0.00,F,13.90,13.90,13.90,None,Sphere,0.00 ,0,7.60,Leibovitz’s L-15 media,0,None,0,60,No,None,Oncorhynchus mykiss,RTgill-W1,No,CC,1.00 ,0.10 ,
255,https://doi.org/10.1039/D0SC05743F,S20,Bo Zhi,Christy Haynes,2020/10/16,2020/12/22,Carbon Dot,0.31,0.11,0.00,0.31,0,0,0,0,0,0,0.27,0,0,0,0.00,0.00,0,0.00,0.00,0.00,F,13.90,13.90,13.90,None,Sphere,1.00 ,0,7.60,Leibovitz’s L-15 media,0,None,0,60,No,None,Oncorhynchus mykiss,RTgill-W1,No,CC,1.03 ,0.09 ,
256,https://doi.org/10.1039/D0SC05743F,S20,Bo Zhi,Christy Haynes,2020/10/16,2020/12/22,Carbon Dot,0.31,0.11,0.00,0.31,0,0,0,0,0,0,0.27,0,0,0,0.00,0.00,0,0.00,0.00,0.00,F,13.90,13.90,13.90,None,Sphere,10.00 ,0,7.60,Leibovitz’s L-15 media,0,None,0,60,No,None,Oncorhynchus mykiss,RTgill-W1,No,CC,1.00 ,0.14 ,
257,https://doi.org/10.1039/D0SC05743F,S20,Bo Zhi,Christy Haynes,2020/10/16,2020/12/22,Carbon Dot,0.31,0.11,0.00,0.31,0,0,0,0,0,0,0.27,0,0,0,0.00,0.00,0,0.00,0.00,0.00,F,13.90,13.90,13.90,None,Sphere,50.00 ,0,7.60,Leibovitz’s L-15 media,0,None,0,60,No,None,Oncorhynchus mykiss,RTgill-W1,No,CC,1.08 ,0.09 ,
258,https://doi.org/10.1039/D0SC05743F,S20,Bo Zhi,Christy Haynes,2020/10/16,2020/12/22,Carbon Dot,0.31,0.11,0.00,0.31,0,0,0,0,0,0,0.27,0,0,0,0.00,0.00,0,0.00,0.00,0.00,F,13.90,13.90,13.90,None,Sphere,100.00 ,0,7.60,Leibovitz’s L-15 media,0,None,0,60,No,None,Oncorhynchus mykiss,RTgill-W1,No,CC,1.02 ,0.09 ,
259,https://doi.org/10.1039/D0SC05743F,S20,Bo Zhi,Christy Haynes,2020/10/16,2020/12/22,Carbon Dot,0.31,0.11,0.00,0.31,0,0,0,0,0,0,0.27,0,0,0,0.00,0.00,0,0.00,0.00,0.00,F,14.10,14.10,14.10,None,Sphere,0.00 ,0,7.60,Leibovitz’s L-15 media,0,None,0,60,No,None,Oncorhynchus mykiss,RTgill-W1,No,CC,1.00 ,0.10 ,
260,https://doi.org/10.1039/D0SC05743F,S20,Bo Zhi,Christy Haynes,2020/10/16,2020/12/22,Carbon Dot,0.31,0.11,0.00,0.31,0,0,0,0,0,0,0.27,0,0,0,0.00,0.00,0,0.00,0.00,0.00,F,14.10,14.10,14.10,None,Sphere,1.00 ,0,7.60,Leibovitz’s L-15 media,0,None,0,60,No,None,Oncorhynchus mykiss,RTgill-W1,No,CC,1.05 ,0.10 ,
261,https://doi.org/10.1039/D0SC05743F,S20,Bo Zhi,Christy Haynes,2020/10/16,2020/12/22,Carbon Dot,0.31,0.11,0.00,0.31,0,0,0,0,0,0,0.27,0,0,0,0.00,0.00,0,0.00,0.00,0.00,F,14.10,14.10,14.10,None,Sphere,10.00 ,0,7.60,Leibovitz’s L-15 media,0,None,0,60,No,None,Oncorhynchus mykiss,RTgill-W1,No,CC,1.04 ,0.16 ,
262,https://doi.org/10.1039/D0SC05743F,S20,Bo Zhi,Christy Haynes,2020/10/16,2020/12/22,Carbon Dot,0.31,0.11,0.00,0.31,0,0,0,0,0,0,0.27,0,0,0,0.00,0.00,0,0.00,0.00,0.00,F,14.10,14.10,14.10,None,Sphere,50.00 ,0,7.60,Leibovitz’s L-15 media,0,None,0,60,No,None,Oncorhynchus mykiss,RTgill-W1,No,CC,1.09 ,0.10 ,
263,https://doi.org/10.1039/D0SC05743F,S20,Bo Zhi,Christy Haynes,2020/10/16,2020/12/22,Carbon Dot,0.31,0.11,0.00,0.31,0,0,0,0,0,0,0.27,0,0,0,0.00,0.00,0,0.00,0.00,0.00,F,14.10,14.10,14.10,None,Sphere,100.00 ,0,7.60,Leibovitz’s L-15 media,0,None,0,60,No,None,Oncorhynchus mykiss,RTgill-W1,No,CC,0.94 ,0.09 ,
264,https://doi.org/10.1039/D0SC05743F,S20,Bo Zhi,Christy Haynes,2020/10/16,2020/12/22,Carbon Dot,0.31,0.11,0.00,0.31,0,0,0,0,0,0,0.27,0,0,0,0.00,0.00,0,0.00,0.00,0.00,F,14.30,14.30,14.30,None,Sphere,0.00 ,0,7.60,Leibovitz’s L-15 media,0,None,0,60,No,None,Oncorhynchus mykiss,RTgill-W1,No,CC,1.00 ,0.10 ,
265,https://doi.org/10.1039/D0SC05743F,S20,Bo Zhi,Christy Haynes,2020/10/16,2020/12/22,Carbon Dot,0.31,0.11,0.00,0.31,0,0,0,0,0,0,0.27,0,0,0,0.00,0.00,0,0.00,0.00,0.00,F,14.30,14.30,14.30,None,Sphere,1.00 ,0,7.60,Leibovitz’s L-15 media,0,None,0,60,No,None,Oncorhynchus mykiss,RTgill-W1,No,CC,1.01 ,0.10 ,
266,https://doi.org/10.1039/D0SC05743F,S20,Bo Zhi,Christy Haynes,2020/10/16,2020/12/22,Carbon Dot,0.31,0.11,0.00,0.31,0,0,0,0,0,0,0.27,0,0,0,0.00,0.00,0,0.00,0.00,0.00,F,14.30,14.30,14.30,None,Sphere,10.00 ,0,7.60,Leibovitz’s L-15 media,0,None,0,60,No,None,Oncorhynchus mykiss,RTgill-W1,No,CC,0.98 ,0.10 ,
267,https://doi.org/10.1039/D0SC05743F,S20,Bo Zhi,Christy Haynes,2020/10/16,2020/12/22,Carbon Dot,0.31,0.11,0.00,0.31,0,0,0,0,0,0,0.27,0,0,0,0.00,0.00,0,0.00,0.00,0.00,F,14.30,14.30,14.30,None,Sphere,50.00 ,0,7.60,Leibovitz’s L-15 media,0,None,0,60,No,None,Oncorhynchus mykiss,RTgill-W1,No,CC,1.09 ,0.09 ,
268,https://doi.org/10.1039/D0SC05743F,S20,Bo Zhi,Christy Haynes,2020/10/16,2020/12/22,Carbon Dot,0.31,0.11,0.00,0.31,0,0,0,0,0,0,0.27,0,0,0,0.00,0.00,0,0.00,0.00,0.00,F,14.30,14.30,14.30,None,Sphere,100.00 ,0,7.60,Leibovitz’s L-15 media,0,None,0,60,No,None,Oncorhynchus mykiss,RTgill-W1,No,CC,0.90 ,0.10 ,
269,https://doi.org/10.1039/D0SC05743F,S20,Bo Zhi,Christy Haynes,2020/10/16,2020/12/22,Carbon Dot,0.31,0.11,0.00,0.31,0,0,0,0,0,0,0.27,0,0,0,0.00,0.00,0,0.00,0.00,0.00,F,13.90,13.90,13.90,None,Sphere,0.00 ,0,7.60,Leibovitz’s L-15 media,0,None,0,"1,440",No,None,Oncorhynchus mykiss,RTgill-W1,No,CC,1.00 ,0.10 ,
270,https://doi.org/10.1039/D0SC05743F,S20,Bo Zhi,Christy Haynes,2020/10/16,2020/12/22,Carbon Dot,0.31,0.11,0.00,0.31,0,0,0,0,0,0,0.27,0,0,0,0.00,0.00,0,0.00,0.00,0.00,F,13.90,13.90,13.90,None,Sphere,1.00 ,0,7.60,Leibovitz’s L-15 media,0,None,0,"1,440",No,None,Oncorhynchus mykiss,RTgill-W1,No,CC,1.06 ,0.10 ,
271,https://doi.org/10.1039/D0SC05743F,S20,Bo Zhi,Christy Haynes,2020/10/16,2020/12/22,Carbon Dot,0.31,0.11,0.00,0.31,0,0,0,0,0,0,0.27,0,0,0,0.00,0.00,0,0.00,0.00,0.00,F,13.90,13.90,13.90,None,Sphere,10.00 ,0,7.60,Leibovitz’s L-15 media,0,None,0,"1,440",No,None,Oncorhynchus mykiss,RTgill-W1,No,CC,1.00 ,0.13 ,
272,https://doi.org/10.1039/D0SC05743F,S20,Bo Zhi,Christy Haynes,2020/10/16,2020/12/22,Carbon Dot,0.31,0.11,0.00,0.31,0,0,0,0,0,0,0.27,0,0,0,0.00,0.00,0,0.00,0.00,0.00,F,13.90,13.90,13.90,None,Sphere,50.00 ,0,7.60,Leibovitz’s L-15 media,0,None,0,"1,440",No,None,Oncorhynchus mykiss,RTgill-W1,No,CC,0.98 ,0.06 ,
273,https://doi.org/10.1039/D0SC05743F,S20,Bo Zhi,Christy Haynes,2020/10/16,2020/12/22,Carbon Dot,0.31,0.11,0.00,0.31,0,0,0,0,0,0,0.27,0,0,0,0.00,0.00,0,0.00,0.00,0.00,F,13.90,13.90,13.90,None,Sphere,100.00 ,0,7.60,Leibovitz’s L-15 media,0,None,0,"1,440",No,None,Oncorhynchus mykiss,RTgill-W1,No,CC,1.02 ,0.10 ,
274,https://doi.org/10.1039/D0SC05743F,S20,Bo Zhi,Christy Haynes,2020/10/16,2020/12/22,Carbon Dot,0.31,0.11,0.00,0.31,0,0,0,0,0,0,0.27,0,0,0,0.00,0.00,0,0.00,0.00,0.00,F,14.10,14.10,14.10,None,Sphere,0.00 ,0,7.60,Leibovitz’s L-15 media,0,None,0,"1,440",No,None,Oncorhynchus mykiss,RTgill-W1,No,CC,1.00 ,0.10 ,
275,https://doi.org/10.1039/D0SC05743F,S20,Bo Zhi,Christy Haynes,2020/10/16,2020/12/22,Carbon Dot,0.31,0.11,0.00,0.31,0,0,0,0,0,0,0.27,0,0,0,0.00,0.00,0,0.00,0.00,0.00,F,14.10,14.10,14.10,None,Sphere,1.00 ,0,7.60,Leibovitz’s L-15 media,0,None,0,"1,440",No,None,Oncorhynchus mykiss,RTgill-W1,No,CC,1.02 ,0.06 ,
276,https://doi.org/10.1039/D0SC05743F,S20,Bo Zhi,Christy Haynes,2020/10/16,2020/12/22,Carbon Dot,0.31,0.11,0.00,0.31,0,0,0,0,0,0,0.27,0,0,0,0.00,0.00,0,0.00,0.00,0.00,F,14.10,14.10,14.10,None,Sphere,10.00 ,0,7.60,Leibovitz’s L-15 media,0,None,0,"1,440",No,None,Oncorhynchus mykiss,RTgill-W1,No,CC,1.02 ,0.11 ,
277,https://doi.org/10.1039/D0SC05743F,S20,Bo Zhi,Christy Haynes,2020/10/16,2020/12/22,Carbon Dot,0.31,0.11,0.00,0.31,0,0,0,0,0,0,0.27,0,0,0,0.00,0.00,0,0.00,0.00,0.00,F,14.10,14.10,14.10,None,Sphere,50.00 ,0,7.60,Leibovitz’s L-15 media,0,None,0,"1,440",No,None,Oncorhynchus mykiss,RTgill-W1,No,CC,0.93 ,0.14 ,
278,https://doi.org/10.1039/D0SC05743F,S20,Bo Zhi,Christy Haynes,2020/10/16,2020/12/22,Carbon Dot,0.31,0.11,0.00,0.31,0,0,0,0,0,0,0.27,0,0,0,0.00,0.00,0,0.00,0.00,0.00,F,14.10,14.10,14.10,None,Sphere,100.00 ,0,7.60,Leibovitz’s L-15 media,0,None,0,"1,440",No,None,Oncorhynchus mykiss,RTgill-W1,No,CC,0.91 ,0.12 ,
279,https://doi.org/10.1039/D0SC05743F,S20,Bo Zhi,Christy Haynes,2020/10/16,2020/12/22,Carbon Dot,0.31,0.11,0.00,0.31,0,0,0,0,0,0,0.27,0,0,0,0.00,0.00,0,0.00,0.00,0.00,F,14.30,14.30,14.30,None,Sphere,0.00 ,0,7.60,Leibovitz’s L-15 media,0,None,0,"1,440",No,None,Oncorhynchus mykiss,RTgill-W1,No,CC,1.00 ,0.10 ,
280,https://doi.org/10.1039/D0SC05743F,S20,Bo Zhi,Christy Haynes,2020/10/16,2020/12/22,Carbon Dot,0.31,0.11,0.00,0.31,0,0,0,0,0,0,0.27,0,0,0,0.00,0.00,0,0.00,0.00,0.00,F,14.30,14.30,14.30,None,Sphere,1.00 ,0,7.60,Leibovitz’s L-15 media,0,None,0,"1,440",No,None,Oncorhynchus mykiss,RTgill-W1,No,CC,1.04 ,0.07 ,
281,https://doi.org/10.1039/D0SC05743F,S20,Bo Zhi,Christy Haynes,2020/10/16,2020/12/22,Carbon Dot,0.31,0.11,0.00,0.31,0,0,0,0,0,0,0.27,0,0,0,0.00,0.00,0,0.00,0.00,0.00,F,14.30,14.30,14.30,None,Sphere,10.00 ,0,7.60,Leibovitz’s L-15 media,0,None,0,"1,440",No,None,Oncorhynchus mykiss,RTgill-W1,No,CC,0.95 ,0.14 ,
282,https://doi.org/10.1039/D0SC05743F,S20,Bo Zhi,Christy Haynes,2020/10/16,2020/12/22,Carbon Dot,0.31,0.11,0.00,0.31,0,0,0,0,0,0,0.27,0,0,0,0.00,0.00,0,0.00,0.00,0.00,F,14.30,14.30,14.30,None,Sphere,50.00 ,0,7.60,Leibovitz’s L-15 media,0,None,0,"1,440",No,None,Oncorhynchus mykiss,RTgill-W1,No,CC,0.88 ,0.13 ,
283,https://doi.org/10.1039/D0SC05743F,S20,Bo Zhi,Christy Haynes,2020/10/16,2020/12/22,Carbon Dot,0.31,0.11,0.00,0.31,0,0,0,0,0,0,0.27,0,0,0,0.00,0.00,0,0.00,0.00,0.00,F,14.30,14.30,14.30,None,Sphere,100.00 ,0,7.60,Leibovitz’s L-15 media,0,None,0,"1,440",No,None,Oncorhynchus mykiss,RTgill-W1,No,CC,0.75 ,0.16 ,
284,https://doi.org/10.1039/D3EN00304C,5,Blake G. Hudson,Bob Hamers,2023/5/16,2023/11/7,NC,0.00,0.00,0.00,0.00,0.00,0.00,0.25,0.20,0.05,0.00,0.50,0.00,0.00,0.00,0.00,0.00,0.00,0.00,0.00,0.00,T,26,26,26,None,irregular,0.00 ,0,7.40,MHRW,0,Washing,3,"2,880",No,None,Daphnia magna ,None,No,GBV,0.80 ,0.08 ,
285,https://doi.org/10.1039/D3EN00304C,5,Blake G. Hudson,Bob Hamers,2023/5/16,2023/11/7,NC,0.00,0.00,0.00,0.00,0.00,0.00,0.25,0.20,0.05,0.00,0.50,0.00,0.00,0.00,0.00,0.00,0.00,0.00,0.00,0.00,T,26,26,26,None,irregular,1.00 ,0,7.40,MHRW,0,Washing,3,"2,880",No,None,Daphnia magna ,None,No,GBV,1.00 ,0.00 ,
286,https://doi.org/10.1039/D3EN00304C,5,Blake G. Hudson,Bob Hamers,2023/5/16,2023/11/7,NC,0.00,0.00,0.00,0.00,0.00,0.00,0.25,0.20,0.05,0.00,0.50,0.00,0.00,0.00,0.00,0.00,0.00,0.00,0.00,0.00,T,26,26,26,None,irregular,10.00 ,0,7.40,MHRW,0,Washing,3,"2,880",No,None,Daphnia magna ,None,No,GBV,0.95 ,0.05 ,
287,https://doi.org/10.1039/D3EN00304C,5,Blake G. Hudson,Bob Hamers,2023/5/16,2023/11/7,NC,0.00,0.00,0.00,0.00,0.00,0.00,0.25,0.20,0.05,0.00,0.50,0.00,0.00,0.00,0.00,0.00,0.00,0.00,0.00,0.00,T,26,26,26,None,irregular,50.00 ,0,7.40,MHRW,0,Washing,3,"2,880",No,None,Daphnia magna ,None,No,GBV,0.55 ,0.05 ,
288,https://doi.org/10.1039/D3EN00304C,5,Blake G. Hudson,Bob Hamers,2023/5/16,2023/11/7,NC,0.00,0.00,0.00,0.00,0.00,0.00,0.25,0.20,0.05,0.00,0.50,0.00,0.00,0.00,0.00,0.00,0.00,0.00,0.00,0.00,T,26,26,26,None,irregular,100.00 ,0,7.40,MHRW,0,Washing,3,"2,880",No,None,Daphnia magna ,None,No,GBV,0.55 ,0.05 ,
289,https://doi.org/10.1039/D3EN00304C,5,Blake G. Hudson,Bob Hamers,2023/5/16,2023/11/7,NC,0.00,0.00,0.00,0.00,0.00,0.00,0.25,0.20,0.05,0.00,0.50,0.00,0.00,0.00,0.00,0.00,0.00,0.00,0.00,0.00,T,26,26,26,None,irregular,0.00 ,0,7.25,Minimal Medium,0,Washing,3,180,Yes,Negative,Shewanella oneidensis,MR-1,No,GBV,1.37 ,0.05 ,
290,https://doi.org/10.1039/D3EN00304C,5,Blake G. Hudson,Bob Hamers,2023/5/16,2023/11/7,NC,0.00,0.00,0.00,0.00,0.00,0.00,0.25,0.20,0.05,0.00,0.50,0.00,0.00,0.00,0.00,0.00,0.00,0.00,0.00,0.00,T,26,26,26,None,irregular,6.00 ,0,7.25,Minimal Medium,0,Washing,3,180,Yes,Negative,Shewanella oneidensis,MR-1,No,GBV,1.26 ,0.05 ,
291,https://doi.org/10.1039/D3EN00304C,5,Blake G. Hudson,Bob Hamers,2023/5/16,2023/11/7,NC,0.00,0.00,0.00,0.00,0.00,0.00,0.25,0.20,0.05,0.00,0.50,0.00,0.00,0.00,0.00,0.00,0.00,0.00,0.00,0.00,T,26,26,26,None,irregular,13.00 ,0,7.25,Minimal Medium,0,Washing,3,180,Yes,Negative,Shewanella oneidensis,MR-1,No,GBV,1.17 ,0.11 ,
292,https://doi.org/10.1039/D3EN00304C,5,Blake G. Hudson,Bob Hamers,2023/5/16,2023/11/7,NC,0.00,0.00,0.00,0.00,0.00,0.00,0.25,0.20,0.05,0.00,0.50,0.00,0.00,0.00,0.00,0.00,0.00,0.00,0.00,0.00,T,26,26,26,None,irregular,25.00 ,0,7.25,Minimal Medium,0,Washing,3,180,Yes,Negative,Shewanella oneidensis,MR-1,No,GBV,0.98 ,0.10 ,
293,https://doi.org/10.1039/D3EN00304C,5,Blake G. Hudson,Bob Hamers,2023/5/16,2023/11/7,NC,0.00,0.00,0.00,0.00,0.00,0.00,0.25,0.20,0.05,0.00,0.50,0.00,0.00,0.00,0.00,0.00,0.00,0.00,0.00,0.00,T,26,26,26,None,irregular,50.00 ,0,7.25,Minimal Medium,0,Washing,3,180,Yes,Negative,Shewanella oneidensis,MR-1,No,GBV,0.74 ,0.06 ,
294,https://doi.org/10.1039/D3EN00304C,5,Blake G. Hudson,Bob Hamers,2023/5/16,2023/11/7,NC,0.00,0.00,0.00,0.00,0.00,0.00,0.25,0.20,0.05,0.00,0.50,0.00,0.00,0.00,0.00,0.00,0.00,0.00,0.00,0.00,T,26,26,26,None,irregular,100.00 ,0,7.25,Minimal Medium,0,Washing,3,180,Yes,Negative,Shewanella oneidensis,MR-1,No,GBV,0.50 ,0.05 ,
295,https://doi.org/10.1039/D3EN00304C,5,Blake G. Hudson,Bob Hamers,2023/5/16,2023/11/7,NCA,0.00,0.00,0.00,0.00,0.00,0.00,0.25,0.21,0.04,0.00,0.50,0.00,0.00,0.00,0.00,0.00,0.00,0.00,0.00,0.01,T,22,22,22,5-sulfosalicylic acid,irregular,0.00 ,0,7.40,MHRW,0,Washing,3,"2,880",No,None,Daphnia magna ,None,No,GBV,0.85 ,0.05 ,
296,https://doi.org/10.1039/D3EN00304C,5,Blake G. Hudson,Bob Hamers,2023/5/16,2023/11/7,NCA,0.00,0.00,0.00,0.00,0.00,0.00,0.25,0.21,0.04,0.00,0.50,0.00,0.00,0.00,0.00,0.00,0.00,0.00,0.00,0.01,T,22,22,22,5-sulfosalicylic acid,irregular,1.00 ,0,7.40,MHRW,0,Washing,3,"2,880",No,None,Daphnia magna ,None,No,GBV,0.95 ,0.05 ,
297,https://doi.org/10.1039/D3EN00304C,5,Blake G. Hudson,Bob Hamers,2023/5/16,2023/11/7,NCA,0.00,0.00,0.00,0.00,0.00,0.00,0.25,0.21,0.04,0.00,0.50,0.00,0.00,0.00,0.00,0.00,0.00,0.00,0.00,0.01,T,22,22,22,5-sulfosalicylic acid,irregular,10.00 ,0,7.40,MHRW,0,Washing,3,"2,880",No,None,Daphnia magna ,None,No,GBV,0.95 ,0.05 ,
298,https://doi.org/10.1039/D3EN00304C,5,Blake G. Hudson,Bob Hamers,2023/5/16,2023/11/7,NCA,0.00,0.00,0.00,0.00,0.00,0.00,0.25,0.21,0.04,0.00,0.50,0.00,0.00,0.00,0.00,0.00,0.00,0.00,0.00,0.01,T,22,22,22,5-sulfosalicylic acid,irregular,50.00 ,0,7.40,MHRW,0,Washing,3,"2,880",No,None,Daphnia magna ,None,No,GBV,0.95 ,0.05 ,
299,https://doi.org/10.1039/D3EN00304C,5,Blake G. Hudson,Bob Hamers,2023/5/16,2023/11/7,NCA,0.00,0.00,0.00,0.00,0.00,0.00,0.25,0.21,0.04,0.00,0.50,0.00,0.00,0.00,0.00,0.00,0.00,0.00,0.00,0.01,T,22,22,22,5-sulfosalicylic acid,irregular,100.00 ,0,7.40,MHRW,0,Washing,3,"2,880",No,None,Daphnia magna ,None,No,GBV,0.80 ,0.10 ,
300,https://doi.org/10.1039/D3EN00304C,5,Blake G. Hudson,Bob Hamers,2023/5/16,2023/11/7,NCA,0.00,0.00,0.00,0.00,0.00,0.00,0.25,0.21,0.04,0.00,0.50,0.00,0.00,0.00,0.00,0.00,0.00,0.00,0.00,0.01,T,22,22,22,5-sulfosalicylic acid,irregular,0.00 ,0,7.25,Minimal Medium,0,Washing,3,180,Yes,Negative,Shewanella oneidensis,MR-1,No,GBV,1.37 ,0.11 ,
301,https://doi.org/10.1039/D3EN00304C,5,Blake G. Hudson,Bob Hamers,2023/5/16,2023/11/7,NCA,0.00,0.00,0.00,0.00,0.00,0.00,0.25,0.21,0.04,0.00,0.50,0.00,0.00,0.00,0.00,0.00,0.00,0.00,0.00,0.01,T,22,22,22,5-sulfosalicylic acid,irregular,6.00 ,0,7.25,Minimal Medium,0,Washing,3,180,Yes,Negative,Shewanella oneidensis,MR-1,No,GBV,1.24 ,0.05 ,
302,https://doi.org/10.1039/D3EN00304C,5,Blake G. Hudson,Bob Hamers,2023/5/16,2023/11/7,NCA,0.00,0.00,0.00,0.00,0.00,0.00,0.25,0.21,0.04,0.00,0.50,0.00,0.00,0.00,0.00,0.00,0.00,0.00,0.00,0.01,T,22,22,22,5-sulfosalicylic acid,irregular,13.00 ,0,7.25,Minimal Medium,0,Washing,3,180,Yes,Negative,Shewanella oneidensis,MR-1,No,GBV,1.07 ,0.08 ,
303,https://doi.org/10.1039/D3EN00304C,5,Blake G. Hudson,Bob Hamers,2023/5/16,2023/11/7,NCA,0.00,0.00,0.00,0.00,0.00,0.00,0.25,0.21,0.04,0.00,0.50,0.00,0.00,0.00,0.00,0.00,0.00,0.00,0.00,0.01,T,22,22,22,5-sulfosalicylic acid,irregular,25.00 ,0,7.25,Minimal Medium,0,Washing,3,180,Yes,Negative,Shewanella oneidensis,MR-1,No,GBV,0.82 ,0.08 ,
304,https://doi.org/10.1039/D3EN00304C,5,Blake G. Hudson,Bob Hamers,2023/5/16,2023/11/7,NCA,0.00,0.00,0.00,0.00,0.00,0.00,0.25,0.21,0.04,0.00,0.50,0.00,0.00,0.00,0.00,0.00,0.00,0.00,0.00,0.01,T,22,22,22,5-sulfosalicylic acid,irregular,50.00 ,0,7.25,Minimal Medium,0,Washing,3,180,Yes,Negative,Shewanella oneidensis,MR-1,No,GBV,0.53 ,0.20 ,
305,https://doi.org/10.1039/D3EN00304C,5,Blake G. Hudson,Bob Hamers,2023/5/16,2023/11/7,NCA,0.00,0.00,0.00,0.00,0.00,0.00,0.25,0.21,0.04,0.00,0.50,0.00,0.00,0.00,0.00,0.00,0.00,0.00,0.00,0.01,T,22,22,22,5-sulfosalicylic acid,irregular,100.00 ,0,7.25,Minimal Medium,0,Washing,3,180,Yes,Negative,Shewanella oneidensis,MR-1,No,GBV,0.47 ,0.28 ,
306,https://doi.org/10.1039/D3EN00382E,5a,Shreyasi Sengupta,Zeev Rosenzweig,2023/6/12,2023/10/31,InSe-EGCG nanosheets,0,0,0,0,0,0,0,0,0,0,0,0,0,0,0,0,0,0.40,0.60,0.00,T,5,200,200,EGCG,Sheet,0.00 ,0,7.40,HEPES Buffer,0,"2 C H2O,  3 C MeOH",5,60,Yes,Negative,Shewanella oneidensis,MR-1,No,GBV,1.00 ,0.00 ,
307,https://doi.org/10.1039/D3EN00382E,5a,Shreyasi Sengupta,Zeev Rosenzweig,2023/6/12,2023/10/31,InSe-EGCG nanosheets,0,0,0,0,0,0,0,0,0,0,0,0,0,0,0,0,0,0.40,0.60,0.00,T,5,200,200,EGCG,Sheet,15.63 ,0,7.40,HEPES Buffer,0,"2 C H2O,  3 C MeOH",5,60,Yes,Negative,Shewanella oneidensis,MR-1,No,GBV,0.98 ,0.02 ,
308,https://doi.org/10.1039/D3EN00382E,5a,Shreyasi Sengupta,Zeev Rosenzweig,2023/6/12,2023/10/31,InSe-EGCG nanosheets,0,0,0,0,0,0,0,0,0,0,0,0,0,0,0,0,0,0.40,0.60,0.00,T,5,200,200,EGCG,Sheet,31.25 ,0,7.40,HEPES Buffer,0,"2 C H2O,  3 C MeOH",5,60,Yes,Negative,Shewanella oneidensis,MR-1,No,GBV,0.99 ,0.04 ,
309,https://doi.org/10.1039/D3EN00382E,5a,Shreyasi Sengupta,Zeev Rosenzweig,2023/6/12,2023/10/31,InSe-EGCG nanosheets,0,0,0,0,0,0,0,0,0,0,0,0,0,0,0,0,0,0.40,0.60,0.00,T,5,200,200,EGCG,Sheet,62.50 ,0,7.40,HEPES Buffer,0,"2 C H2O,  3 C MeOH",5,60,Yes,Negative,Shewanella oneidensis,MR-1,No,GBV,0.99 ,0.03 ,
310,https://doi.org/10.1039/D3EN00382E,5a,Shreyasi Sengupta,Zeev Rosenzweig,2023/6/12,2023/10/31,InSe-EGCG nanosheets,0,0,0,0,0,0,0,0,0,0,0,0,0,0,0,0,0,0.40,0.60,0.00,T,5,200,200,EGCG,Sheet,125.00 ,0,7.40,HEPES Buffer,0,"2 C H2O,  3 C MeOH",5,60,Yes,Negative,Shewanella oneidensis,MR-1,No,GBV,1.00 ,0.06 ,
311,https://doi.org/10.1039/D3EN00382E,5a,Shreyasi Sengupta,Zeev Rosenzweig,2023/6/12,2023/10/31,InSe-EGCG nanosheets,0,0,0,0,0,0,0,0,0,0,0,0,0,0,0,0,0,0.40,0.60,0.00,T,5,200,200,EGCG,Sheet,250.00 ,0,7.40,HEPES Buffer,0,"2 C H2O,  3 C MeOH",5,60,Yes,Negative,Shewanella oneidensis,MR-1,No,GBV,1.01 ,0.04 ,
312,https://doi.org/10.1039/D3EN00382E,5a,Shreyasi Sengupta,Zeev Rosenzweig,2023/6/12,2023/10/31,InSe-EGCG nanosheets,0,0,0,0,0,0,0,0,0,0,0,0,0,0,0,0,0,0.40,0.60,0.00,T,5,200,200,EGCG,Sheet,500.00 ,0,7.40,HEPES Buffer,0,"2 C H2O,  3 C MeOH",5,60,Yes,Negative,Shewanella oneidensis,MR-1,No,GBV,0.97 ,0.04 ,
313,https://doi.org/10.1039/D3EN00382E,5a,Shreyasi Sengupta,Zeev Rosenzweig,2023/6/12,2023/10/31,InSe-EGCG nanosheets,0,0,0,0,0,0,0,0,0,0,0,0,0,0,0,0,0,0.40,0.60,0.00,T,5,200,200,EGCG,Sheet,1000.00 ,0,7.40,HEPES Buffer,0,"2 C H2O,  3 C MeOH",5,60,Yes,Negative,Shewanella oneidensis,MR-1,No,GBV,0.92 ,0.06 ,
314,https://doi.org/10.1039/D3EN00382E,5a,Shreyasi Sengupta,Zeev Rosenzweig,2023/6/12,2023/10/31,InSe-EGCG nanoparticle,0,0,0,0,0,0,0,0,0,0,0,0,0,0,0,0,0,0.40,0.60,0.00,T,5,5,5,EGCG,Sphere,0.00 ,0,7.40,HEPES Buffer,0,"2 C H2O,  3 C MeOH",5,60,Yes,Negative,Shewanella oneidensis,MR-1,No,GBV,1.00 ,0.00 ,
315,https://doi.org/10.1039/D3EN00382E,5a,Shreyasi Sengupta,Zeev Rosenzweig,2023/6/12,2023/10/31,InSe-EGCG nanoparticle,0,0,0,0,0,0,0,0,0,0,0,0,0,0,0,0,0,0.40,0.60,0.00,T,5,5,5,EGCG,Sphere,15.63 ,0,7.40,HEPES Buffer,0,"2 C H2O,  3 C MeOH",5,60,Yes,Negative,Shewanella oneidensis,MR-1,No,GBV,0.98 ,0.05 ,
316,https://doi.org/10.1039/D3EN00382E,5a,Shreyasi Sengupta,Zeev Rosenzweig,2023/6/12,2023/10/31,InSe-EGCG nanoparticle,0,0,0,0,0,0,0,0,0,0,0,0,0,0,0,0,0,0.40,0.60,0.00,T,5,5,5,EGCG,Sphere,31.25 ,0,7.40,HEPES Buffer,0,"2 C H2O,  3 C MeOH",5,60,Yes,Negative,Shewanella oneidensis,MR-1,No,GBV,0.97 ,0.03 ,
317,https://doi.org/10.1039/D3EN00382E,5a,Shreyasi Sengupta,Zeev Rosenzweig,2023/6/12,2023/10/31,InSe-EGCG nanoparticle,0,0,0,0,0,0,0,0,0,0,0,0,0,0,0,0,0,0.40,0.60,0.00,T,5,5,5,EGCG,Sphere,62.50 ,0,7.40,HEPES Buffer,0,"2 C H2O,  3 C MeOH",5,60,Yes,Negative,Shewanella oneidensis,MR-1,No,GBV,1.01 ,0.02 ,
318,https://doi.org/10.1039/D3EN00382E,5a,Shreyasi Sengupta,Zeev Rosenzweig,2023/6/12,2023/10/31,InSe-EGCG nanoparticle,0,0,0,0,0,0,0,0,0,0,0,0,0,0,0,0,0,0.40,0.60,0.00,T,5,5,5,EGCG,Sphere,125.00 ,0,7.40,HEPES Buffer,0,"2 C H2O,  3 C MeOH",5,60,Yes,Negative,Shewanella oneidensis,MR-1,No,GBV,1.00 ,0.04 ,
319,https://doi.org/10.1039/D3EN00382E,5a,Shreyasi Sengupta,Zeev Rosenzweig,2023/6/12,2023/10/31,InSe-EGCG nanoparticle,0,0,0,0,0,0,0,0,0,0,0,0,0,0,0,0,0,0.40,0.60,0.00,T,5,5,5,EGCG,Sphere,250.00 ,0,7.40,HEPES Buffer,0,"2 C H2O,  3 C MeOH",5,60,Yes,Negative,Shewanella oneidensis,MR-1,No,GBV,0.96 ,0.09 ,
320,https://doi.org/10.1039/D3EN00382E,5a,Shreyasi Sengupta,Zeev Rosenzweig,2023/6/12,2023/10/31,InSe-EGCG nanoparticle,0,0,0,0,0,0,0,0,0,0,0,0,0,0,0,0,0,0.40,0.60,0.00,T,5,5,5,EGCG,Sphere,500.00 ,0,7.40,HEPES Buffer,0,"2 C H2O,  3 C MeOH",5,60,Yes,Negative,Shewanella oneidensis,MR-1,No,GBV,0.93 ,0.11 ,
321,https://doi.org/10.1039/D3EN00382E,5a,Shreyasi Sengupta,Zeev Rosenzweig,2023/6/12,2023/10/31,InSe-EGCG nanoparticle,0,0,0,0,0,0,0,0,0,0,0,0,0,0,0,0,0,0.40,0.60,0.00,T,5,5,5,EGCG,Sphere,1000.00 ,0,7.40,HEPES Buffer,0,"2 C H2O,  3 C MeOH",5,60,Yes,Negative,Shewanella oneidensis,MR-1,No,GBV,0.93 ,0.07 ,
